#
# There is insufficient memory for the Java Runtime Environment to continue.
# Native memory allocation (malloc) failed to allocate 5992 bytes. Error detail: AllocateHeap
# Possible reasons:
#   The system is out of physical RAM or swap space
#   This process is running with CompressedOops enabled, and the Java Heap may be blocking the growth of the native heap
# Possible solutions:
#   Reduce memory load on the system
#   Increase physical memory or swap space
#   Check if swap backing store is full
#   Decrease Java heap size (-Xmx/-Xms)
#   Decrease number of Java threads
#   Decrease Java thread stack sizes (-Xss)
#   Set larger code cache with -XX:ReservedCodeCacheSize=
#   JVM is running with Unscaled Compressed Oops mode in which the Java heap is
#     placed in the first 4GB address space. The Java Heap base address is the
#     maximum limit for the native heap growth. Please use -XX:HeapBaseMinAddress
#     to set the Java Heap base and to place the Java Heap above 4GB virtual address.
# This output file may be truncated or incomplete.
#
#  Out of Memory Error (allocation.cpp:44), pid=16100, tid=9980
#
# JRE version: OpenJDK Runtime Environment Microsoft-11926163 (17.0.16+8) (build 17.0.16+8-LTS)
# Java VM: OpenJDK 64-Bit Server VM Microsoft-11926163 (17.0.16+8-LTS, mixed mode, sharing, tiered, compressed oops, compressed class ptrs, g1 gc, windows-amd64)
# No core dump will be written. Minidumps are not enabled by default on client versions of Windows
#

---------------  S U M M A R Y ------------

Command Line: -Xmx64m -Xms64m -Dorg.gradle.appname=gradlew D:\FoodBook\android\\gradle\wrapper\gradle-wrapper.jar app:installDebug -PreactNativeDevServerPort=8081

Host: AMD Ryzen 7 5800HS with Radeon Graphics        , 16 cores, 15G,  Windows 11 , 64 bit Build 26100 (10.0.26100.7705)
Time: Tue Feb  3 00:32:18 2026 India Standard Time elapsed time: 364.238740 seconds (0d 0h 6m 4s)

---------------  T H R E A D  ---------------

Current thread (0x00000288ead4c5b0):  JavaThread "pool-1-thread-1" [_thread_in_Java, id=9980, stack(0x000000a26a600000,0x000000a26a700000)]

Stack: [0x000000a26a600000,0x000000a26a700000]
Native frames: (J=compiled Java code, j=interpreted, Vv=VM code, C=native code)
V  [jvm.dll+0x68ee19]
V  [jvm.dll+0x846249]
V  [jvm.dll+0x847fb8]
V  [jvm.dll+0x848643]
V  [jvm.dll+0x24cf6f]
V  [jvm.dll+0xa93f7]
V  [jvm.dll+0x83daef]
V  [jvm.dll+0x25a322]
V  [jvm.dll+0x25d4bc]
C  0x0000028898f8692b

The last pc belongs to UncommonTrapBlob (printed below).
Java frames: (J=compiled Java code, j=interpreted, Vv=VM code)
v  ~UncommonTrapBlob
J 2487 c2 org.gradle.internal.logging.console.BuildStatusRenderer.onOutput(Lorg/gradle/internal/logging/events/OutputEvent;)V (350 bytes) @ 0x00000288997e4530 [0x00000288997e0a40+0x0000000000003af0]
J 2301 c2 org.gradle.internal.logging.console.ThrottlingOutputEventListener.onOutput(Lorg/gradle/internal/logging/events/OutputEvent;)V (85 bytes) @ 0x000002889975cf38 [0x000002889975cba0+0x0000000000000398]
J 1999 c1 org.gradle.internal.logging.console.ThrottlingOutputEventListener$1.run()V (42 bytes) @ 0x0000028891ea8e4c [0x0000028891ea8c00+0x000000000000024c]
J 1998 c1 java.util.concurrent.Executors$RunnableAdapter.call()Ljava/lang/Object; java.base@17.0.16 (14 bytes) @ 0x0000028891ea87cc [0x0000028891ea86c0+0x000000000000010c]
J 1997 c1 java.util.concurrent.FutureTask.runAndReset()Z java.base@17.0.16 (125 bytes) @ 0x0000028891ea6fac [0x0000028891ea6740+0x000000000000086c]
J 1996 c1 java.util.concurrent.ScheduledThreadPoolExecutor$ScheduledFutureTask.run()V java.base@17.0.16 (57 bytes) @ 0x0000028891ea5fec [0x0000028891ea5e20+0x00000000000001cc]
j  java.util.concurrent.ThreadPoolExecutor.runWorker(Ljava/util/concurrent/ThreadPoolExecutor$Worker;)V+92 java.base@17.0.16
j  java.util.concurrent.ThreadPoolExecutor$Worker.run()V+5 java.base@17.0.16
j  java.lang.Thread.run()V+11 java.base@17.0.16
v  ~StubRoutines::call_stub
--------------------------------------------------------------------------------
Decoding CodeBlob, name: UncommonTrapBlob, at  [0x0000028898f86900, 0x0000028898f86a08]  264 bytes
[MachCode]
  0x0000028898f86900: 4883 ec28 | 4889 6c24 | 208b d2c5 | f877 4989 | a798 0200 | 0049 8bcf | 41b8 0200 | 0000 49ba 
  0x0000028898f86920: 90d4 22fa | f87f 0000 | 41ff d249 | c787 9802 | 0000 0000 | 0000 49c7 | 87a0 0200 | 0000 0000 
  0x0000028898f86940: 00c5 f877 | 488b f848 | 83c4 288b | 0f48 03e1 | 488b 6f30 | 488b 4f18 | 4883 c408 | 488b 7710 
  0x0000028898f86960: 8b57 084c | 8bc4 8b5f | 0448 2be3 | 488b 1e48 | 83eb 1048 | ff31 5548 | 8bec 482b | e34c 8945 
  0x0000028898f86980: f848 c745 | f000 0000 | 004c 8bc4 | 4883 c608 | 4883 c108 | ffca 75d4 | 48ff 3155 | 488b ec48 
  0x0000028898f869a0: 83ec 20c5 | f877 4989 | afa8 0200 | 0049 baa3 | 69f8 9888 | 0200 004d | 8997 a002 | 0000 4989 
  0x0000028898f869c0: a798 0200 | 0048 83e4 | f049 8bcf | ba02 0000 | 0049 ba30 | e322 faf8 | 7f00 0041 | ffd2 49c7 
  0x0000028898f869e0: 8798 0200 | 0000 0000 | 0049 c787 | a802 0000 | 0000 0000 | 49c7 87a0 | 0200 0000 | 0000 00c5 
  0x0000028898f86a00: f877 c9c3 | f4f4 f4f4 
[/MachCode]
--------------------------------------------------------------------------------


Compiled method (c2)  364969 2487       4       org.gradle.internal.logging.console.BuildStatusRenderer::onOutput (350 bytes)
 total in heap  [0x00000288997e0190,0x00000288997ed6e8] = 54616
 relocation     [0x00000288997e02f0,0x00000288997e0a18] = 1832
 constants      [0x00000288997e0a20,0x00000288997e0a40] = 32
 main code      [0x00000288997e0a40,0x00000288997e85a0] = 31584
 stub code      [0x00000288997e85a0,0x00000288997e8968] = 968
 oops           [0x00000288997e8968,0x00000288997e89f8] = 144
 metadata       [0x00000288997e89f8,0x00000288997e8fa8] = 1456
 scopes data    [0x00000288997e8fa8,0x00000288997eb728] = 10112
 scopes pcs     [0x00000288997eb728,0x00000288997eca78] = 4944
 dependencies   [0x00000288997eca78,0x00000288997ecb50] = 216
 handler table  [0x00000288997ecb50,0x00000288997ed450] = 2304
 nul chk table  [0x00000288997ed450,0x00000288997ed6e8] = 664


[Constant Pool]
             Address          hex4                    hex8      
  0x00000288997e0a20:   0x00000000      0x4059000000000000      
  0x00000288997e0a24:   0x40590000                              
  0x00000288997e0a28:   0xf4f4f4f4      0xf4f4f4f4f4f4f4f4      
  0x00000288997e0a2c:   0xf4f4f4f4                              
  0x00000288997e0a30:   0xf4f4f4f4      0xf4f4f4f4f4f4f4f4      
  0x00000288997e0a34:   0xf4f4f4f4                              
  0x00000288997e0a38:   0xf4f4f4f4      0xf4f4f4f4f4f4f4f4      
  0x00000288997e0a3c:   0xf4f4f4f4                              

[MachCode]
[Entry Point]
  # {method} {0x00000288e6601ef8} 'onOutput' '(Lorg/gradle/internal/logging/events/OutputEvent;)V' in 'org/gradle/internal/logging/console/BuildStatusRenderer'
  # this:     rdx:rdx   = 'org/gradle/internal/logging/console/BuildStatusRenderer'
  # parm0:    r8:r8     = 'org/gradle/internal/logging/events/OutputEvent'
  #           [sp+0xe0]  (sp of caller)
  0x00000288997e0a40: ;   {no_reloc}
  0x00000288997e0a40: 448b 5208 | 49bb 0000 | 00a5 8802 | 0000 4d03 | d349 3bc2 

  0x00000288997e0a54: ;   {runtime_call ic_miss_stub}
  0x00000288997e0a54: 0f85 2606 | 7aff 6690 | 0f1f 4000 
[Verified Entry Point]
  0x00000288997e0a60: e91b 007a | ffff ff55 | 4881 ecd0 | 0000 004c | 8bd2 4d8b | f041 8b58 | 0848 8bf2 | 8b4a 384d 
  0x00000288997e0a80: 8b97 9002 | 0000 4d8b | 124c 8954 

  0x00000288997e0a8c: ;   {metadata('org/gradle/internal/logging/events/ProgressStartEvent')}
  0x00000288997e0a8c: 2468 81fb | 3890 0101 | 0f85 842c 

  0x00000288997e0a98: ;   {metadata('org/gradle/internal/logging/events/ProgressStartEvent')}
  0x00000288997e0a98: 0000 81fb | 3890 0101 | 0f85 e26e | 0000 498b | f844 0fb6 | 5720 4585 | d274 6a4c | 8b52 184d 
  0x00000288997e0ab8: 85d2 0f84 | c45b 0000 | 448b 5f3c 

  0x00000288997e0ac4: ;   {oop(a 'org/gradle/internal/operations/BuildOperationCategory'{0x00000000fe46abb8})}
  0x00000288997e0ac4: 4181 fbb8 | ab46 fe0f | 84ae 4000 

  0x00000288997e0ad0: ;   {oop(a 'org/gradle/internal/operations/BuildOperationCategory'{0x00000000fe46aba0})}
  0x00000288997e0ad0: 0041 81fb | a0ab 46fe | 0f84 265c | 0000 448b | 5234 448b | 4724 4d8b 

  0x00000288997e0ae8: ;   {oop(a 'org/gradle/internal/operations/BuildOperationCategory'{0x00000000fe46ab88})}
  0x00000288997e0ae8: c841 81fb | 88ab 46fe | 0f84 5037 

  0x00000288997e0af4: ;   {oop(a 'org/gradle/internal/operations/BuildOperationCategory'{0x00000000fe46ab70})}
  0x00000288997e0af4: 0000 4181 | fb70 ab46 | fe0f 8440 

  0x00000288997e0b00: ;   {oop(a 'org/gradle/internal/operations/BuildOperationCategory'{0x00000000fe46ab58})}
  0x00000288997e0b00: 4000 0041 | 81fb 58ab | 46fe 0f84 | e43a 0000 

  0x00000288997e0b10: ; implicit exception: dispatches to 0x00000288997e7c2c
  0x00000288997e0b10: 410f b653 | 1585 d20f | 8504 3400 | 0044 8b56 | 2045 8b42 

  0x00000288997e0b24: ;   {metadata('org/gradle/internal/logging/console/WorkInProgressRenderer')}
  0x00000288997e0b24: 0841 81f8 | 78de 0a01 | 0f85 6a51 | 0000 4d8b | ca45 8b51 | 2045 8b5a 

  0x00000288997e0b3c: ;   {metadata('java/util/ArrayList')}
  0x00000288997e0b3c: 0841 81fb | 20df 0000 | 0f85 6e51 | 0000 4d8b | ea41 8b4d | 1441 ff45 | 0c44 8b41 | 0c45 8b5d 
  0x00000288997e0b5c: 1048 8be9 | 458b d341 | ffc2 453b | d80f 8429 | 2d00 0045 | 3bd8 0f83 | e850 0000 

  0x00000288997e0b78: ;   {metadata('java/lang/Object'[])}
  0x00000288997e0b78: 8b4d 0881 | f928 1500 | 000f 8555 | 5100 004a | 8d7c 9d10 | 4180 7f38 | 000f 859c | 3a00 004c 
  0x00000288997e0b98: 8bc7 4d8b | de44 891f | 4d8b de4d | 33d8 49c1 | eb14 4d85 | db74 1a49 | c1e8 0948 | b900 0063 
  0x00000288997e0bb8: 8788 0200 | 0049 03c8 | 8039 040f | 859c 3a00 | 0045 8955 

  0x00000288997e0bcc: ;   {metadata('org/gradle/internal/logging/events/UpdateNowEvent')}
  0x00000288997e0bcc: 1081 fbe8 | f70a 010f | 8511 2c00 | 004c 894c | 2430 895c | 2428 4889 | 7424 2049 | 8bee 498b 
  0x00000288997e0bec: d166 6690 

  0x00000288997e0bf0: ;   {optimized virtual_call}
  0x00000288997e0bf0: c5f8 77e8 

  0x00000288997e0bf4: ; ImmutableOopMap {rbp=Oop [32]=Oop [48]=Oop [104]=Oop }
                      ;*invokespecial renderNow {reexecute=0 rethrow=0 return_oop=0}
                      ; - org.gradle.internal.logging.console.WorkInProgressRenderer::onOutput@19 (line 71)
                      ; - org.gradle.internal.logging.console.BuildStatusRenderer::onOutput@293 (line 111)
  0x00000288997e0bf4: 28b1 fcff | 4c8b f548 | 8b74 2420 | 8b5c 2428 | 4c8b 4c24 | 3045 8b51 | 0c45 8b42 

  0x00000288997e0c10: ;   {metadata('org/gradle/internal/logging/console/BuildLogLevelFilterRenderer')}
  0x00000288997e0c10: 0841 81f8 | a0e0 0a01 | 0f85 ea50 | 0000 895c | 2420 4889 | 7424 384c | 8974 2430 | 498b ea49 
  0x00000288997e0c30: 8bd6 4c89 | 7424 2866 | 6690 c5f8 | 7748 b8ff | ffff ffff 

  0x00000288997e0c44: ;   {virtual_call}
  0x00000288997e0c44: ffff ffe8 

  0x00000288997e0c48: ; ImmutableOopMap {rbp=Oop [40]=Oop [48]=Oop [56]=Oop [104]=Oop }
                      ;*invokevirtual getLogLevel {reexecute=0 rethrow=0 return_oop=1}
                      ; - org.gradle.internal.logging.console.BuildLogLevelFilterRenderer::onOutput@1 (line 34)
                      ; - org.gradle.internal.logging.console.WorkInProgressRenderer::onOutput@47 (line 76)
                      ; - org.gradle.internal.logging.console.BuildStatusRenderer::onOutput@293 (line 111)
  0x00000288997e0c48: 9cec 84ff | 4885 c074 | 2c48 8b54 | 2428 c5f8 | 7748 b8ff | ffff ffff 

  0x00000288997e0c60: ;   {virtual_call}
  0x00000288997e0c60: ffff ffe8 

  0x00000288997e0c64: ; ImmutableOopMap {rbp=Oop [40]=Oop [48]=Oop [56]=Oop [104]=Oop }
                      ;*invokevirtual getLogLevel {reexecute=0 rethrow=0 return_oop=1}
                      ; - org.gradle.internal.logging.console.BuildLogLevelFilterRenderer::onOutput@8 (line 34)
                      ; - org.gradle.internal.logging.console.WorkInProgressRenderer::onOutput@47 (line 76)
                      ; - org.gradle.internal.logging.console.BuildStatusRenderer::onOutput@293 (line 111)
  0x00000288997e0c64: 80ec 84ff | 448b 5510 

  0x00000288997e0c6c: ; implicit exception: dispatches to 0x00000288997e7c3c
  0x00000288997e0c6c: 448b 400c 

  0x00000288997e0c70: ; implicit exception: dispatches to 0x00000288997e7c4c
  0x00000288997e0c70: 452b 420c | 4585 c00f | 8ca3 5a00 | 0044 8b44 

  0x00000288997e0c80: ;   {metadata('org/gradle/internal/logging/events/LogLevelChangeEvent')}
  0x00000288997e0c80: 2420 4181 | f8f8 3801 | 010f 84fd | 4f00 0044 | 8b55 0c45 

  0x00000288997e0c94: ;   {metadata('org/gradle/internal/logging/sink/GroupingProgressLogEventGenerator')}
  0x00000288997e0c94: 8b4a 0841 | 81f9 c8e2 | 0a01 0f85 | 8050 0000 | 4d8b ca45 

  0x00000288997e0ca8: ;   {metadata('org/gradle/internal/logging/events/ProgressStartEvent')}
  0x00000288997e0ca8: 8b59 2041 | 81f8 3890 | 0101 0f85 | 582b 0000 | 488b 5c24 | 288b 4b3c 

  0x00000288997e0cc0: ; implicit exception: dispatches to 0x00000288997e7a70
  0x00000288997e0cc0: 440f b651 | 1489 4c24 | 2444 895c | 2420 4c89 | 4c24 4044 | 8944 242c | 8b6b 2844 | 0fb6 4320 
  0x00000288997e0ce0: 448b 4b24 | 4489 4c24 | 5048 895c | 2448 4d8b | d94c 895c | 2458 4585 | c074 0c45 | 85d2 0f85 
  0x00000288997e0d00: e02e 0000 | 4533 d249 | 8bbf 0801 | 0000 4c8b | df49 83c3 | 184d 3b9f | 1801 0000 | 0f83 5b43 
  0x00000288997e0d20: 0000 4d89 | 9f08 0100 | 0041 0f18 | 8300 0100 | 0048 c707 | 0100 0000 

  0x00000288997e0d38: ;   {metadata('org/gradle/internal/logging/sink/GroupingProgressLogEventGenerator$OperationState')}
  0x00000288997e0d38: c747 0850 | 9612 0144 | 8967 0c4c | 8967 1089 | 6f0c 448b | 4424 5044 | 8947 1044 | 8b5c 2420 
  0x00000288997e0d58: ; implicit exception: dispatches to 0x00000288997e7c14
  0x00000288997e0d58: 418b 4b08 

  0x00000288997e0d5c: ;   {metadata('java/util/LinkedHashMap')}
  0x00000288997e0d5c: 81f9 b04f | 0b00 0f85 | 4c52 0000 | 4585 c00f | 84ca 3d00 | 004d 8b40 | 104d 8bc8 | 49c1 e920 
  0x00000288997e0d7c: 4d33 c845 | 8bc9 458b | c141 c1e8 | 1045 33c1 | 418b ea49 | 8bd3 4c8b | 4c24 5833 | f6b9 0100 
  0x00000288997e0d9c: 0000 6690 

  0x00000288997e0da0: ;   {optimized virtual_call}
  0x00000288997e0da0: c5f8 77e8 

  0x00000288997e0da4: ; ImmutableOopMap {[48]=Oop [56]=Oop [64]=Oop [72]=Oop [104]=Oop }
                      ;*invokevirtual putVal {reexecute=0 rethrow=0 return_oop=1}
                      ; - java.util.HashMap::put@9 (line 610)
                      ; - org.gradle.internal.logging.sink.GroupingProgressLogEventGenerator::onStart@84 (line 93)
                      ; - org.gradle.internal.logging.sink.GroupingProgressLogEventGenerator::onOutput@12 (line 72)
                      ; - org.gradle.internal.logging.console.BuildLogLevelFilterRenderer::onOutput@47 (line 41)
                      ; - org.gradle.internal.logging.console.WorkInProgressRenderer::onOutput@47 (line 76)
                      ; - org.gradle.internal.logging.console.BuildStatusRenderer::onOutput@293 (line 111)
  0x00000288997e0da4: b889 feff | 85ed 7577 | 4c8b 5424 | 4845 8b5a | 3045 85db 

  0x00000288997e0db8: ;   {metadata('java/util/Collection')}
  0x00000288997e0db8: 7469 48b8 | f00f 07a5 | 8802 0000 

  0x00000288997e0dc4: ;   {metadata('java/lang/String')}
  0x00000288997e0dc4: 48be f0e9 | 00a5 8802 | 0000 4c8b | 4620 4c3b | c00f 8475 | 5200 0048 | 8b7e 288b | 0f48 83c7 
  0x00000288997e0de4: 0848 85c0 | f248 af0f | 8504 0000 | 0048 8946 | 200f 8455 | 5200 0045 | 8b43 1445 | 8b48 0c41 
  0x00000288997e0e04: 0fbe 4b10 | 41d3 f941 | bb01 0000 | 0033 c945 | 85c9 440f | 4ed9 4585 | db0f 85cf | 5c00 0041 
  0x00000288997e0e24: b901 0000 | 0048 bb00 | 0063 8788 | 0200 0044 | 8b44 242c 

  0x00000288997e0e38: ;   {metadata('org/gradle/internal/logging/events/UpdateNowEvent')}
  0x00000288997e0e38: 4181 f8e8 | f70a 010f | 8527 2a00 | 004c 8b5c | 2430 488b | 7c24 3844 | 8b57 3c49 | 8b4b 1048 
  0x00000288997e0e58: 894f 1045 | 85d2 0f84 | 5c55 0000 | 482b 4f18 | 453b 6220 | 0f84 e04e | 0000 498b | 8708 0100 
  0x00000288997e0e78: 0044 8b47 | 2448 8bf0 | 4883 c618 | 440f b65f | 0c49 8bd2 | 493b b718 | 0100 000f | 8370 4000 
  0x00000288997e0e98: 0049 89b7 | 0801 0000 | 0f18 8600 | 0100 0048 | c700 0100 

  0x00000288997e0eac: ;   {metadata('java/lang/StringBuilder')}
  0x00000288997e0eac: 0000 c740 | 08f0 f400 | 0044 8960 | 0c4c 8960 | 1048 897c | 2428 4489 | 4c24 2048 | 895c 2430 
  0x00000288997e0ecc: 4489 5424 | 3848 8be9 | 4489 4424 | 3c44 895c | 244c 4889 | 5424 4048 | 8944 2470 | 488b d041 
  0x00000288997e0eec: b810 0000 | 0066 6690 

  0x00000288997e0ef4: ;   {optimized virtual_call}
  0x00000288997e0ef4: c5f8 77e8 

  0x00000288997e0ef8: ; ImmutableOopMap {[40]=Oop [56]=NarrowOop [60]=NarrowOop [64]=Oop [104]=Oop [112]=Oop }
                      ;*invokespecial <init> {reexecute=0 rethrow=0 return_oop=0}
                      ; - java.lang.StringBuilder::<init>@3 (line 106)
                      ; - org.gradle.internal.time.TimeFormatting::formatDurationTerse@4 (line 45)
                      ; - org.gradle.internal.logging.format.TersePrettyDurationFormatter::format@1 (line 25)
                      ; - org.gradle.internal.logging.console.ProgressBar::formatProgress@5 (line 89)
                      ; - org.gradle.internal.logging.console.BuildStatusRenderer::renderNow@25 (line 123)
                      ; - org.gradle.internal.logging.console.BuildStatusRenderer::onOutput@321 (line 115)
  0x00000288997e0ef8: c47e f0ff | 4c8b d548 | 81fd 80ee | 3600 0f8d | d054 0000 | 4889 6c24 | 5049 c1fa | 3f4c 8954 
  0x00000288997e0f18: 2458 4881 | fd60 ea00 | 000f 8c2d | 0300 0048 | b865 e5e6 | 7d58 be90 | 4a48 f7ed | 48c1 fa14 
  0x00000288997e0f38: 482b 5424 | 584c 69da | 80ee 3600 | 4c8b d54d | 2bd3 48b8 | 0f77 08f6 | 72b2 e745 | 49f7 ea49 
  0x00000288997e0f58: c1fa 3f48 | c1fa 0e4c | 8bda 4d2b | da4c 895c | 2460 4533 | c04d 3bd8 | bdff ffff | ff7c 0840 
  0x00000288997e0f78: 0f95 c540 | 0fb6 ed89 | 6c24 784d | 85db 0f8e | f057 0000 | 4c2b d24c | 8994 2480 | 0000 004c 
  0x00000288997e0f98: 8b54 2470 | 418b 6a14 | 896c 247c | 4c8b 9424 | 8000 0000 | 4983 faf6 | 0f8f 6001 | 0000 4983 
  0x00000288997e0fb8: fa9c 0f8f | 4b01 0000 | 4981 fa18 | fcff ff0f | 8f31 0100 | 0049 81fa | f0d8 ffff | 0f8f 1401 
  0x00000288997e0fd8: 0000 4981 | fa60 79fe | ff0f 8ff3 | 0000 0049 | 81fa c0bd | f0ff 0f8f | d100 0000 | 4981 fa80 
  0x00000288997e0ff8: 6967 ff0f | 8fb3 0000 | 0049 81fa | 001f 0afa | 0f8f 9e00 | 0000 4981 | fa00 3665 | c40f 8f89 
  0x00000288997e1018: 0000 0049 | bb00 1cf4 | abfd ffff | ff4d 3bd3 | 7f72 49bb | 0018 89b7 | e8ff ffff | 4d3b d37f 
  0x00000288997e1038: 5349 bb00 | f05a 2b17 | ffff ff4d | 3bd3 7f39 | 49bb 0060 | 8db1 e7f6 | ffff 4d3b | d37f 1f49 
  0x00000288997e1058: bb00 c085 | ef0c a5ff | ff4d 3bd3 | 7f08 41ba | 0b00 0000 | eb4c 41bb | 0b00 0000 | eb58 41bb 
  0x00000288997e1078: 0b00 0000 | 458b d3eb | 5f41 ba0b | 0000 0045 | 8bda eb68 | 41ba 0b00 | 0000 4489 | 5424 24e9 
  0x00000288997e1098: 8300 0000 | 41bb 0700 | 0000 eb2a | 41ba 0700 | 0000 eb34 | 41bb 0700 | 0000 eb40 | 41ba 0300 
  0x00000288997e10b8: 0000 4183 | c204 4489 | 5424 24eb | 5a41 ba03 | 0000 0045 | 8bda 458b | d341 83c2 | 0245 8bda 
  0x00000288997e10d8: eb1a 41ba | 0300 0000 | 458b da41 | 83c3 0244 | 895c 2424 | eb31 41bb | 0300 0000 | 41ff c344 
  0x00000288997e10f8: 895c 2424 | eb21 41bb | 0300 0000 | 4489 5c24 | 24eb 14bd | 0200 0000 | 896c 2424 | eb09 bd01 
  0x00000288997e1118: 0000 0089 | 6c24 248b | 6c24 7c44 | 8b45 0c4c | 8b54 2470 | 410f be4a | 1045 8b52 | 0c44 8994 
  0x00000288997e1138: 2488 0000 | 0045 8bc8 | 41d3 f944 | 8b54 2424 | 4403 9424 | 8800 0000 | 4489 9424 | 8c00 0000 
  0x00000288997e1158: 458b da45 | 2bd9 4585 | db0f 8f1e | 2400 0085 | c90f 8535 | 5600 004c | 8b54 2470 | 458b 4a14 
  0x00000288997e1178: 4c8b 5424 | 604d 85d2 | 0f8c 3a57 | 0000 4c8b | 9424 8000 | 0000 4981 | fa00 0000 | 800f 8e8d 
  0x00000288997e1198: 5700 0041 | 8bca 83f9 | 9c0f 8efd | 5700 0044 | 8b9c 248c | 0000 0041 | ffcb 8bd9 | c1fb 1f4c 
  0x00000288997e11b8: 63d1 4d69 | d267 6666 | 6649 c1fa | 2245 8bd2 | 442b d345 | 8bc2 41c1 | e003 418b | dad1 e341 
  0x00000288997e11d8: 03d8 2bd9 | 83c3 300f | becb 458b | 410c 453b | d80f 8305 | 4e00 004c | 635c 2424 | 4863 8c24 
  0x00000288997e11f8: 8800 0000 | 4c03 d943 | 885c 190f | 4585 d27d | 2341 bb30 | 0000 0045 | 2bda 448b | 9424 8c00 
  0x00000288997e1218: 0000 4183 | c2fe 453b | d00f 83dd | 5700 0047 | 885c 1110 | 4c8b 5424 | 7044 8b9c | 248c 0000 
  0x00000288997e1238: 0045 895a 

  0x00000288997e123c: ;   {oop("m "{0x00000000fe457910})}
  0x00000288997e123c: 0c49 b810 | 7945 fe00 | 0000 0049 | 8bd2 6690 

  0x00000288997e124c: ;   {optimized virtual_call}
  0x00000288997e124c: c5f8 77e8 

  0x00000288997e1250: ; ImmutableOopMap {[40]=Oop [56]=NarrowOop [60]=NarrowOop [64]=Oop [104]=Oop [112]=Oop }
                      ;*invokespecial append {reexecute=0 rethrow=0 return_oop=1}
                      ; - java.lang.StringBuilder::append@2 (line 179)
                      ; - org.gradle.internal.time.TimeFormatting::formatDurationTerse@62 (line 52)
                      ; - org.gradle.internal.logging.format.TersePrettyDurationFormatter::format@1 (line 25)
                      ; - org.gradle.internal.logging.console.ProgressBar::formatProgress@5 (line 89)
                      ; - org.gradle.internal.logging.console.BuildStatusRenderer::renderNow@25 (line 123)
                      ; - org.gradle.internal.logging.console.BuildStatusRenderer::onOutput@321 (line 115)
  0x00000288997e1250: 8ce6 f5ff | 4c8b 5424 | 5049 81fa | e803 0000 | 0f8c da4f | 0000 48b8 | 0f77 08f6 | 72b2 e745 
  0x00000288997e1270: 49f7 ea48 | c1fa 0e48 | 2b54 2458 | 4c69 d260 | ea00 004c | 8b5c 2450 | 4d2b da48 | b8cf f753 
  0x00000288997e1290: e3a5 9bc4 | 2049 f7eb | 49c1 fb3f | 48c1 fa07 | 4c8b d24d | 2bd3 4c89 | 5424 504d | 85d2 0f8e 
  0x00000288997e12b0: dc02 0000 | 4c8b 5424 | 7045 8b52 | 1444 8954 | 2478 4c2b | da4c 895c | 2458 4983 | fbf6 0f8f 
  0x00000288997e12d0: a001 0000 | 4983 fb9c | 0f8f 8b01 | 0000 4981 | fb18 fcff | ff0f 8f71 | 0100 0049 | 81fb f0d8 
  0x00000288997e12f0: ffff 0f8f | 4e01 0000 | 4981 fb60 | 79fe ff0f | 8f27 0100 | 0049 81fb | c0bd f0ff | 0f8f 0b01 
  0x00000288997e1310: 0000 4981 | fb80 6967 | ff0f 8fed | 0000 0049 | 81fb 001f | 0afa 0f8f | d400 0000 | 4981 fb00 
  0x00000288997e1330: 3665 c40f | 8fb8 0000 | 0049 ba00 | 1cf4 abfd | ffff ff4d | 3bda 0f8f | 9d00 0000 | 49ba 0018 
  0x00000288997e1350: 89b7 e8ff | ffff 4d3b | da7f 7e49 | ba00 f05a | 2b17 ffff | ff4d 3bda | 7f67 49ba | 0060 8db1 
  0x00000288997e1370: e7f6 ffff | 4d3b da7f | 5049 ba00 | c085 ef0c | a5ff ff4d | 3bda 7f36 | 49ba 0080 | 395b 8172 
  0x00000288997e1390: fcff 4d3b | da7f 1f49 | ba00 003f | 900d 79dc | ff4d 3bda | 7f08 41ba | 0b00 0000 | eb49 41bb 
  0x00000288997e13b0: 0b00 0000 | eb50 41ba | 0b00 0000 | eb54 41bb | 0b00 0000 | 458b d3eb | 5a41 bb0b | 0000 00eb 
  0x00000288997e13d0: 6441 bb0b | 0000 00eb | 7641 bb0b | 0000 0044 | 895c 2420 | e98b 0000 | 0041 bb07 | 0000 00eb 
  0x00000288997e13f0: 3541 ba03 | 0000 0045 | 8bda 4183 | c304 eb35 | 41bb 0300 | 0000 4183 | c304 eb43 | 41ba 0300 
  0x00000288997e1410: 0000 4183 | c204 4489 | 5424 20eb | 5741 ba03 | 0000 0045 | 8bda 4183 | c302 eb23 | 41ba 0300 
  0x00000288997e1430: 0000 458b | da45 8bd3 | 458b da41 | 83c3 0244 | 895c 2420 | eb2e 41ba | 0300 0000 | 458b da45 
  0x00000288997e1450: 8bd3 41ff | c244 8954 | 2420 eb18 | 41ba 0300 | 0000 4489 | 5424 20eb | 0b41 ba02 | 0000 0044 
  0x00000288997e1470: 8954 2420 | 448b 5424 | 7845 8b4a | 0c4c 8b54 | 2470 410f | be4a 1045 | 8b5a 0c44 | 895c 2460 
  0x00000288997e1490: 458b d141 | d3fa 448b | 5c24 2044 | 035c 2460 | 4489 5c24 | 6445 2bda | 4585 db0f | 8f3b 1f00 
  0x00000288997e14b0: 0085 c90f | 85b3 4e00 | 004c 8b54 | 2470 458b | 4a14 4c8b | 5424 504d | 85d2 0f8c | 8050 0000 
  0x00000288997e14d0: 4c8b 5424 | 5849 81fa | 0000 0080 | 0f8e da50 | 0000 458b | d241 83fa | 9c0f 8e41 | 5100 0044 
  0x00000288997e14f0: 8b5c 2464 | 41ff cb45 | 8bc2 41c1 | f81f 4963 | ca48 69c9 | 6766 6666 | 48c1 f922 | 8bd9 412b 
  0x00000288997e1510: d88b fbc1 | e703 448b | c341 d1e0 | 4403 c745 | 2bc2 4183 | c030 450f | bed0 418b | 790c 443b 
  0x00000288997e1530: df0f 832d | 4a00 004c | 6354 2420 | 4c63 5c24 | 604d 03d3 | 4788 4411 | 0f85 db7d | 2041 b830 
  0x00000288997e1550: 0000 0044 | 2bc3 448b | 5424 6441 | 83c2 fe44 | 3bd7 0f83 | 4851 0000 | 4788 4411 | 104c 8b54 
  0x00000288997e1570: 2470 448b | 5c24 6445 

  0x00000288997e1578: ;   {oop("s"{0x00000000fc7cb030})}
  0x00000288997e1578: 895a 0c49 | b830 b07c | fc00 0000 | 0049 8bd2 

  0x00000288997e1588: ;   {optimized virtual_call}
  0x00000288997e1588: c5f8 77e8 

  0x00000288997e158c: ; ImmutableOopMap {[40]=Oop [56]=NarrowOop [60]=NarrowOop [64]=Oop [104]=Oop [112]=Oop }
                      ;*invokespecial append {reexecute=0 rethrow=0 return_oop=1}
                      ; - java.lang.StringBuilder::append@2 (line 179)
                      ; - org.gradle.internal.time.TimeFormatting::formatDurationTerse@97 (line 58)
                      ; - org.gradle.internal.logging.format.TersePrettyDurationFormatter::format@1 (line 25)
                      ; - org.gradle.internal.logging.console.ProgressBar::formatProgress@5 (line 89)
                      ; - org.gradle.internal.logging.console.BuildStatusRenderer::renderNow@25 (line 123)
                      ; - org.gradle.internal.logging.console.BuildStatusRenderer::onOutput@321 (line 115)
  0x00000288997e158c: 50e3 f5ff | 488b 5424 | 7066 6690 

  0x00000288997e1598: ;   {optimized virtual_call}
  0x00000288997e1598: c5f8 77e8 

  0x00000288997e159c: ; ImmutableOopMap {[40]=Oop [56]=NarrowOop [60]=NarrowOop [64]=Oop [104]=Oop [112]=Oop }
                      ;*invokevirtual isLatin1 {reexecute=0 rethrow=0 return_oop=0}
                      ; - java.lang.StringBuilder::toString@1 (line 453)
                      ; - org.gradle.internal.time.TimeFormatting::formatDurationTerse@116 (line 63)
                      ; - org.gradle.internal.logging.format.TersePrettyDurationFormatter::format@1 (line 25)
                      ; - org.gradle.internal.logging.console.ProgressBar::formatProgress@5 (line 89)
                      ; - org.gradle.internal.logging.console.BuildStatusRenderer::renderNow@25 (line 123)
                      ; - org.gradle.internal.logging.console.BuildStatusRenderer::onOutput@321 (line 115)
  0x00000288997e159c: 8004 0100 | 4c8b 5424 | 7045 8b4a | 0c45 8b5a | 1449 8bd3 | 85c0 0f84 | d13b 0000 | 4533 c090 
  0x00000288997e15bc: ;   {static_call}
  0x00000288997e15bc: c5f8 77e8 

  0x00000288997e15c0: ; ImmutableOopMap {[40]=Oop [56]=NarrowOop [60]=NarrowOop [64]=Oop [104]=Oop }
                      ;*invokestatic newString {reexecute=0 rethrow=0 return_oop=1}
                      ; - java.lang.StringBuilder::toString@16 (line 453)
                      ; - org.gradle.internal.time.TimeFormatting::formatDurationTerse@116 (line 63)
                      ; - org.gradle.internal.logging.format.TersePrettyDurationFormatter::format@1 (line 25)
                      ; - org.gradle.internal.logging.console.ProgressBar::formatProgress@5 (line 89)
                      ; - org.gradle.internal.logging.console.BuildStatusRenderer::renderNow@25 (line 123)
                      ; - org.gradle.internal.logging.console.BuildStatusRenderer::onOutput@321 (line 115)
  0x00000288997e15c0: 5c5d ecff 

  0x00000288997e15c4: ; implicit exception: dispatches to 0x00000288997e7a80
  0x00000288997e15c4: 440f be50 | 1045 85d2 | 0f85 b64c | 0000 8b48 | 1444 8b41 | 0c45 85c0 | 0f86 502b | 0000 440f 
  0x00000288997e15e4: b659 1041 | 83fb 200f | 8e23 4f00 | 0045 8bd0 | 41ff ca45 | 3bd0 0f83 | b847 0000 | 488b e848 
  0x00000288997e1604: 8bd1 418b | d841 bb02 | 0000 0044 | 895c 2450 | 448b cb46 | 0fb6 5c09 | 0f41 83fb | 200f 8eab 
  0x00000288997e1624: 2a00 0045 | 3bc8 0f8c | e12a 0000 | 448b 5424 | 5048 8bc5 | 448b 7424 | 3845 8b6e | 3c45 85ed 
  0x00000288997e1644: 0f84 2901 | 0000 458b | 5e38 4d8b | c349 3bc0 | 0f84 1514 | 0000 4585 | db0f 8410 | 0100 00c4 
  0x00000288997e1664: e1f9 6ec0 | 458b ca45 | 0fbe 5310 | 440f be40 | 1045 3bc2 | 0f85 be50 | 0000 458b | 5314 448b 
  0x00000288997e1684: 4014 458b | 5a0c 418b | 480c 413b | cb0f 8515 | 3200 004d | 8bda 498d | 7210 4d8b | d049 8d78 
  0x00000288997e16a4: 1085 c90f | 84a5 0000 | 008b c183 | e01f 83e1 | e00f 844b | 0000 0048 | 8d3c 0f48 | 8d34 0e48 
  0x00000288997e16c4: f7d9 c5fe | 6f14 0fc5 | fe6f 0c0e | c5ed efd1 | c4e2 7d17 | d20f 857a | 0000 0048 | 83c1 2075 
  0x00000288997e16e4: e185 c00f | 8465 0000 | 00c5 fe6f | 5407 e0c5 | fe6f 4c06 | e0c5 edef | d1c4 e27d | 17d2 7555 
  0x00000288997e1704: eb4c 8bc8 | 83e1 fc74 | 1948 8d3c | 0f48 8d34 | 0e48 f7d9 | 8b1c 0f3b | 1c0e 7539 | 4883 c104 
  0x00000288997e1724: 75f2 f7c0 | 0200 0000 | 7412 0fb7 | 1f0f b70e | 3bd9 7521 | 488d 7f02 | 488d 7602 | f7c0 0100 
  0x00000288997e1744: 0000 740a | 0fb6 1f0f | b60e 3bd9 | 7507 b801 | 0000 00eb | 0233 c0c5 | edef d2c5 | f5ef c985 
  0x00000288997e1764: c00f 8504 | 1300 0045 | 8bd1 c4e1 | f97e c045 | 8b5e 2445 

  0x00000288997e1778: ;   {metadata('org/gradle/internal/nativeintegration/console/NativePlatformConsoleMetaData')}
  0x00000288997e1778: 8b4b 0841 | 81f9 885e | 0a01 0f85 | d849 0000 | 458b 4310 

  0x00000288997e178c: ; implicit exception: dispatches to 0x00000288997e7ca0
  0x00000288997e178c: 458b 5808 

  0x00000288997e1790: ;   {metadata('net/rubygrapefruit/platform/internal/WindowsTerminal')}
  0x00000288997e1790: 4181 fb48 | 500a 010f | 85df 4900 | 0049 8be8 | 448b 4d0c | 4585 c90f | 8460 4900 | 0048 8944 
  0x00000288997e17b0: 2450 4489 | 5424 204d | 8bd1 4c89 | 5424 584c | 8b44 2458 | 488d 9c24 | c000 0000 | 498b 0048 
  0x00000288997e17d0: f7c0 0200 | 0000 7524 | 4883 c801 | 4889 03f0 | 490f b118 | 0f84 3e00 | 0000 482b | c448 81e0 
  0x00000288997e17f0: 07f0 ffff | 4889 03e9 | 2c00 0000 | 4c8b d848 | 33c0 f04d | 0fb1 7b3e | 48c7 0303 | 0000 000f 
  0x00000288997e1810: 8413 0000 | 004c 3bf8 | 0f85 0a00 | 0000 49ff | 8386 0000 | 0048 33c0 | 0f85 6a49 | 0000 498b 
  0x00000288997e1830: 8708 0100 | 004c 8bd0 | 4983 c220 | 4d3b 9718 | 0100 000f | 8381 3900 | 004d 8997 | 0801 0000 
  0x00000288997e1850: 410f 1882 | 0001 0000 | 48c7 0001 

  0x00000288997e185c: ;   {metadata('net/rubygrapefruit/platform/internal/FunctionResult')}
  0x00000288997e185c: 0000 00c7 | 4008 2856 | 0a01 4489 | 600c 4489 | 6010 4c89 

  0x00000288997e1870: ;   {oop(a 'net/rubygrapefruit/platform/internal/FunctionResult$Failure'{0x00000000fc963450})}
  0x00000288997e1870: 6018 c740 | 1450 3496 | fc48 8944 | 2460 498b | 8708 0100 | 004c 8bd0 | 4983 c218 | 4d3b 9718 
  0x00000288997e1890: 0100 000f | 8310 3900 | 004d 8997 | 0801 0000 | 410f 1882 | 0001 0000 | 48c7 0001 

  0x00000288997e18ac: ;   {metadata('net/rubygrapefruit/platform/internal/MutableTerminalSize')}
  0x00000288997e18ac: 0000 00c7 | 4008 a09c | 1201 4489 | 600c 4c89 | 6010 448b | 5510 418b | 520c 4489 | 8c24 8000 
  0x00000288997e18cc: 0000 4889 | 4424 704c | 8bc0 4c8b | 4c24 6090 

  0x00000288997e18dc: ;   {static_call}
  0x00000288997e18dc: c5f8 77e8 

  0x00000288997e18e0: ; ImmutableOopMap {rbp=Oop [40]=Oop [56]=NarrowOop [60]=NarrowOop [64]=Oop [80]=Oop [88]=Oop [96]=Oop [104]=Oop [112]=Oop [128]=NarrowOop }
                      ;*invokestatic getConsoleSize {reexecute=0 rethrow=0 return_oop=0}
                      ; - net.rubygrapefruit.platform.internal.WindowsTerminal::getTerminalSize@32 (line 82)
                      ; - org.gradle.internal.nativeintegration.console.NativePlatformConsoleMetaData::getCols@4 (line 44)
                      ; - org.gradle.internal.logging.console.ProgressBar::formatProgress@33 (line 91)
                      ; - org.gradle.internal.logging.console.BuildStatusRenderer::renderNow@25 (line 123)
                      ; - org.gradle.internal.logging.console.BuildStatusRenderer::onOutput@321 (line 115)
  0x00000288997e18e0: dc16 f6ff | 4c8b 4c24 | 6045 8b51 | 1045 85d2 | 0f85 aa53 | 0000 4c8b | 5c24 5848 | 8d84 24c0 
  0x00000288997e1900: 0000 0048 | 8138 0000 | 0000 0f84 | 8300 0000 | 4d8b 1349 | f7c2 0200 | 0000 746f | 4981 ba86 
  0x00000288997e1920: 0000 0000 | 0000 0074 | 0949 ff8a | 8600 0000 | eb51 498b | 8296 0000 | 0049 0b82 | 8e00 0000 
  0x00000288997e1940: 750a 49c7 | 423e 0000 | 0000 eb47 | 4981 ba9e | 0000 0000 | 0000 0074 | 2548 33c0 | 49c7 423e 
  0x00000288997e1960: 0000 0000 | f083 0424 | 0049 81ba | 9e00 0000 | 0000 0000 | 750d f04d | 0fb1 7a3e | 7505 83c8 
  0x00000288997e1980: 01eb 10f7 | c000 0000 | 00eb 084c | 8b10 f04d | 0fb1 130f | 854f 4800 | 004c 8b5c | 2470 458b 
  0x00000288997e19a0: ;   {metadata('net/rubygrapefruit/platform/internal/MutableTerminalSize')}
  0x00000288997e19a0: 5308 4181 | faa0 9c12 | 010f 850b | 4800 0044 | 8b44 2438 | 458b 5010 | 418b 6b10 | 458b 5814 
  0x00000288997e19c0: 453b d30f | 8f2b 5300 | 0089 6c24 | 5848 8944 | 24f8 8b44 | 2438 8944 | 2448 488b | 4424 f841 
  0x00000288997e19e0: 8b58 0c45 | 8b48 288b | cdff c989 | 4c24 24c4 | c179 6ec3 | c5fa e6c0 | c4c1 796e | cac5 fae6 
  0x00000288997e1a00: c9c5 f35e | c0c5 f96e | cbc5 fae6 | c9c5 fb59 | c1c5 7b2c | d841 81fb | 0000 0080 | 7510 4883 
  0x00000288997e1a20: ec08 c5fb 

  0x00000288997e1a24: ;   {runtime_call StubRoutines (1)}
  0x00000288997e1a24: 1104 24e8 | 54f7 74ff | 415b 4489 | 5c24 3841 | 2bdb 895c | 245c 85c9 | 0f8d 8f0b | 0000 4585 
  0x00000288997e1a44: c90f 84c9 | 5000 0049 | 8bd1 eb0a 

  0x00000288997e1a50: ;   {oop(""{0x00000000fc67d7c0})}
  0x00000288997e1a50: 48ba c0d7 | 67fc 0000 | 0000 4889 | 5424 6044 | 8b5a 1445 | 8b5b 0c44 | 8b54 2438 | 4181 fa00 
  0x00000288997e1a70: 0008 000f | 87cf 4600 | 004d 63d2 | 448b 4c24 | 4841 0fb7 | 6918 896c | 2470 0fbe | 4a10 41d3 
  0x00000288997e1a90: fb44 895c | 2474 448b | 5c24 3841 | 81fb 0000 | 0800 0f87 | 4637 0000 | 4d8b 9f08 | 0100 0049 
  0x00000288997e1ab0: d1e2 4983 | c217 4d8b | ca49 83e1 | f84d 8bc3 | 4d03 c14d | 3b87 1801 | 0000 0f83 | 1e37 0000 
  0x00000288997e1ad0: 4d89 8708 | 0100 0041 | 0f18 8000 | 0100 0049 | c703 0100 | 0000 410f | 1880 4001 

  0x00000288997e1aec: ;   {metadata({type array char})}
  0x00000288997e1aec: 0000 41c7 | 4308 6861 | 0000 8b6c | 2438 4189 | 6b0c 410f | 1880 8001 | 0000 498b | fb48 83c7 
  0x00000288997e1b0c: 1049 c1ea | 0349 83c2 | fe49 8bca | 4833 c048 | 83f9 087f | 1048 ffc9 | 784f 4889 | 04cf 48ff 
  0x00000288997e1b2c: c97d f7eb | 44c5 fdef | c0e9 0d00 | 0000 c5fe | 7f07 c5fe | 7f47 2048 | 83c7 4048 | 83e9 087d 
  0x00000288997e1b4c: ed48 83c1 | 047c 0cc5 | fe7f 0748 | 83c7 2048 | 83e9 0448 | 83c1 047e | 1048 ffc9 | c5f9 d607 
  0x00000288997e1b6c: 4883 c708 | 48ff c97d | f34c 895c | 2478 8b6c | 2438 89ac | 2480 0000 | 0048 63ed | 448b 9c24 
  0x00000288997e1b8c: 8000 0000 | 4585 db0f | 8ef4 0000 | 0045 85db | 0f84 6a4c | 0000 41ff | cb44 3b9c | 2480 0000 
  0x00000288997e1bac: 000f 8359 | 4c00 0044 | 8b9c 2480 | 0000 0041 | 83fb 044c | 8bd5 41bb | 0400 0000 | 4d0f 4fd3 
  0x00000288997e1bcc: 458b d245 | 33c0 4c8b | 4c24 7844 | 8b5c 2470 | 6647 895c | 4110 458b | c841 ffc1 | 453b ca7d 
  0x00000288997e1bec: 0545 8bc1 | ebe0 8b8c | 2480 0000 | 0083 c1fd | 443b c90f | 8d57 4c00 | 00c4 c179 | 6ec3 c4e2 
  0x00000288997e1c0c: 7979 c041 | ffc0 448b | 8c24 8000 | 0000 452b | c841 83c1 | fd45 33d2 | 413b c845 | 0f4c ca41 
  0x00000288997e1c2c: 81f9 a00f | 0000 41ba | a00f 0000 | 450f 47ca | 4503 c890 | 4c8b 5424 | 78c4 8179 | d644 4210 
  0x00000288997e1c4c: 4183 c004 | 453b c17c | eb4d 8b97 

  0x00000288997e1c58: ; ImmutableOopMap {[40]=Oop [60]=NarrowOop [64]=Oop [72]=NarrowOop [80]=Oop [96]=Oop [104]=Oop [120]=Oop }
                      ;*goto {reexecute=1 rethrow=0 return_oop=0}
                      ; - (reexecute) org.gradle.internal.logging.console.ProgressBar::fill@22 (line 120)
                      ; - org.gradle.internal.logging.console.ProgressBar::formatProgress@119 (line 104)
                      ; - org.gradle.internal.logging.console.BuildStatusRenderer::renderNow@25 (line 123)
                      ; - org.gradle.internal.logging.console.BuildStatusRenderer::onOutput@321 (line 115)
  0x00000288997e1c58: 5003 0000 

  0x00000288997e1c5c: ;   {poll}
  0x00000288997e1c5c: 4185 0244 | 3bc1 7cae | 443b 8424 | 8000 0000 | 7d1f 6690 | 4c8b 5c24 | 7844 8b54 | 2470 6647 
  0x00000288997e1c7c: 8954 4310 | 41ff c044 | 3b84 2480 | 0000 007c | e34d 8b9f | 0801 0000 | 4d8b d349 | 83c2 184d 
  0x00000288997e1c9c: 3b97 1801 | 0000 0f83 | 6835 0000 | 4d89 9708 | 0100 0041 | 0f18 8200 | 0100 0049 | c703 0100 
  0x00000288997e1cbc: ;   {metadata('java/lang/String')}
  0x00000288997e1cbc: 0000 41c7 | 4308 f0e9 | 0000 4589 | 630c 4d89 | 6310 4c89 | 9c24 8800 | 0000 448b | 9c24 8000 
  0x00000288997e1cdc: 0000 4585 | db0f 84d4 | 2e00 0041 | 81fb 0000 | 1000 0f87 | c636 0000 | 4d8b 8708 | 0100 0048 
  0x00000288997e1cfc: 83c5 1748 | 83e5 f84d | 8bd0 4c03 | d54d 3b97 | 1801 0000 | 0f83 a436 | 0000 4d89 | 9708 0100 
  0x00000288997e1d1c: 0041 0f18 | 8200 0100 | 0049 c700 | 0100 0000 | 410f 1882 | 4001 0000 

  0x00000288997e1d34: ;   {metadata({type array byte})}
  0x00000288997e1d34: 41c7 4008 | 3867 0000 | 418b eb41 | 8968 0c41 | 0f18 8280 | 0100 0048 | 8b74 2478 | 4883 c610 
  0x00000288997e1d54: 498b f848 | 83c7 108b | 9424 8000 | 0000 528b | c2b9 00ff | 00ff 83e2 | f083 e00f | 85d2 0f84 
  0x00000288997e1d74: 4500 0000 | c5f9 6ed1 | c5f9 70d2 | 00c5 f1ef | c948 8d34 | 5648 8d3c | 1748 f7da | c5fa 6f1c 
  0x00000288997e1d94: 56c5 f1eb | cbc5 fa6f | 4456 10c5 | f1eb c8c4 | e279 17ca | 0f85 6b00 | 0000 c5e1 | 67d8 c5fa 
  0x00000288997e1db4: 7f1c 1748 | 83c2 1075 | d38b d083 | e2f8 83e0 | 0785 d274 | 28c5 f96e | d1c5 f970 | d200 c5f9 
  0x00000288997e1dd4: efc0 c5fa | 6f1e c4e2 | 7917 da75 | 38c5 e167 | d8c5 f9d6 | 1f48 83c6 | 1048 83c7 | 088b d085 
  0x00000288997e1df4: d274 1f48 | 8d34 5648 | 8d3c 1748 | f7da 0fb7 | 0456 f7c0 | 00ff 0000 | 750b 8804 | 1748 ffc2 
  0x00000288997e1e14: 75ec 58eb | 0633 c048 | 83c4 083b | 8424 8000 | 0000 0f85 | 4c4d 0000 | 4c8b 9424 | 8800 0000 
  0x00000288997e1e34: 4d8b da4d | 8bc8 4d33 | cb4d 8bd0 | 4c8b 8424 | 8800 0000 | 4589 5014 | 49c1 e914 | 4d85 c974 
  0x00000288997e1e54: 1a49 c1eb | 0948 b900 | 0063 8788 | 0200 0049 | 03cb 8039 | 040f 85f2 | 2b00 004c | 8b94 2488 
  0x00000288997e1e74: 0000 0045 | 8862 1044 | 8b5c 2424 | 4585 db0f | 8dda 0600 | 004c 8b94 | 2488 0000 

  0x00000288997e1e90: ;   {oop(""{0x00000000fc67d7c0})}
  0x00000288997e1e90: 00eb 0a49 | bac0 d767 | fc00 0000 | 0045 8b5a | 1441 8b6b | 0c49 8b87 | 0801 0000 | 410f be4a 
  0x00000288997e1eb0: 104c 8bd8 | 4983 c318 | d3fd 896c | 2470 4d3b | 9f18 0100 | 000f 8361 | 3300 004d | 899f 0801 
  0x00000288997e1ed0: 0000 410f | 1883 0001 | 0000 48c7 | 0001 0000 

  0x00000288997e1ee0: ;   {metadata('java/lang/StringBuilder')}
  0x00000288997e1ee0: 00c7 4008 | f0f4 0000 | 4489 600c | 4c89 6010 | 4c89 5424 | 7848 8984 | 2480 0000 | 0048 8bd0 
  0x00000288997e1f00: 41b8 1000 | 0000 6690 

  0x00000288997e1f08: ;   {optimized virtual_call}
  0x00000288997e1f08: c5f8 77e8 

  0x00000288997e1f0c: ; ImmutableOopMap {[40]=Oop [60]=NarrowOop [64]=Oop [72]=NarrowOop [80]=Oop [96]=Oop [104]=Oop [120]=Oop [128]=Oop }
                      ;*invokespecial <init> {reexecute=0 rethrow=0 return_oop=0}
                      ; - java.lang.StringBuilder::<init>@3 (line 106)
                      ; - org.gradle.internal.logging.console.ProgressBar::formatProgress@139 (line 105)
                      ; - org.gradle.internal.logging.console.BuildStatusRenderer::renderNow@25 (line 123)
                      ; - org.gradle.internal.logging.console.BuildStatusRenderer::onOutput@321 (line 115)
  0x00000288997e1f0c: b06e f0ff | 8b6c 245c | 81fd 0000 | 0800 0f87 | 3042 0000 | 4863 cd8b | 6c24 480f | b76d 1a89 
  0x00000288997e1f2c: 6c24 748b | 6c24 5c81 | fd00 0008 | 000f 870a | 3300 004d | 8b97 0801 | 0000 48d1 | e148 83c1 
  0x00000288997e1f4c: 174c 8bc1 | 4983 e0f8 | 4d8b da4d | 03d8 4d3b | 9f18 0100 | 000f 83e2 | 3200 004d | 899f 0801 
  0x00000288997e1f6c: 0000 410f | 1883 0001 | 0000 49c7 | 0201 0000 | 0041 0f18 | 8340 0100 

  0x00000288997e1f84: ;   {metadata({type array char})}
  0x00000288997e1f84: 0041 c742 | 0868 6100 | 0041 896a | 0c41 0f18 | 8380 0100 | 0049 8bfa | 4883 c710 | 48c1 e903 
  0x00000288997e1fa4: 4883 c1fe | 4833 c048 | 83f9 087f | 1048 ffc9 | 784f 4889 | 04cf 48ff | c97d f7eb | 44c5 fdef 
  0x00000288997e1fc4: c0e9 0d00 | 0000 c5fe | 7f07 c5fe | 7f47 2048 | 83c7 4048 | 83e9 087d | ed48 83c1 | 047c 0cc5 
  0x00000288997e1fe4: fe7f 0748 | 83c7 2048 | 83e9 0448 | 83c1 047e | 1048 ffc9 | c5f9 d607 | 4883 c708 | 48ff c97d 
  0x00000288997e2004: f34c 8994 | 2488 0000 | 008b 6c24 | 5c89 ac24 | 9000 0000 | 4863 ed44 | 8b9c 2490 | 0000 0045 
  0x00000288997e2024: 85db 0f8e | f800 0000 | 4585 db0f | 842f 4800 | 0045 8bd3 | 41ff ca45 | 3bd3 0f83 | 2048 0000 
  0x00000288997e2044: 4183 fb04 | 4c8b d541 | bb04 0000 | 004d 0f4f | d345 8bca | 4533 c04c | 8b9c 2488 | 0000 0044 
  0x00000288997e2064: 8b54 2474 | 6647 8954 | 4310 458b | d041 ffc2 | 453b d17d | 0545 8bc2 | ebdd 448b | 8c24 9000 
  0x00000288997e2084: 0000 4183 | c1fd 453b | d10f 8d25 | 4800 0044 | 8b5c 2474 | c4c1 796e | c3c4 e279 | 79c0 41ff 
  0x00000288997e20a4: c08b 9c24 | 9000 0000 | 412b d883 | c3fd 4533 | d245 3bc8 | 410f 4cda | 81fb a00f | 0000 41bb 
  0x00000288997e20c4: a00f 0000 | 410f 47db | 4103 d890 | 4c8b 9424 | 8800 0000 | c481 79d6 | 4442 1041 | 83c0 0444 
  0x00000288997e20e4: 3bc3 7ce8 | 4d8b 9750 

  0x00000288997e20ec: ; ImmutableOopMap {[40]=Oop [60]=NarrowOop [64]=Oop [72]=NarrowOop [80]=Oop [96]=Oop [104]=Oop [120]=Oop [128]=Oop [136]=Oop }
                      ;*goto {reexecute=1 rethrow=0 return_oop=0}
                      ; - (reexecute) org.gradle.internal.logging.console.ProgressBar::fill@22 (line 120)
                      ; - org.gradle.internal.logging.console.ProgressBar::formatProgress@149 (line 105)
                      ; - org.gradle.internal.logging.console.BuildStatusRenderer::renderNow@25 (line 123)
                      ; - org.gradle.internal.logging.console.BuildStatusRenderer::onOutput@321 (line 115)
                      ;   {poll}
  0x00000288997e20ec: 0300 0041 | 8502 453b | c17c ae44 | 3b84 2490 | 0000 007d | 2366 6690 | 4c8b 9c24 | 8800 0000 
  0x00000288997e210c: 448b 5424 | 7466 4789 | 5443 1041 | ffc0 443b | 8424 9000 | 0000 7ce0 | 4d8b 9f08 | 0100 004d 
  0x00000288997e212c: 8bd3 4983 | c218 4d3b | 9718 0100 | 000f 8329 | 3100 004d | 8997 0801 | 0000 410f | 1882 0001 
  0x00000288997e214c: 0000 49c7 | 0301 0000 

  0x00000288997e2154: ;   {metadata('java/lang/String')}
  0x00000288997e2154: 0041 c743 | 08f0 e900 | 0045 8963 | 0c4d 8963 | 104c 899c | 2498 0000 | 0044 8b94 | 2490 0000 
  0x00000288997e2174: 0045 85d2 | 0f84 962a | 0000 4181 | fa00 0010 | 000f 874d | 3200 004d | 8b87 0801 | 0000 4883 
  0x00000288997e2194: c517 4883 | e5f8 4d8b | d04c 03d5 | 4d3b 9718 | 0100 000f | 832b 3200 | 004d 8997 | 0801 0000 
  0x00000288997e21b4: 410f 1882 | 0001 0000 | 49c7 0001 | 0000 0041 | 0f18 8240 

  0x00000288997e21c8: ;   {metadata({type array byte})}
  0x00000288997e21c8: 0100 0041 | c740 0838 | 6700 008b | ac24 9000 | 0000 4189 | 680c 410f | 1882 8001 | 0000 488b 
  0x00000288997e21e8: b424 8800 | 0000 4883 | c610 498b | f848 83c7 | 108b 9424 | 9000 0000 | 528b c2b9 | 00ff 00ff 
  0x00000288997e2208: 83e2 f083 | e00f 85d2 | 0f84 4500 | 0000 c5f9 | 6ec9 c5f9 | 70c9 00c5 | f9ef c048 | 8d34 5648 
  0x00000288997e2228: 8d3c 1748 | f7da c5fa | 6f14 56c5 | f9eb c2c5 | fa6f 5c56 | 10c5 f9eb | c3c4 e279 | 17c1 0f85 
  0x00000288997e2248: 6b00 0000 | c5e9 67d3 | c5fa 7f14 | 1748 83c2 | 1075 d38b | d083 e2f8 | 83e0 0785 | d274 28c5 
  0x00000288997e2268: f96e c9c5 | f970 c900 | c5e1 efdb | c5fa 6f16 | c4e2 7917 | d175 38c5 | e967 d3c5 | f9d6 1748 
  0x00000288997e2288: 83c6 1048 | 83c7 088b | d085 d274 | 1f48 8d34 | 5648 8d3c | 1748 f7da | 0fb7 0456 | f7c0 00ff 
  0x00000288997e22a8: 0000 750b | 8804 1748 | ffc2 75ec | 58eb 0633 | c048 83c4 | 083b 8424 | 9000 0000 | 0f85 3e49 
  0x00000288997e22c8: 0000 4d8b | d04d 8bd8 | 4c8b 8424 | 9800 0000 | 4589 5814 | 4d8b d84d | 33d3 49c1 | ea14 4d85 
  0x00000288997e22e8: d274 1a49 | c1eb 0948 | b900 0063 | 8788 0200 | 0049 03cb | 8039 040f | 85a5 2700 | 004c 8b94 
  0x00000288997e2308: 2498 0000 | 0045 8862 | 1048 8b94 | 2480 0000 | 004c 8b84 | 2498 0000 | 0066 6690 

  0x00000288997e2324: ;   {optimized virtual_call}
  0x00000288997e2324: c5f8 77e8 

  0x00000288997e2328: ; ImmutableOopMap {[40]=Oop [60]=NarrowOop [64]=Oop [72]=NarrowOop [80]=Oop [96]=Oop [104]=Oop [120]=Oop [128]=Oop }
                      ;*invokespecial append {reexecute=0 rethrow=0 return_oop=1}
                      ; - java.lang.StringBuilder::append@2 (line 179)
                      ; - org.gradle.internal.logging.console.ProgressBar::formatProgress@152 (line 105)
                      ; - org.gradle.internal.logging.console.BuildStatusRenderer::renderNow@25 (line 123)
                      ; - org.gradle.internal.logging.console.BuildStatusRenderer::onOutput@321 (line 115)
  0x00000288997e2328: b4d5 f5ff | 448b 5424 | 4845 8b52 | 2c4d 8bc2 | 488b 9424 | 8000 0000 

  0x00000288997e2340: ;   {optimized virtual_call}
  0x00000288997e2340: c5f8 77e8 

  0x00000288997e2344: ; ImmutableOopMap {[40]=Oop [60]=NarrowOop [64]=Oop [72]=NarrowOop [80]=Oop [96]=Oop [104]=Oop [120]=Oop [128]=Oop }
                      ;*invokespecial append {reexecute=0 rethrow=0 return_oop=1}
                      ; - java.lang.StringBuilder::append@2 (line 179)
                      ; - org.gradle.internal.logging.console.ProgressBar::formatProgress@159 (line 105)
                      ; - org.gradle.internal.logging.console.BuildStatusRenderer::renderNow@25 (line 123)
                      ; - org.gradle.internal.logging.console.BuildStatusRenderer::onOutput@321 (line 115)
  0x00000288997e2344: 98d5 f5ff 

  0x00000288997e2348: ;   {oop(" "{0x00000000fc7cadd0})}
  0x00000288997e2348: 49b8 d0ad | 7cfc 0000 | 0000 488b | 9424 8000 | 0000 6690 

  0x00000288997e235c: ;   {optimized virtual_call}
  0x00000288997e235c: c5f8 77e8 

  0x00000288997e2360: ; ImmutableOopMap {[40]=Oop [60]=NarrowOop [64]=Oop [72]=NarrowOop [80]=Oop [96]=Oop [104]=Oop [120]=Oop [128]=Oop }
                      ;*invokespecial append {reexecute=0 rethrow=0 return_oop=1}
                      ; - java.lang.StringBuilder::append@2 (line 179)
                      ; - org.gradle.internal.logging.console.ProgressBar::formatProgress@164 (line 105)
                      ; - org.gradle.internal.logging.console.BuildStatusRenderer::renderNow@25 (line 123)
                      ; - org.gradle.internal.logging.console.BuildStatusRenderer::onOutput@321 (line 115)
  0x00000288997e2360: 7cd5 f5ff | 448b 5c24 | 48c4 c17b | 2a43 14c4 | c173 2a4b 

  0x00000288997e2374: ;   {section_word}
  0x00000288997e2374: 10c5 f359 | 0da3 e6ff | ffc5 f35e | c0c5 7b2c | c041 81f8 | 0000 0080 | 7510 4883 | ec08 c5fb 
  0x00000288997e2394: ;   {runtime_call StubRoutines (1)}
  0x00000288997e2394: 1104 24e8 | e4ed 74ff | 4158 488b | 9424 8000 | 0000 6690 

  0x00000288997e23a8: ;   {optimized virtual_call}
  0x00000288997e23a8: c5f8 77e8 

  0x00000288997e23ac: ; ImmutableOopMap {[40]=Oop [60]=NarrowOop [64]=Oop [72]=NarrowOop [80]=Oop [96]=Oop [104]=Oop [120]=Oop [128]=Oop }
                      ;*invokespecial append {reexecute=0 rethrow=0 return_oop=1}
                      ; - java.lang.StringBuilder::append@2 (line 253)
                      ; - org.gradle.internal.logging.console.ProgressBar::formatProgress@183 (line 105)
                      ; - org.gradle.internal.logging.console.BuildStatusRenderer::renderNow@25 (line 123)
                      ; - org.gradle.internal.logging.console.BuildStatusRenderer::onOutput@321 (line 115)
  0x00000288997e23ac: b051 f7ff | 41b8 2500 | 0000 488b | 9424 8000 | 0000 6690 

  0x00000288997e23c0: ;   {optimized virtual_call}
  0x00000288997e23c0: c5f8 77e8 

  0x00000288997e23c4: ; ImmutableOopMap {[40]=Oop [60]=NarrowOop [64]=Oop [72]=NarrowOop [80]=Oop [96]=Oop [104]=Oop [120]=Oop [128]=Oop }
                      ;*invokespecial append {reexecute=0 rethrow=0 return_oop=1}
                      ; - java.lang.StringBuilder::append@2 (line 246)
                      ; - org.gradle.internal.logging.console.ProgressBar::formatProgress@188 (line 105)
                      ; - org.gradle.internal.logging.console.BuildStatusRenderer::renderNow@25 (line 123)
                      ; - org.gradle.internal.logging.console.BuildStatusRenderer::onOutput@321 (line 115)
  0x00000288997e23c4: 18da edff | 41b8 2000 | 0000 488b | 9424 8000 | 0000 6690 

  0x00000288997e23d8: ;   {optimized virtual_call}
  0x00000288997e23d8: c5f8 77e8 

  0x00000288997e23dc: ; ImmutableOopMap {[40]=Oop [60]=NarrowOop [64]=Oop [72]=NarrowOop [80]=Oop [96]=Oop [104]=Oop [120]=Oop [128]=Oop }
                      ;*invokespecial append {reexecute=0 rethrow=0 return_oop=1}
                      ; - java.lang.StringBuilder::append@2 (line 246)
                      ; - org.gradle.internal.logging.console.ProgressBar::formatProgress@193 (line 105)
                      ; - org.gradle.internal.logging.console.BuildStatusRenderer::renderNow@25 (line 123)
                      ; - org.gradle.internal.logging.console.BuildStatusRenderer::onOutput@321 (line 115)
  0x00000288997e23dc: 00da edff | 448b 5c24 | 4845 8b5b | 304d 8bc3 | 488b 9424 | 8000 0000 

  0x00000288997e23f4: ;   {optimized virtual_call}
  0x00000288997e23f4: c5f8 77e8 

  0x00000288997e23f8: ; ImmutableOopMap {[40]=Oop [60]=NarrowOop [64]=Oop [72]=NarrowOop [80]=Oop [96]=Oop [104]=Oop [120]=Oop [128]=Oop }
                      ;*invokespecial append {reexecute=0 rethrow=0 return_oop=1}
                      ; - java.lang.StringBuilder::append@2 (line 179)
                      ; - org.gradle.internal.logging.console.ProgressBar::formatProgress@200 (line 105)
                      ; - org.gradle.internal.logging.console.BuildStatusRenderer::renderNow@25 (line 123)
                      ; - org.gradle.internal.logging.console.BuildStatusRenderer::onOutput@321 (line 115)
  0x00000288997e23f8: e4d4 f5ff | 448b 5424 | 4c45 85d2 | 0f84 2a49 | 0000 4c8b | 5424 5045 | 8b52 144c | 8b5c 2450 
  0x00000288997e2418: 410f be6b | 1089 6c24 | 3845 8b42 | 0c8b cd41 | d3f8 458b | d841 83c3 | 0245 85db | 0f8c d43d 
  0x00000288997e2438: 0000 4183 | c003 4585 | c00f 8cc7 | 3d00 0041 | d3e0 4181 | f800 0010 | 000f 8701 | 3d00 004d 
  0x00000288997e2458: 63d0 4181 | f800 0010 | 000f 8739 | 2e00 0049 | 8baf 0801 | 0000 4983 | c217 4983 | e2f8 4c8b 
  0x00000288997e2478: dd4d 03da | 4d3b 9f18 | 0100 000f | 8317 2e00 | 004d 899f | 0801 0000 | 410f 1883 | 0001 0000 
  0x00000288997e2498: 48c7 4500 | 0100 0000 | 410f 1883 | 4001 0000 

  0x00000288997e24a8: ;   {metadata({type array byte})}
  0x00000288997e24a8: c745 0838 | 6700 0044 | 8945 0c41 | 0f18 8380 | 0100 0048 | 89ac 2488 | 0000 008b | 6c24 3885 
  0x00000288997e24c8: ed0f 8480 | 0000 004c | 8b94 2488 | 0000 0066 | 41c7 4210 | 2000 6641 | c742 125b | 0041 bb04 
  0x00000288997e24e8: 0000 0044 | 895c 2420 | 4c8b 5424 | 5045 8b5a | 1441 8b5b | 0c44 8bf3 | 4863 5c24 | 204c 8b94 
  0x00000288997e2508: 2488 0000 | 0049 8d54 | 1a10 4d8b | d34d 8d5b | 104c 8b54 | 2450 4180 | 7a10 000f | 8505 0100 
  0x00000288997e2528: 0085 ed0f | 851e 0100 | 004d 63c6 | 498b cbc5 | f877 49ba | 607f f698 | 8802 0000 | 41ff d245 
  0x00000288997e2548: 8bd6 e9a2 | 0100 004c | 8b94 2488 | 0000 0041 | c642 1020 | 41c6 4211 | 5beb 8d44 | 8b5c 2458 
  0x00000288997e2568: 442b 5c24 | 7441 ffcb | 4585 db0f | 8e1a f9ff | ff4c 8b94 | 2488 0000 | 0045 8b5a | 1445 8b53 
  0x00000288997e2588: 0c4c 8b9c | 2488 0000 | 0041 0fbe | 4b10 41d3 | fa44 8b44 | 2424 453b | c27d 2649 | 8bd3 4533 
  0x00000288997e25a8: c044 8b4c | 2424 6690 

  0x00000288997e25b0: ;   {optimized virtual_call}
  0x00000288997e25b0: c5f8 77e8 

  0x00000288997e25b4: ; ImmutableOopMap {[40]=Oop [60]=NarrowOop [64]=Oop [72]=NarrowOop [80]=Oop [96]=Oop [104]=Oop }
                      ;*invokevirtual substring {reexecute=0 rethrow=0 return_oop=1}
                      ; - org.gradle.internal.logging.console.ProgressBar::trimToConsole@39 (line 137)
                      ; - org.gradle.internal.logging.console.ProgressBar::formatProgress@122 (line 104)
                      ; - org.gradle.internal.logging.console.BuildStatusRenderer::renderNow@25 (line 123)
                      ; - org.gradle.internal.logging.console.BuildStatusRenderer::onOutput@321 (line 115)
  0x00000288997e25b4: c8ed 79ff | 4885 c00f | 842b 4b00 | 004c 8bd0 | e9d4 f8ff | ff4d 8bd3 | e9cc f8ff | ff85 c90f 
  0x00000288997e25d4: 8e77 f4ff | ff45 8b51 | 1445 8b52 | 0c41 0fbe | 4910 41d3 | fa49 8bd1 | 448b 5c24 | 2445 3bda 
  0x00000288997e25f4: 0f8d 60f4 | ffff 4533 | c045 8bcb 

  0x00000288997e2600: ;   {optimized virtual_call}
  0x00000288997e2600: c5f8 77e8 

  0x00000288997e2604: ; ImmutableOopMap {[40]=Oop [60]=NarrowOop [64]=Oop [72]=NarrowOop [80]=Oop [104]=Oop }
                      ;*invokevirtual substring {reexecute=0 rethrow=0 return_oop=1}
                      ; - org.gradle.internal.logging.console.ProgressBar::trimToConsole@39 (line 137)
                      ; - org.gradle.internal.logging.console.ProgressBar::formatProgress@99 (line 103)
                      ; - org.gradle.internal.logging.console.BuildStatusRenderer::renderNow@25 (line 123)
                      ; - org.gradle.internal.logging.console.BuildStatusRenderer::onOutput@321 (line 115)
  0x00000288997e2604: 78ed 79ff | 4885 c00f | 8403 4500 | 0048 8bd0 | e941 f4ff | ff4c 8b94 | 2488 0000 | 0066 43c7 
  0x00000288997e2624: 441a 105d | 00e9 e200 | 0000 458b | d641 d1fa | 4d63 c249 | 8bcb c5f8 | 7749 ba40 | 81f6 9888 
  0x00000288997e2644: 0200 0041 | ffd2 e9a5 | 0000 0045 | 8bd6 41d1 | e249 8bf3 | 488b fa41 | 8bd6 8bca | 83e1 0f83 
  0x00000288997e2664: e2f0 741c | 488d 3416 | 488d 3c57 | 48f7 dac4 | e27d 3004 | 16c5 fe7f | 0457 4883 | c210 75ef 
  0x00000288997e2684: 8bd1 83e1 | 0783 e2f8 | 7427 c4e2 | 7930 06c5 | fa7f 0748 | 83c6 0848 | 83c7 10e9 | 1100 0000 
  0x00000288997e26a4: c4e2 7930 | 0416 c5fa | 7f04 5748 | 83c2 0875 | ef8b d183 | fa04 7c19 | c5f9 6e06 | c4e2 7930 
  0x00000288997e26c4: c0c5 f9d6 | 0748 83ea | 0448 83c6 | 0448 83c7 | 0885 d274 | 1848 8d34 | 1648 8d3c | 5748 f7da 
  0x00000288997e26e4: 0fb6 0c16 | 6689 0c57 | 48ff c275 | f345 8bf2 | 4d63 de4c | 03db 85ed | 0f85 17ff | ffff 4c8b 
  0x00000288997e2704: 9424 8800 | 0000 43c6 | 441a 105d | 4d8b 8708 | 0100 004d | 8bd0 4983 | c218 4d3b | 9718 0100 
  0x00000288997e2724: 000f 8359 | 2b00 004d | 8997 0801 | 0000 410f | 1882 0001 | 0000 49c7 | 0001 0000 

  0x00000288997e2740: ;   {metadata('java/lang/String')}
  0x00000288997e2740: 0041 c740 | 08f0 e900 | 0045 8960 | 0c4d 8960 | 108b 6c24 | 3841 8868 | 104c 8b94 | 2488 0000 
  0x00000288997e2760: 0045 8950 | 1448 8b94 | 2480 0000 | 0066 6690 

  0x00000288997e2770: ;   {optimized virtual_call}
  0x00000288997e2770: c5f8 77e8 

  0x00000288997e2774: ; ImmutableOopMap {[40]=Oop [60]=NarrowOop [64]=Oop [72]=NarrowOop [80]=Oop [96]=Oop [104]=Oop [120]=Oop [128]=Oop }
                      ;*invokespecial append {reexecute=0 rethrow=0 return_oop=1}
                      ; - java.lang.StringBuilder::append@2 (line 179)
                      ; - org.gradle.internal.logging.console.ProgressBar::formatProgress@237 (line 107)
                      ; - org.gradle.internal.logging.console.BuildStatusRenderer::renderNow@25 (line 123)
                      ; - org.gradle.internal.logging.console.BuildStatusRenderer::onOutput@321 (line 115)
  0x00000288997e2774: 68d1 f5ff | 488b 9424 | 8000 0000 

  0x00000288997e2780: ;   {optimized virtual_call}
  0x00000288997e2780: c5f8 77e8 

  0x00000288997e2784: ; ImmutableOopMap {[40]=Oop [60]=NarrowOop [64]=Oop [72]=NarrowOop [80]=Oop [96]=Oop [104]=Oop [120]=Oop [128]=Oop }
                      ;*invokevirtual isLatin1 {reexecute=0 rethrow=0 return_oop=0}
                      ; - java.lang.StringBuilder::toString@1 (line 453)
                      ; - org.gradle.internal.logging.console.ProgressBar::formatProgress@240 (line 107)
                      ; - org.gradle.internal.logging.console.BuildStatusRenderer::renderNow@25 (line 123)
                      ; - org.gradle.internal.logging.console.BuildStatusRenderer::onOutput@321 (line 115)
  0x00000288997e2784: 98f2 0000 | 4c8b 9424 | 8000 0000 | 458b 4a0c | 458b 5a14 | 498b d385 | c00f 84a9 | 3000 0045 
  0x00000288997e27a4: 33c0 6690 

  0x00000288997e27a8: ;   {static_call}
  0x00000288997e27a8: c5f8 77e8 

  0x00000288997e27ac: ; ImmutableOopMap {[40]=Oop [60]=NarrowOop [64]=Oop [72]=NarrowOop [80]=Oop [96]=Oop [104]=Oop [120]=Oop }
                      ;*invokestatic newString {reexecute=0 rethrow=0 return_oop=1}
                      ; - java.lang.StringBuilder::toString@16 (line 453)
                      ; - org.gradle.internal.logging.console.ProgressBar::formatProgress@240 (line 107)
                      ; - org.gradle.internal.logging.console.BuildStatusRenderer::renderNow@25 (line 123)
                      ; - org.gradle.internal.logging.console.BuildStatusRenderer::onOutput@321 (line 115)
  0x00000288997e27ac: 704b ecff | 448b 5424 | 2445 85d2 | 0f8d e30b | 0000 4c8b 

  0x00000288997e27c0: ;   {oop(""{0x00000000fc67d7c0})}
  0x00000288997e27c0: c0eb 0a49 | b8c0 d767 | fc00 0000 | 0041 807f | 3800 0f85 | f520 0000 | 448b 5c24 | 484c 8b4c 
  0x00000288997e27e0: 2440 498b | d948 8b4c | 2450 4c8b | d145 8953 | 384c 8b54 | 2460 498b | ea48 33cb | 48c1 e914 
  0x00000288997e2800: 4885 c974 | 1a48 c1eb | 0948 b900 | 0063 8788 | 0200 0048 | 03cb 8039 | 040f 8550 | 2100 0049 
  0x00000288997e2820: 8b8f 0801 | 0000 488b | d948 83c3 | 1849 3b9f | 1801 0000 | 0f83 822a | 0000 4989 | 9f08 0100 
  0x00000288997e2840: 000f 1883 | 0001 0000 | 48c7 0101 

  0x00000288997e284c: ;   {metadata('org/gradle/internal/logging/events/StyledTextOutputEvent$Span')}
  0x00000288997e284c: 0000 00c7 | 4108 18ed | 0a01 4489 | 610c 4489 

  0x00000288997e285c: ;   {oop(a 'org/gradle/internal/logging/text/StyledTextOutput$Style'{0x00000000fc963ec8})}
  0x00000288997e285c: 6114 c741 | 10c8 3e96 | fc89 690c | 498b b708 | 0100 004c | 8bd6 4983 | c218 4d3b | 9718 0100 
  0x00000288997e287c: 000f 8378 | 2a00 004d | 8997 0801 | 0000 410f | 1882 0001 | 0000 48c7 | 0601 0000 

  0x00000288997e2898: ;   {metadata('org/gradle/internal/logging/events/StyledTextOutputEvent$Span')}
  0x00000288997e2898: 00c7 4608 | 18ed 0a01 | 4489 660c | 4c89 6610 | 450f b653 | 1c45 85d2 | 0f85 ae44 | 0000 4c89 
  0x00000288997e28b8: 4c24 4044 | 895c 2438 

  0x00000288997e28c0: ;   {oop(a 'org/gradle/internal/logging/text/StyledTextOutput$Style'{0x00000000fc963e38})}
  0x00000288997e28c0: c746 1038 | 3e96 fc48 | 8bd9 4889 | 4c24 4849 | 8be8 4d8b | f04c 8bd6 | 4c8b 5c24 | 7849 8bfb 
  0x00000288997e28e0: ;   {oop(a 'org/gradle/internal/logging/text/StyledTextOutput$Style'{0x00000000fc963e38})}
  0x00000288997e28e0: 4c8b ee49 | bb38 3e96 | fc00 0000 | 004d 33da | 49c1 eb14 | 4d85 db74 | 1a49 c1ea | 0948 b900 
  0x00000288997e2900: 0063 8788 | 0200 0049 | 03ca 8039 | 040f 8505 | 2100 0041 | 807f 3800 | 0f85 e71f | 0000 897e 
  0x00000288997e2920: 0c4c 8b54 | 2478 4c8b | de4d 33d3 | 49c1 ea14 | 4d85 d274 | 1a49 c1eb | 0948 b900 | 0063 8788 
  0x00000288997e2940: 0200 0049 | 03cb 8039 | 040f 8580 | 2000 004d | 8b97 0801 | 0000 4d8b | da49 83c3 | 184d 3b9f 
  0x00000288997e2960: 1801 0000 | 0f83 132a | 0000 4d89 | 9f08 0100 | 0041 0f18 | 8300 0100 | 0049 c702 | 0100 0000 
  0x00000288997e2980: ;   {metadata('org/gradle/internal/logging/events/StyledTextOutputEvent$Span')}
  0x00000288997e2980: 41c7 4208 | 18ed 0a01 | 4589 620c | 4589 6214 

  0x00000288997e2990: ;   {oop(a 'org/gradle/internal/logging/text/StyledTextOutput$Style'{0x00000000fc963ec8})}
  0x00000288997e2990: 41c7 4210 | c83e 96fc | 4189 6a0c | 498b 9708 | 0100 004c | 8bda 4983 | c320 4d3b | 9f18 0100 
  0x00000288997e29b0: 000f 8383 | 2900 004d | 899f 0801 | 0000 410f | 1883 0001 | 0000 48c7 | 0201 0000 | 0041 0f18 
  0x00000288997e29d0: 8340 0100 

  0x00000288997e29d4: ;   {metadata('java/lang/Object'[])}
  0x00000288997e29d4: 00c7 4208 | 2815 0000 | 410f 1883 | 8001 0000 | c742 0c03 | 0000 004c | 8962 104c | 8962 184c 
  0x00000288997e29f4: 8954 2450 | 895a 1044 | 896a 144c | 8b54 2450 | 4d8b da44 | 895a 1841 | b803 0000 | 0066 6690 
  0x00000288997e2a14: ;   {static_call}
  0x00000288997e2a14: c5f8 77e8 

  0x00000288997e2a18: ; ImmutableOopMap {[40]=Oop [56]=NarrowOop [60]=NarrowOop [64]=Oop [104]=Oop }
                      ;*invokestatic asImmutableList {reexecute=0 rethrow=0 return_oop=1}
                      ; - com.google.common.collect.ImmutableList::asImmutableList@3 (line 361)
                      ; - com.google.common.collect.ImmutableList::construct@4 (line 352)
                      ; - com.google.common.collect.ImmutableList::of@16 (line 117)
                      ; - org.gradle.internal.logging.console.ProgressBar::formatProgress@304 (line 110)
                      ; - org.gradle.internal.logging.console.BuildStatusRenderer::renderNow@25 (line 123)
                      ; - org.gradle.internal.logging.console.BuildStatusRenderer::onOutput@321 (line 115)
  0x00000288997e2a18: a444 78f8 | 488b d841 | 807f 3800 | 0f85 0e1f | 0000 8b74 | 2438 4c8b | c349 8bd8 | 895e 3c4c 
  0x00000288997e2a38: 8b54 2440 | 4d8b d84d | 33da 49c1 | eb14 4d85 | db74 1f4d | 85c0 741a | 49c1 ea09 | 48b9 0000 
  0x00000288997e2a58: 6387 8802 | 0000 4903 | ca80 3904 | 0f85 8920 | 0000 4d8b | e8eb 0341 | 8bdd 448b | 4424 3c45 
  0x00000288997e2a78: ;   {metadata('org/gradle/internal/logging/console/DefaultRedrawableLabel')}
  0x00000288997e2a78: 8b58 0841 | 81fb 00a2 | 0a01 0f85 | 6433 0000 | 498b f841 | 807f 3800 | 0f85 3c1c | 0000 895f 
  0x00000288997e2a98: 1c4d 8bd5 | 4c8b df4d | 33d3 49c1 | ea14 4d85 | d274 1f45 | 85ed 741a | 49c1 eb09 | 48b9 0000 
  0x00000288997e2ab8: 6387 8802 | 0000 4903 | cb80 3904 | 0f85 991d | 0000 4c8b | 5424 2845 | 8b5a 2845 

  0x00000288997e2ad4: ;   {metadata('org/gradle/internal/logging/console/AnsiConsole')}
  0x00000288997e2ad4: 8b53 0841 | 81fa f086 | 0a01 0f85 | 1c33 0000 | 4d8b d345 | 8b4a 1445 | 8b59 2045 | 8b43 1045 
  0x00000288997e2af4: 8b5a 1841 | 8b4b 2044 | 8b59 0c8b | 5910 442b | c345 85db | 0f8f 1639 | 0000 4585 | c00f 8fda 
  0x00000288997e2b14: 1600 0045 | 8b5a 1c41 | 8b6a 0c45 

  0x00000288997e2b20: ;   {metadata('org/gradle/internal/logging/console/DefaultAnsiExecutor')}
  0x00000288997e2b20: 8b4b 0841 | 81f9 b0a4 | 0a01 0f85 | e032 0000 | 458b 4314 

  0x00000288997e2b34: ; implicit exception: dispatches to 0x00000288997e7b14
  0x00000288997e2b34: 418b 4808 

  0x00000288997e2b38: ;   {metadata('org/gradle/internal/logging/console/DefaultAnsiFactory')}
  0x00000288997e2b38: 81f9 2093 | 0a01 0f85 | e432 0000 | 450f b640 | 0c45 85c0 | 0f85 ee38 | 0000 4c8b | 4424 6845 
  0x00000288997e2b58: 8b40 4845 | 85c0 0f84 | 2421 0000 | 418b 5814 

  0x00000288997e2b68: ; implicit exception: dispatches to 0x00000288997e7bdc
  0x00000288997e2b68: 8b7b 0c44 | 8bcf 41ff | c941 81e1 | 0dc5 9d33 | 85ff 0f86 | 9433 0000 | 428b 4c8b | 1085 c90f 
  0x00000288997e2b88: 847b 1600 | 008b 590c 

  0x00000288997e2b90: ;   {oop(a 'org/fusesource/jansi/Ansi$2'{0x00000000fc998c28})}
  0x00000288997e2b90: 81fb 288c | 99fc 0f85 | a033 0000 | 488b c144 | 8b48 1c49 | 8bc1 448b 

  0x00000288997e2ba8: ;   {metadata('java/lang/Boolean')}
  0x00000288997e2ba8: 4808 4181 | f970 1703 | 000f 85b5 | 4d00 0044 | 0fb6 480c | 4585 c90f | 8497 3800 | 0049 8b87 
  0x00000288997e2bc8: 0801 0000 | 4c8b c049 | 83c0 184d | 3b87 1801 | 0000 0f83 | 9523 0000 | 4d89 8708 | 0100 0041 
  0x00000288997e2be8: 0f18 8000 | 0100 0048 | c700 0100 

  0x00000288997e2bf4: ;   {metadata('org/fusesource/jansi/Ansi')}
  0x00000288997e2bf4: 0000 c740 | 0890 bf09 | 0144 8960 | 0c4c 8960 | 104c 8bc8 | 498b 8708 | 0100 004c | 8bc0 4983 
  0x00000288997e2c14: c018 4d3b | 8718 0100 | 000f 8326 | 2300 004d | 8987 0801 | 0000 410f | 1880 0001 | 0000 48c7 
  0x00000288997e2c34: 0001 0000 

  0x00000288997e2c38: ;   {metadata('java/lang/StringBuilder')}
  0x00000288997e2c38: 00c7 4008 | f0f4 0000 | 4489 600c | 4c89 6010 | 4c89 5424 | 2889 6c24 | 204c 895c | 2438 4c89 
  0x00000288997e2c58: 4c24 4048 | 8944 2448 | 488b d041 | b810 0000 | 0066 6690 

  0x00000288997e2c6c: ;   {optimized virtual_call}
  0x00000288997e2c6c: c5f8 77e8 

  0x00000288997e2c70: ; ImmutableOopMap {[32]=NarrowOop [40]=Oop [56]=Oop [64]=Oop [72]=Oop }
                      ;*invokespecial <init> {reexecute=0 rethrow=0 return_oop=0}
                      ; - java.lang.StringBuilder::<init>@3 (line 106)
                      ; - org.fusesource.jansi.Ansi::<init>@5 (line 359)
                      ; - org.fusesource.jansi.Ansi::ansi@10 (line 192)
                      ; - org.gradle.internal.logging.console.DefaultAnsiFactory::create@15 (line 33)
                      ; - org.gradle.internal.logging.console.DefaultAnsiExecutor::write@4 (line 47)
                      ; - org.gradle.internal.logging.console.AnsiConsole::redraw@58 (line 79)
                      ; - org.gradle.internal.logging.console.AnsiConsole::flush@1 (line 55)
                      ; - org.gradle.internal.logging.console.BuildStatusRenderer::renderNow@37 (line 125)
                      ; - org.gradle.internal.logging.console.BuildStatusRenderer::onOutput@321 (line 115)
  0x00000288997e2c70: 4c61 f0ff | 4d8b 9f08 | 0100 004d | 8bd3 4983 | c218 4d3b | 9718 0100 | 000f 834d | 2300 004d 
  0x00000288997e2c90: 8997 0801 | 0000 410f | 1882 0001 | 0000 49c7 | 0301 0000 

  0x00000288997e2ca4: ;   {metadata('java/util/ArrayList')}
  0x00000288997e2ca4: 0041 c743 | 0820 df00 | 0045 8963 | 0c4d 8963 | 1049 8b87 | 0801 0000 | 4c8b d049 | 83c2 284d 
  0x00000288997e2cc4: 3b97 1801 | 0000 0f83 | 2823 0000 | 4d89 9708 | 0100 0041 | 0f18 8200 | 0100 0048 | c700 0100 
  0x00000288997e2ce4: 0000 410f | 1882 4001 

  0x00000288997e2cec: ;   {metadata('java/lang/Object'[])}
  0x00000288997e2cec: 0000 c740 | 0828 1500 | 0041 0f18 | 8280 0100 | 00c7 400c | 0500 0000 | 4c89 6010 | 4c89 6018 
  0x00000288997e2d0c: 4c89 6020 | 488b 7424 | 384c 8bf6 | 4c8b d045 | 8953 144c | 8bc8 4d8b | d34d 33ca | 4c8b 6c24 
  0x00000288997e2d2c: 4049 8bed | 49c1 e914 | 498b fb4c | 8b44 2448 | 498b d84d | 85c9 741a | 49c1 ea09 | 48b9 0000 
  0x00000288997e2d4c: 6387 8802 | 0000 4903 | ca80 3904 | 0f85 ad1a | 0000 4180 | 7f38 000f | 85cf 1900 | 0041 897d 
  0x00000288997e2d6c: 104d 8bd3 | 4d8b dd4d | 33d3 49c1 | ea14 4d85 | d274 1a49 | c1eb 0948 | b900 0063 | 8788 0200 
  0x00000288997e2d8c: 0049 03cb | 8039 040f | 851f 1a00 | 0041 807f | 3800 0f85 | 6119 0000 | 4189 5d0c | 4d8b d04d 
  0x00000288997e2dac: 8bdd 4d33 | d349 c1ea | 144d 85d2 | 7416 49c1 | eb09 4c8b | 4424 304d | 03c3 4180 | 3804 0f85 
  0x00000288997e2dcc: 9b19 0000 | 498b 8708 | 0100 004c | 8bd0 4983 | c220 4d3b | 9718 0100 | 000f 83ba | 2100 004d 
  0x00000288997e2dec: 8997 0801 | 0000 410f | 1882 0001 | 0000 48c7 | 0001 0000 

  0x00000288997e2e00: ;   {metadata('org/gradle/internal/logging/console/DefaultAnsiExecutor$AnsiContextImpl')}
  0x00000288997e2e00: 00c7 4008 | 50b6 0c01 | 4489 600c | 4c89 6010 | 4c89 6018 | 8968 0c44 | 8970 1844 | 8b5e 1044 
  0x00000288997e2e20: 8958 1044 | 8b56 2044 | 8950 148b | 6c24 2044 

  0x00000288997e2e30: ;   {metadata('org/gradle/internal/logging/console/AnsiConsole$1')}
  0x00000288997e2e30: 8b5d 0841 | 81fb 4095 | 0a01 0f85 | 0430 0000 | 448b 550c 

  0x00000288997e2e44: ; implicit exception: dispatches to 0x00000288997e7b50
  0x00000288997e2e44: 458b 5a14 | 4585 db0f | 8413 2f00 | 0048 8944 | 2440 4c89 | 6c24 3848 | 8974 2430 | 498b d34c 
  0x00000288997e2e64: 8bc0 6690 

  0x00000288997e2e68: ;   {optimized virtual_call}
  0x00000288997e2e68: c5f8 77e8 

  0x00000288997e2e6c: ; ImmutableOopMap {rbp=Oop [40]=Oop [48]=Oop [56]=Oop [64]=Oop }
                      ;*invokevirtual redraw {reexecute=0 rethrow=0 return_oop=0}
                      ; - org.gradle.internal.logging.console.AnsiConsole$1::execute@8 (line 30)
                      ; - org.gradle.internal.logging.console.AnsiConsole$1::execute@5 (line 27)
                      ; - org.gradle.internal.logging.console.DefaultAnsiExecutor::write@28 (line 48)
                      ; - org.gradle.internal.logging.console.AnsiConsole::redraw@58 (line 79)
                      ; - org.gradle.internal.logging.console.AnsiConsole::flush@1 (line 55)
                      ; - org.gradle.internal.logging.console.BuildStatusRenderer::renderNow@37 (line 125)
                      ; - org.gradle.internal.logging.console.BuildStatusRenderer::onOutput@321 (line 115)
  0x00000288997e2e6c: d01f feff | 448b 5d0c 

  0x00000288997e2e74: ; implicit exception: dispatches to 0x00000288997e7b60
  0x00000288997e2e74: 458b 5314 

  0x00000288997e2e78: ; implicit exception: dispatches to 0x00000288997e7b70
  0x00000288997e2e78: 450f b652 | 0c45 85d2 | 0f84 f235 | 0000 4c8b | 5424 3045 | 8b5a 0c44 | 895c 2430 | 488b 5424 
  0x00000288997e2e98: 3866 6690 

  0x00000288997e2e9c: ;   {optimized virtual_call}
  0x00000288997e2e9c: c5f8 77e8 

  0x00000288997e2ea0: ; ImmutableOopMap {[40]=Oop [48]=NarrowOop [56]=Oop }
                      ;*invokespecial flushAttributes {reexecute=0 rethrow=0 return_oop=0}
                      ; - org.fusesource.jansi.Ansi::toString@1 (line 731)
                      ; - org.gradle.internal.logging.console.DefaultAnsiExecutor::write@5 (line 106)
                      ; - org.gradle.internal.logging.console.DefaultAnsiExecutor::write@35 (line 49)
                      ; - org.gradle.internal.logging.console.AnsiConsole::redraw@58 (line 79)
                      ; - org.gradle.internal.logging.console.AnsiConsole::flush@1 (line 55)
                      ; - org.gradle.internal.logging.console.BuildStatusRenderer::renderNow@37 (line 125)
                      ; - org.gradle.internal.logging.console.BuildStatusRenderer::onOutput@321 (line 115)
  0x00000288997e2ea0: 9c73 fdff | 4c8b 5424 | 3841 8b6a | 0c85 ed0f | 84c3 2e00 | 0048 8bd5 | 4889 5424 | 2066 6690 
  0x00000288997e2ec0: ;   {optimized virtual_call}
  0x00000288997e2ec0: c5f8 77e8 

  0x00000288997e2ec4: ; ImmutableOopMap {rbp=NarrowOop [32]=Oop [40]=Oop [48]=NarrowOop }
                      ;*invokevirtual isLatin1 {reexecute=0 rethrow=0 return_oop=0}
                      ; - java.lang.StringBuilder::toString@1 (line 453)
                      ; - org.fusesource.jansi.Ansi::toString@8 (line 732)
                      ; - org.gradle.internal.logging.console.DefaultAnsiExecutor::write@5 (line 106)
                      ; - org.gradle.internal.logging.console.DefaultAnsiExecutor::write@35 (line 49)
                      ; - org.gradle.internal.logging.console.AnsiConsole::redraw@58 (line 79)
                      ; - org.gradle.internal.logging.console.AnsiConsole::flush@1 (line 55)
                      ; - org.gradle.internal.logging.console.BuildStatusRenderer::renderNow@37 (line 125)
                      ; - org.gradle.internal.logging.console.BuildStatusRenderer::onOutput@321 (line 115)
  0x00000288997e2ec4: 58eb 0000 | 448b 4d0c | 448b 5514 | 498b d285 | c00f 84be | 2200 0045 | 33c0 6690 

  0x00000288997e2ee0: ;   {static_call}
  0x00000288997e2ee0: c5f8 77e8 

  0x00000288997e2ee4: ; ImmutableOopMap {[40]=Oop [48]=NarrowOop }
                      ;*invokestatic newString {reexecute=0 rethrow=0 return_oop=1}
                      ; - java.lang.StringBuilder::toString@16 (line 453)
                      ; - org.fusesource.jansi.Ansi::toString@8 (line 732)
                      ; - org.gradle.internal.logging.console.DefaultAnsiExecutor::write@5 (line 106)
                      ; - org.gradle.internal.logging.console.DefaultAnsiExecutor::write@35 (line 49)
                      ; - org.gradle.internal.logging.console.AnsiConsole::redraw@58 (line 79)
                      ; - org.gradle.internal.logging.console.AnsiConsole::flush@1 (line 55)
                      ; - org.gradle.internal.logging.console.BuildStatusRenderer::renderNow@37 (line 125)
                      ; - org.gradle.internal.logging.console.BuildStatusRenderer::onOutput@321 (line 115)
  0x00000288997e2ee4: 3844 ecff | 448b 4424 | 3045 8b58 

  0x00000288997e2ef0: ;   {metadata('java/io/OutputStreamWriter')}
  0x00000288997e2ef0: 0841 81fb | 70e7 0900 | 0f85 6e2f | 0000 4d8b | e84c 8bc8 

  0x00000288997e2f04: ; implicit exception: dispatches to 0x00000288997e7b94
  0x00000288997e2f04: 8b70 1445 | 8b5d 1445 | 8b53 1044 | 8954 2458 

  0x00000288997e2f14: ; implicit exception: dispatches to 0x00000288997e7bbc
  0x00000288997e2f14: 8b6e 0c0f | be58 1044 | 8bd5 8bcb | 41d3 fa45 | 85d2 0f8c | 8835 0000 | 4181 fa00 | 0008 000f 
  0x00000288997e2f34: 874f 2e00 | 0049 63ca | 4d8b f341 | 81fa 0000 | 0800 0f87 | d020 0000 | 4d8b 8708 | 0100 0048 
  0x00000288997e2f54: d1e1 4883 | c117 488b | f948 83e7 | f849 8bd0 | 4803 d749 | 3b97 1801 | 0000 0f83 | a820 0000 
  0x00000288997e2f74: 4989 9708 | 0100 000f | 1882 0001 | 0000 49c7 | 0001 0000 | 000f 1882 | 4001 0000 

  0x00000288997e2f90: ;   {metadata({type array char})}
  0x00000288997e2f90: 41c7 4008 | 6861 0000 | 4589 500c | 0f18 8280 | 0100 0049 | 8bf8 4883 | c710 48c1 | e903 4883 
  0x00000288997e2fb0: c1fe 4833 | c048 83f9 | 087f 1048 | ffc9 784f | 4889 04cf | 48ff c97d | f7eb 44c5 | fdef c0e9 
  0x00000288997e2fd0: 0d00 0000 | c5fe 7f07 | c5fe 7f47 | 2048 83c7 | 4048 83e9 | 087d ed48 | 83c1 047c | 0cc5 fe7f 
  0x00000288997e2ff0: 0748 83c7 | 2048 83e9 | 0448 83c1 | 047e 1048 | ffc9 c5f9 | d607 4883 | c708 48ff | c97d f385 
  0x00000288997e3010: db0f 8517 | 3300 0041 | 3bea 0f82 | 642e 0000 | 498b f848 | 83c7 104c | 8bce 488d | 7610 418b 
  0x00000288997e3030: d28b ca83 | e10f 83e2 | f074 1c48 | 8d34 1648 | 8d3c 5748 | f7da c4e2 | 7d30 0416 | c5fe 7f04 
  0x00000288997e3050: 5748 83c2 | 1075 ef8b | d183 e107 | 83e2 f874 | 27c4 e279 | 3006 c5fa | 7f07 4883 | c608 4883 
  0x00000288997e3070: c710 e911 | 0000 00c4 | e279 3004 | 16c5 fa7f | 0457 4883 | c208 75ef | 8bd1 83fa | 047c 19c5 
  0x00000288997e3090: f96e 06c4 | e279 30c0 | c5f9 d607 | 4883 ea04 | 4883 c604 | 4883 c708 | 85d2 7418 | 488d 3416 
  0x00000288997e30b0: 488d 3c57 | 48f7 da0f | b60c 1666 | 890c 5748 | ffc2 75f3 | 448b 4c24 | 5845 85c9 | 0f84 be2c 
  0x00000288997e30d0: 0000 498b | c948 8d9c | 24c0 0000 | 0048 8b01 | 48f7 c002 | 0000 0075 | 2448 83c8 | 0148 8903 
  0x00000288997e30f0: f048 0fb1 | 190f 843e | 0000 0048 | 2bc4 4881 | e007 f0ff | ff48 8903 | e92c 0000 | 0048 8bf8 
  0x00000288997e3110: 4833 c0f0 | 4c0f b17f | 3e48 c703 | 0300 0000 | 0f84 1300 | 0000 4c3b | f80f 850a | 0000 0048 
  0x00000288997e3130: ff87 8600 | 0000 4833 | c00f 8571 | 2d00 0045 | 0fb6 4b16 | 4585 c90f | 858f 3300 | 0045 85d2 
  0x00000288997e3150: 0f85 be00 | 0000 488d | 8424 c000 | 0000 4881 | 3800 0000 | 000f 8483 | 0000 004c | 8b11 49f7 
  0x00000288997e3170: c202 0000 | 0074 6f49 | 81ba 8600 | 0000 0000 | 0000 7409 | 49ff 8a86 | 0000 00eb | 5149 8b82 
  0x00000288997e3190: 9600 0000 | 490b 828e | 0000 0075 | 0a49 c742 | 3e00 0000 | 00eb 4749 | 81ba 9e00 | 0000 0000 
  0x00000288997e31b0: 0000 7425 | 4833 c049 | c742 3e00 | 0000 00f0 | 8304 2400 | 4981 ba9e | 0000 0000 | 0000 0075 
  0x00000288997e31d0: 0df0 4d0f | b17a 3e75 | 0583 c801 | eb10 f7c0 | 0000 0000 | eb08 4c8b | 10f0 4c0f | b111 0f84 
  0x00000288997e31f0: 6f01 0000 | 488d 9424 | c000 0000 | 4d8b c7c5 | f877 49ba | 1045 6cfa | f87f 0000 | 41ff d2e9 
  0x00000288997e3210: 4f01 0000 | 498b 8708 | 0100 004c | 8bc8 4983 

  0x00000288997e3220: ;   {metadata('java/lang/IllegalArgumentException')}
  0x00000288997e3220: c138 48bd | 782b 06a5 | 8802 0000 | 4d3b 8f18 | 0100 000f | 8318 1f00 | 004d 898f | 0801 0000 
  0x00000288997e3240: 410f 1881 | 0001 0000 | 48c7 0001 

  0x00000288997e324c: ;   {metadata('java/nio/HeapCharBuffer')}
  0x00000288997e324c: 0000 00c7 | 4008 d072 | 0800 4489 | 600c 4c89 | 6010 4c89 | 6018 4c89 | 6020 4c89 | 6028 4c89 
  0x00000288997e326c: 6030 4c89 | 6c24 2044 | 895c 2430 | 4c89 7424 | 384c 8944 | 2440 4489 | 5424 3448 | 894c 2448 
  0x00000288997e328c: 4889 4424 | 5048 8bd0 | 4c8b 4424 | 4045 33c9 | 8b7c 2434 | 33f6 6690 

  0x00000288997e32a4: ;   {optimized virtual_call}
  0x00000288997e32a4: c5f8 77e8 

  0x00000288997e32a8: ; ImmutableOopMap {[32]=Oop [40]=Oop [48]=NarrowOop [56]=Oop [72]=Oop [80]=Oop [88]=NarrowOop }
                      ;*invokespecial <init> {reexecute=0 rethrow=0 return_oop=0}
                      ; - java.nio.CharBuffer::wrap@8 (line 408)
                      ; - sun.nio.cs.StreamEncoder::implWrite@3 (line 281)
                      ; - sun.nio.cs.StreamEncoder::write@60 (line 132)
                      ; - sun.nio.cs.StreamEncoder::write@33 (line 142)
                      ; - java.io.Writer::write@7 (line 249)
                      ; - java.io.OutputStreamWriter::append@29 (line 237)
                      ; - java.io.OutputStreamWriter::append@2 (line 76)
                      ; - org.gradle.internal.logging.console.DefaultAnsiExecutor::write@8 (line 106)
                      ; - org.gradle.internal.logging.console.DefaultAnsiExecutor::write@35 (line 49)
                      ; - org.gradle.internal.logging.console.AnsiConsole::redraw@58 (line 79)
                      ; - org.gradle.internal.logging.console.AnsiConsole::flush@1 (line 55)
                      ; - org.gradle.internal.logging.console.BuildStatusRenderer::renderNow@37 (line 125)
                      ; - org.gradle.internal.logging.console.BuildStatusRenderer::onOutput@321 (line 115)
  0x00000288997e32a8: b46d 75f8 | 488b 5424 | 384c 8b44 | 2450 6690 

  0x00000288997e32b8: ;   {optimized virtual_call}
  0x00000288997e32b8: c5f8 77e8 

  0x00000288997e32bc: ; ImmutableOopMap {[32]=Oop [40]=Oop [72]=Oop }
                      ;*invokevirtual implWrite {reexecute=0 rethrow=0 return_oop=0}
                      ; - sun.nio.cs.StreamEncoder::implWrite@11 (line 282)
                      ; - sun.nio.cs.StreamEncoder::write@60 (line 132)
                      ; - sun.nio.cs.StreamEncoder::write@33 (line 142)
                      ; - java.io.Writer::write@7 (line 249)
                      ; - java.io.OutputStreamWriter::append@29 (line 237)
                      ; - java.io.OutputStreamWriter::append@2 (line 76)
                      ; - org.gradle.internal.logging.console.DefaultAnsiExecutor::write@8 (line 106)
                      ; - org.gradle.internal.logging.console.DefaultAnsiExecutor::write@35 (line 49)
                      ; - org.gradle.internal.logging.console.AnsiConsole::redraw@58 (line 79)
                      ; - org.gradle.internal.logging.console.AnsiConsole::flush@1 (line 55)
                      ; - org.gradle.internal.logging.console.BuildStatusRenderer::renderNow@37 (line 125)
                      ; - org.gradle.internal.logging.console.BuildStatusRenderer::onOutput@321 (line 115)
  0x00000288997e32bc: 6047 75f8 | 4c8b 5c24 | 4848 8d84 | 24c0 0000 | 0048 8138 | 0000 0000 | 0f84 8300 | 0000 4d8b 
  0x00000288997e32dc: 1349 f7c2 | 0200 0000 | 746f 4981 | ba86 0000 | 0000 0000 | 0074 0949 | ff8a 8600 | 0000 eb51 
  0x00000288997e32fc: 498b 8296 | 0000 0049 | 0b82 8e00 | 0000 750a | 49c7 423e | 0000 0000 | eb47 4981 | ba9e 0000 
  0x00000288997e331c: 0000 0000 | 0074 2548 | 33c0 49c7 | 423e 0000 | 0000 f083 | 0424 0049 | 81ba 9e00 | 0000 0000 
  0x00000288997e333c: 0000 750d | f04d 0fb1 | 7a3e 7505 | 83c8 01eb | 10f7 c000 | 0000 00eb | 084c 8b10 | f04d 0fb1 
  0x00000288997e335c: 130f 8585 | 2d00 004c | 8b54 2428 | 458b 5a10 

  0x00000288997e336c: ; implicit exception: dispatches to 0x00000288997e7bcc
  0x00000288997e336c: 458b 5308 

  0x00000288997e3370: ;   {metadata('java/io/OutputStreamWriter')}
  0x00000288997e3370: 4181 fa70 | e709 000f | 8584 2b00 | 0049 8bd3 

  0x00000288997e3380: ;   {optimized virtual_call}
  0x00000288997e3380: c5f8 77e8 

  0x00000288997e3384: ; ImmutableOopMap {}
                      ;*invokeinterface flush {reexecute=0 rethrow=0 return_oop=0}
                      ; - org.gradle.internal.logging.console.AnsiConsole::flush@8 (line 57)
                      ; - org.gradle.internal.logging.console.BuildStatusRenderer::renderNow@37 (line 125)
                      ; - org.gradle.internal.logging.console.BuildStatusRenderer::onOutput@321 (line 115)
  0x00000288997e3384: b836 6ff8 | c5f8 7748 | 81c4 d000 

  0x00000288997e3390: ;   {poll_return}
  0x00000288997e3390: 0000 5d49 | 3ba7 4803 | 0000 0f87 | d051 0000 | c344 8b5c | 2458 442b | 5c24 7041 | ffcb 4585 
  0x00000288997e33b0: db0f 8e0c | f4ff ff4c | 8bc0 448b | 5814 458b | 4b0c 0fbe | 4810 41d3 | f945 3bd1 | 0f8d fbf3 
  0x00000288997e33d0: ffff 488b | d045 33c0 | 458b ca90 

  0x00000288997e33dc: ;   {optimized virtual_call}
  0x00000288997e33dc: c5f8 77e8 

  0x00000288997e33e0: ; ImmutableOopMap {[40]=Oop [60]=NarrowOop [64]=Oop [72]=NarrowOop [80]=Oop [96]=Oop [104]=Oop [120]=Oop }
                      ;*invokevirtual substring {reexecute=0 rethrow=0 return_oop=1}
                      ; - org.gradle.internal.logging.console.ProgressBar::trimToConsole@39 (line 137)
                      ; - org.gradle.internal.logging.console.ProgressBar::formatProgress@243 (line 105)
                      ; - org.gradle.internal.logging.console.BuildStatusRenderer::renderNow@25 (line 123)
                      ; - org.gradle.internal.logging.console.BuildStatusRenderer::onOutput@321 (line 115)
  0x00000288997e33e0: 9cdf 79ff | 4c8b c0e9 | e1f3 ffff | 8b5c 2464 | d3e3 41bb | 0200 0000 | 41d3 e341 | 2bd9 4503 
  0x00000288997e3400: d941 3bdb | 448b c345 | 0f4c c345 | 03c1 458b | d041 ffca | 4181 faf7 | ffff 7f0f | 8357 3c00 
  0x00000288997e3420: 0041 81f8 | ffff ff7f | 0f84 6e39 | 0000 41d3 | f841 d3e0 | 4489 4424 | 7c41 81f8 | 0000 1000 
  0x00000288997e3440: 0f87 ae39 | 0000 4d63 | d845 3bc8 | 418b e841 | 0f4c e944 | 3bcd 0f82 | 123a 0000 | 443b c50f 
  0x00000288997e3460: 8209 3a00 | 0049 83c3 | 174c 899c | 2480 0000 | 004d 8bd3 | 4983 e2f8 | 4c89 9424 | 8800 0000 
  0x00000288997e3480: 4181 f800 | 0010 000f | 87d8 2300 | 0049 8b9f | 0801 0000 | 4c8b db4d | 03da 4d3b | 9f18 0100 
  0x00000288997e34a0: 000f 83be | 2300 004d | 899f 0801 | 0000 410f | 1883 0001 | 0000 48c7 | 0301 0000 | 0041 0f18 
  0x00000288997e34c0: 8340 0100 

  0x00000288997e34c4: ;   {metadata({type array byte})}
  0x00000288997e34c4: 00c7 4308 | 3867 0000 | 4489 430c | 410f 1883 | 8001 0000 | 4c8b d349 | 83c2 1049 | 8bd2 4c8b 
  0x00000288997e34e4: 8c24 8000 | 0000 49c1 | e903 488b | f385 ed0f | 8406 3900 | 0044 8b5c | 2478 448b | 5424 784d 
  0x00000288997e3504: 8d52 103b | 6c24 7c0f | 8cca 1700 | 004c 8b84 | 2488 0000 | 0049 83c0 | f049 c1e8 | 0349 8bca 
  0x00000288997e3524: c5f8 7749 | ba60 86f6 | 9888 0200 | 0041 ffd2 | 4180 7f38 | 000f 8532 | 1800 004c | 8b54 2470 
  0x00000288997e3544: 4189 7214 | 4c8b d34c | 8b5c 2470 | 4d33 d349 | c1ea 144d | 85d2 741a | 49c1 eb09 | 48b9 0000 
  0x00000288997e3564: 6387 8802 | 0000 4903 | cb80 3904 | 0f85 3318 | 0000 4c8b | 5424 7041 | 0fbe 4a10 | e92c dfff 
  0x00000288997e3584: ff41 8bda | d3e3 41bb | 0200 0000 | 41d3 e341 | 2bd8 4503 | d841 3bdb | 448b cb45 | 0f4c cb45 
  0x00000288997e35a4: 03c8 458b | d141 ffca | 4181 faf7 | ffff 7f0f | 835b 3b00 | 0041 81f9 | ffff ff7f | 0f84 0639 
  0x00000288997e35c4: 0000 41d3 | f941 d3e1 | 4489 8c24 | 9000 0000 | 4181 f900 | 0010 000f | 873b 3900 | 004d 63d9 
  0x00000288997e35e4: 453b c141 | 8be9 410f | 4ce8 443b | c50f 829f | 3900 0044 | 3bcd 0f82 | 9639 0000 | 4983 c317 
  0x00000288997e3604: 4c89 9c24 | 9800 0000 | 4d8b d349 | 83e2 f84c | 8994 24a0 | 0000 0041 | 81f9 0000 | 1000 0f87 
  0x00000288997e3624: 5822 0000 | 498b 9f08 | 0100 004c | 8bdb 4d03 | da4d 3b9f | 1801 0000 | 0f83 3e22 | 0000 4d89 
  0x00000288997e3644: 9f08 0100 | 0041 0f18 | 8300 0100 | 0048 c703 | 0100 0000 | 410f 1883 | 4001 0000 

  0x00000288997e3660: ;   {metadata({type array byte})}
  0x00000288997e3660: c743 0838 | 6700 0044 | 894b 0c41 | 0f18 8380 | 0100 004c | 8bd3 4983 | c210 498b | d24c 8b8c 
  0x00000288997e3680: 2498 0000 | 0049 c1e9 | 0348 8bf3 | 85ed 0f84 | 9338 0000 | 448b 5424 | 7c44 8b5c | 247c 4d8d 
  0x00000288997e36a0: 5310 3bac | 2490 0000 | 000f 8c43 | 1700 004c | 8b84 24a0 | 0000 0049 | 83c0 f049 | c1e8 0349 
  0x00000288997e36c0: 8bca c5f8 | 7749 ba60 | 86f6 9888 | 0200 0041 | ffd2 4180 | 7f38 000f | 85ab 1700 | 004c 8b54 
  0x00000288997e36e0: 2470 4189 | 7214 4c8b | db4d 33da | 49c1 eb14 | 4d85 db74 | 1a49 c1ea | 0948 b900 | 0063 8788 
  0x00000288997e3700: 0200 0049 | 03ca 8039 | 040f 85b1 | 1700 004c | 8b54 2470 | 410f be4a | 10e9 49da 

  0x00000288997e371c: ;   {metadata('org/gradle/internal/logging/events/ProgressCompleteEvent')}
  0x00000288997e371c: ffff 81fb | a845 0c01 | 0f85 f3d3 

  0x00000288997e3728: ;   {metadata('org/gradle/internal/logging/events/ProgressCompleteEvent')}
  0x00000288997e3728: ffff 81fb | a845 0c01 | 0f85 6a42 | 0000 4d8b | d044 8b5a | 3045 8b42 | 1c4d 8b48 | 1045 3bc3 
  0x00000288997e3748: 0f84 b238 | 0000 4585 | db74 0a4d | 3b4b 100f | 84a3 3800 | 0044 8b59 

  0x00000288997e3760: ;   {metadata('java/util/HashSet')}
  0x00000288997e3760: 0841 81fb | 90a8 1100 | 0f85 aa38 | 0000 4c8b | d945 8b5b | 0c41 8b4b 

  0x00000288997e3778: ;   {metadata('java/util/HashMap')}
  0x00000288997e3778: 0881 f9b0 | 4b0b 000f | 85b3 3800 | 0049 8bea | 895c 2430 | 4889 5424 | 284c 8974 | 2420 498b 
  0x00000288997e3798: d366 6690 

  0x00000288997e379c: ;   {optimized virtual_call}
  0x00000288997e379c: c5f8 77e8 

  0x00000288997e37a0: ; ImmutableOopMap {rbp=Oop [32]=Oop [40]=Oop [104]=Oop }
                      ;*invokevirtual remove {reexecute=0 rethrow=0 return_oop=1}
                      ; - java.util.HashSet::remove@5 (line 237)
                      ; - org.gradle.internal.logging.console.BuildStatusRenderer::onOutput@275 (line 106)
  0x00000288997e37a0: 5c95 feff 

  0x00000288997e37a4: ;   {oop(a 'java/lang/Object'{0x00000000fc67e6c0})}
  0x00000288997e37a4: 49ba c0e6 | 67fc 0000 | 0000 493b | c275 2448 | 8b54 2428 | 4c8b c590 

  0x00000288997e37bc: ;   {optimized virtual_call}
  0x00000288997e37bc: c5f8 77e8 

  0x00000288997e37c0: ; ImmutableOopMap {rbp=Oop [32]=Oop [40]=Oop [104]=Oop }
                      ;*invokespecial phaseProgressed {reexecute=0 rethrow=0 return_oop=0}
                      ; - org.gradle.internal.logging.console.BuildStatusRenderer::onOutput@285 (line 107)
  0x00000288997e37c0: bc4f 0000 | 4c8b 7424 | 2048 8b74 | 2428 8b5c | 2430 e946 | d3ff ff4c | 8b74 2420 | 488b 7424 
  0x00000288997e37e0: 288b 5c24 | 30e9 33d3 

  0x00000288997e37e8: ;   {metadata('org/gradle/internal/logging/events/EndOutputEvent')}
  0x00000288997e37e8: ffff 81fb | 104e 0101 | 0f85 13d4 | ffff ba45 | ffff ff48 | 8bee 4c89 | 4c24 284c | 8974 2430 
  0x00000288997e3808: ;   {runtime_call UncommonTrapBlob}
  0x00000288997e3808: c5f8 77e8 

  0x00000288997e380c: ; ImmutableOopMap {rbp=Oop [40]=Oop [48]=Oop }
                      ;*ifeq {reexecute=1 rethrow=0 return_oop=0}
                      ; - (reexecute) org.gradle.internal.logging.console.WorkInProgressRenderer::onOutput@29 (line 72)
                      ; - org.gradle.internal.logging.console.BuildStatusRenderer::onOutput@293 (line 111)
  0x00000288997e380c: f030 7aff 

  0x00000288997e3810: ;   {metadata('org/gradle/internal/logging/events/RenderableOutputEvent')}
  0x00000288997e3810: 49ba 0893 | 01a6 8802 | 0000 48b9 | 0000 00a5 | 8802 0000 | 4903 c848 | 8b49 4849 | 3bca 0f85 
  0x00000288997e3830: 9d07 0000 

  0x00000288997e3834: ;   {metadata('org/gradle/internal/logging/events/LogEvent')}
  0x00000288997e3834: 4181 f898 | a508 010f | 85b3 4100 | 0041 8be8 | 4c8b 4424 | 2849 8bd1 

  0x00000288997e384c: ;   {optimized virtual_call}
  0x00000288997e384c: c5f8 77e8 

  0x00000288997e3850: ; ImmutableOopMap {[40]=Oop [48]=Oop [56]=Oop [104]=Oop }
                      ;*invokespecial handleOutput {reexecute=0 rethrow=0 return_oop=0}
                      ; - org.gradle.internal.logging.sink.GroupingProgressLogEventGenerator::onOutput@30 (line 74)
                      ; - org.gradle.internal.logging.console.BuildLogLevelFilterRenderer::onOutput@47 (line 41)
                      ; - org.gradle.internal.logging.console.WorkInProgressRenderer::onOutput@47 (line 76)
                      ; - org.gradle.internal.logging.console.BuildStatusRenderer::onOutput@293 (line 111)
  0x00000288997e3850: 3b4f 0000 | 41b9 0100 | 0000 48bb | 0000 6387 | 8802 0000 | 448b c5e9 | ccd5 ffff 

  0x00000288997e386c: ;   {metadata('org/gradle/internal/logging/events/EndOutputEvent')}
  0x00000288997e386c: 4181 f810 | 4e01 010f | 8473 3700 

  0x00000288997e3878: ;   {metadata('org/gradle/internal/logging/events/FlushOutputEvent')}
  0x00000288997e3878: 0041 81f8 | 083d 0101 | 0f85 02fb | ffff ba45 | ffff ff48 | 8b6c 2438 

  0x00000288997e3890: ;   {runtime_call UncommonTrapBlob}
  0x00000288997e3890: c5f8 77e8 

  0x00000288997e3894: ; ImmutableOopMap {rbp=Oop }
                      ;*ifeq {reexecute=1 rethrow=0 return_oop=0}
                      ; - (reexecute) org.gradle.internal.logging.console.BuildStatusRenderer::onOutput@338 (line 116)
  0x00000288997e3894: 6830 7aff | 4585 c00f | 8736 0100 

  0x00000288997e38a0: ;   {oop(a 'java/lang/Object'[0] {0x00000000fc6c72b0})}
  0x00000288997e38a0: 0081 f9b0 | 726c fc0f | 852a 0100 | 00b9 0a00 | 0000 4183 | fa0a 458b | c244 0f4e | c141 81f8 
  0x00000288997e38c0: 0000 0400 | 0f87 de1f | 0000 498b | 9708 0100 | 0049 63c8 | 48c1 e102 | 4883 c117 | 488b f948 
  0x00000288997e38e0: 83e7 f848 | 8bc2 4803 | c749 3b87 | 1801 0000 | 0f83 b21f | 0000 4989 | 8708 0100 | 000f 1880 
  0x00000288997e3900: 0001 0000 | 48c7 0201 | 0000 000f | 1880 4001 

  0x00000288997e3910: ;   {metadata('java/lang/Object'[])}
  0x00000288997e3910: 0000 c742 | 0828 1500 | 0044 8942 | 0c0f 1880 | 8001 0000 | 488b fa48 | 83c7 1048 | c1e9 0348 
  0x00000288997e3930: 83c1 fe48 | 33c0 4883 | f908 7f10 | 48ff c978 | 4f48 8904 | cf48 ffc9 | 7df7 eb44 | c5fd efc0 
  0x00000288997e3950: e90d 0000 | 00c5 fe7f | 07c5 fe7f | 4720 4883 | c740 4883 | e908 7ded | 4883 c104 | 7c0c c5fe 
  0x00000288997e3970: 7f07 4883 | c720 4883 | e904 4883 | c104 7e10 | 48ff c9c5 | f9d6 0748 | 83c7 0848 | ffc9 7df3 
  0x00000288997e3990: 4180 7f38 | 000f 8506 | 1700 004d | 8bc5 488b | ca41 894d | 1448 8bca | 4933 c848 | c1e9 1448 
  0x00000288997e39b0: 85c9 0f84 | 2002 0000 | 49c1 e809 | 48b9 0000 | 6387 8802 | 0000 4903 | c880 3904 | 0f85 fe16 
  0x00000288997e39d0: 0000 e901 | 0200 0044 | 8954 243c | 894c 2458 | 4c89 6c24 | 504c 894c | 2448 4c8b | 5424 684c 
  0x00000288997e39f0: 8954 2440 | 895c 2438 | 4889 7424 | 284c 8974 | 2430 458b | cb44 895c | 2460 452b | c845 8bd0 
  0x00000288997e3a10: 4489 4424 | 5c41 d1fa | 41ff c145 | 3bca 458b | d945 0f4c | da45 8bc3 | 4403 4424 | 5c44 8944 
  0x00000288997e3a30: 2464 41ff | c841 81f8 | f7ff ff7f | 0f83 5e39 | 0000 448b | 4908 48ba | 0000 00a5 | 8802 0000 
  0x00000288997e3a50: 4903 d14c | 8b52 704d | 8b02 8b4c | 2464 85c9 | 0f8c c537 | 0000 448b | 5214 4963 | ca48 8b0c 
  0x00000288997e3a70: 0a48 3bd1 | 0f85 c306 | 0000 4c63 | 5424 5c4d | 63db 4d03 | da4d 8bd3 | 49c1 e202 | 4983 c217 
  0x00000288997e3a90: 4c89 5424 | 6844 8b5c | 2464 4181 | fb00 0004 | 000f 8796 | 2100 004d | 8b97 0801 | 0000 498b 
  0x00000288997e3ab0: ca4c 8b54 | 2468 4983 | e2f8 4c8b | d94d 03da | 4d3b 9f18 | 0100 000f | 8370 2100 | 004d 899f 
  0x00000288997e3ad0: 0801 0000 | 410f 1883 | 0001 0000 | 4c8b d149 | c702 0100 | 0000 4589 | 4a08 448b | 5424 6444 
  0x00000288997e3af0: 8951 0c41 | 0f18 8340 | 0100 0041 | 0f18 8380 | 0100 004c | 8bd1 498b | f244 8b5c | 245c 443b 
  0x00000288997e3b10: 5c24 6444 | 8b54 2464 | 450f 4cd3 | 4c8b de49 | 83c3 104d | 8bcb 4c8b | 5c24 6849 | c1eb 0349 
  0x00000288997e3b30: 8bcb 488b | de45 85d2 | 0f84 7e36 | 0000 448b | 5c24 584d | 8d5b 1049 | 8bd3 4d63 | c244 3b54 
  0x00000288997e3b50: 2464 0f8c | e91b 0000 | 488b ca49 | 8bd1 c5f8 | 7749 bae0 | 82f6 9888 | 0200 0041 | ffd2 4180 
  0x00000288997e3b70: 7f38 000f | 854f 1c00 | 004c 8b6c | 2450 4189 | 5d14 488b | d64c 8bd2 | 4d8b dd4d | 33d3 49c1 
  0x00000288997e3b90: ea14 4d85 | d274 1a49 | c1eb 0948 | b900 0063 | 8788 0200 | 0049 03cb | 8039 040f | 854f 1c00 
  0x00000288997e3bb0: 004c 8b74 | 2430 488b | 7424 288b | 5c24 384c | 8b54 2440 | 4c89 5424 | 684c 8b4c | 2448 448b 
  0x00000288997e3bd0: 5c24 6044 | 8b54 243c | 448b 420c | 488b eae9 | 8bcf ffff | 4489 5424 | 544d 8b9f | 0801 0000 
  0x00000288997e3bf0: 4d8b d349 | 83c2 404d | 3b97 1801 | 0000 0f83 | 001d 0000 | 4d89 9708 | 0100 0041 | 0f18 8200 
  0x00000288997e3c10: 0100 0049 | c703 0100 

  0x00000288997e3c18: ;   {metadata('org/gradle/internal/logging/sink/GroupingProgressLogEventGenerator$OperationGroup')}
  0x00000288997e3c18: 0000 41c7 | 4308 6898 | 1201 4589 | 630c 4d89 | 6310 4d89 | 6318 4d89 | 6320 4d89 | 6328 4d89 
  0x00000288997e3c38: 6330 4d89 | 6338 4d8b | d341 896a | 0c44 8b5c | 2450 4589 | 5a10 4c89 | 5424 604c | 8b54 2448 
  0x00000288997e3c58: 458b 520c | 4489 5424 | 284c 8b54 | 2448 458b | 5a2c 4489 | 5c24 704d | 8b52 104c | 8954 2478 
  0x00000288997e3c78: 448b 5c24 | 284d 8bd3 | 4c89 9424 | 8000 0000 | 448b 5424 | 704c 8994 | 2488 0000 | 0044 8b5c 
  0x00000288997e3c98: 2424 498b | eb4c 8b54 | 2440 4d8b | da4c 8b54 | 2460 4589 

  0x00000288997e3cac: ;   {oop(""{0x00000000fc67d7c0})}
  0x00000288997e3cac: 5a38 41c7 | 422c c0d7 

  0x00000288997e3cb4: ;   {oop(""{0x00000000fc67d7c0})}
  0x00000288997e3cb4: 67fc 49bb | c0d7 67fc | 0000 0000 | 4d33 da49 | c1eb 144d | 85db 741a | 49c1 ea09 | 48b9 0000 
  0x00000288997e3cd4: 6387 8802 | 0000 4903 | ca80 3904 | 0f85 1519 | 0000 4180 | 7f38 000f | 8581 1700 | 004c 8b54 
  0x00000288997e3cf4: ;   {oop(""{0x00000000fc67d7c0})}
  0x00000288997e3cf4: 2460 41c7 | 4230 c0d7 

  0x00000288997e3cfc: ;   {oop(""{0x00000000fc67d7c0})}
  0x00000288997e3cfc: 67fc 49ba | c0d7 67fc | 0000 0000 | 4c8b 5c24 | 604d 33d3 | 49c1 ea14 | 4d85 d274 | 1a49 c1eb 
  0x00000288997e3d1c: 0948 b900 | 0063 8788 | 0200 0049 | 03cb 8039 | 040f 857f | 1800 004d | 8b97 0801 | 0000 4d8b 
  0x00000288997e3d3c: da49 83c3 | 184d 3b9f | 1801 0000 | 0f83 d21b | 0000 4d89 | 9f08 0100 | 0041 0f18 | 8300 0100 
  0x00000288997e3d5c: 0049 c702 | 0100 0000 

  0x00000288997e3d64: ;   {metadata('java/util/ArrayList')}
  0x00000288997e3d64: 41c7 4208 | 20df 0000 | 4589 620c | 4589 6210 

  0x00000288997e3d74: ;   {oop(a 'java/lang/Object'[0] {0x00000000fc6c72b0})}
  0x00000288997e3d74: 41c7 4214 | b072 6cfc | 498b da41 | 807f 3800 | 0f85 5817 | 0000 4c8b | 5424 604c | 8bdb 4d33 
  0x00000288997e3d94: da4c 8bcb | 4c8b 4424 | 6045 8948 | 3449 c1eb | 144d 85db | 741a 49c1 | ea09 48b9 | 0000 6387 
  0x00000288997e3db4: 8802 0000 | 4903 ca80 | 3904 0f85 | a517 0000 | 4180 7f38 | 000f 85db | 1600 004c | 8b54 2460 
  0x00000288997e3dd4: 448b 5c24 | 2845 895a | 204c 8b94 | 2480 0000 | 004c 8b5c | 2460 4d33 | d349 c1ea | 144d 85d2 
  0x00000288997e3df4: 7424 448b | 4424 2845 | 85c0 741a | 49c1 eb09 | 48b9 0000 | 6387 8802 | 0000 4903 | cb80 3904 
  0x00000288997e3e14: 0f85 2a18 | 0000 4180 | 7f38 000f | 8515 1600 | 004c 8b54 | 2460 448b | 5c24 7045 | 895a 244c 
  0x00000288997e3e34: 8b5c 2478 | 4d89 5a18 | 4c8b 9424 | 8800 0000 | 4c8b 5c24 | 604d 33d3 | 49c1 ea14 | 4d85 d274 
  0x00000288997e3e54: 2444 8b44 | 2470 4585 | c074 1a49 | c1eb 0948 | b900 0063 | 8788 0200 | 0049 03cb | 8039 040f 
  0x00000288997e3e74: 8514 1800 | 0041 807f | 3800 0f85 | 7815 0000 | 4c8b 5424 | 6044 8b5c | 2424 4589 | 5a28 4c8b 
  0x00000288997e3e94: dd4d 8bc2 | 4d33 d849 | c1eb 144d | 85db 741a | 49c1 e809 | 48b9 0000 | 6387 8802 | 0000 4903 
  0x00000288997e3eb4: c880 3904 | 0f85 5c16 | 0000 448b | 5c24 2045 

  0x00000288997e3ec4: ;   {metadata('java/util/LinkedHashMap')}
  0x00000288997e3ec4: 8b43 0841 | 81f8 b04f | 0b00 0f85 | ac32 0000 | 448b 4c24 | 5045 85c9 | 0f84 7b19 | 0000 4d8b 
  0x00000288997e3ee4: 4110 4d8b | c849 c1e9 | 204d 33c8 | 418b c944 | 8bc1 41c1 | e810 4433 | c149 8bd3 | 488b 6c24 
  0x00000288997e3f04: 404c 8b4c | 2458 498b | fa33 f6b9 | 0100 0000 

  0x00000288997e3f14: ;   {optimized virtual_call}
  0x00000288997e3f14: c5f8 77e8 

  0x00000288997e3f18: ; ImmutableOopMap {rbp=Oop [48]=Oop [56]=Oop [72]=Oop [104]=Oop }
                      ;*invokevirtual putVal {reexecute=0 rethrow=0 return_oop=1}
                      ; - java.util.HashMap::put@9 (line 610)
                      ; - org.gradle.internal.logging.sink.GroupingProgressLogEventGenerator::onStart@58 (line 91)
                      ; - org.gradle.internal.logging.sink.GroupingProgressLogEventGenerator::onOutput@12 (line 72)
                      ; - org.gradle.internal.logging.console.BuildLogLevelFilterRenderer::onOutput@47 (line 41)
                      ; - org.gradle.internal.logging.console.WorkInProgressRenderer::onOutput@47 (line 76)
                      ; - org.gradle.internal.logging.console.BuildStatusRenderer::onOutput@293 (line 111)
  0x00000288997e3f18: 4458 feff | e902 cfff 

  0x00000288997e3f20: ;   {oop(a 'org/gradle/internal/logging/console/BuildStatusRenderer$Phase'{0x00000000fe456cb0})}
  0x00000288997e3f20: ff41 81fa | b06c 45fe | 0f85 efcb | ffff 448b 

  0x00000288997e3f30: ;   {metadata('java/util/HashSet')}
  0x00000288997e3f30: 5108 4181 | fa90 a811 | 000f 8525 | 3300 004c | 8bd1 458b | 5a0c 458b | 5308 498b 

  0x00000288997e3f4c: ;   {metadata('java/util/LinkedHashMap')}
  0x00000288997e3f4c: d341 81fa | b04f 0b00 | 0f85 2a02 | 0000 4585 | c00f 843d | 1900 004d | 8b50 104d | 8bda 49c1 
  0x00000288997e3f6c: eb20 4d33 | da45 8bdb | 458b c341 | c1e8 1045 | 33c3 4c8b | 5424 684c | 8954 2438 | 895c 2430 
  0x00000288997e3f8c: 4889 7424 | 284c 8974 | 2420 488b 

  0x00000288997e3f98: ;   {oop(a 'java/lang/Object'{0x00000000fc67e6c0})}
  0x00000288997e3f98: ef48 bfc0 | e667 fc00 | 0000 0033 | f6b9 0100 | 0000 6690 

  0x00000288997e3fac: ;   {optimized virtual_call}
  0x00000288997e3fac: c5f8 77e8 

  0x00000288997e3fb0: ; ImmutableOopMap {rbp=Oop [32]=Oop [40]=Oop [56]=Oop }
                      ;*invokevirtual putVal {reexecute=0 rethrow=0 return_oop=1}
                      ; - java.util.HashMap::put@9 (line 610)
                      ; - java.util.HashSet::add@8 (line 221)
                      ; - org.gradle.internal.logging.console.BuildStatusRenderer::onOutput@225 (line 99)
  0x00000288997e3fb0: ccd3 79ff | 4c8b 7424 | 2048 8b74 | 2428 8b5c | 2430 4c8b | 5424 384c | 8954 2468 | e94c cbff 
  0x00000288997e3fd0: ;   {metadata('org/gradle/internal/logging/events/ProgressCompleteEvent')}
  0x00000288997e3fd0: ff41 81f8 | a845 0c01 | 0f85 1703 | 0000 488b | 6c24 2844 | 8b55 1c41 

  0x00000288997e3fe8: ;   {metadata('java/util/LinkedHashMap')}
  0x00000288997e3fe8: 8b5b 0881 | fbb0 4f0b | 000f 8553 | 3300 004c | 894c 2440 | 498b d34d | 8bc2 6690 

  0x00000288997e4004: ;   {optimized virtual_call}
  0x00000288997e4004: c5f8 77e8 

  0x00000288997e4008: ; ImmutableOopMap {rbp=Oop [48]=Oop [56]=Oop [64]=Oop [104]=Oop }
                      ;*invokeinterface remove {reexecute=0 rethrow=0 return_oop=1}
                      ; - org.gradle.internal.logging.sink.GroupingProgressLogEventGenerator::onComplete@8 (line 113)
                      ; - org.gradle.internal.logging.sink.GroupingProgressLogEventGenerator::onOutput@48 (line 76)
                      ; - org.gradle.internal.logging.console.BuildLogLevelFilterRenderer::onOutput@47 (line 41)
                      ; - org.gradle.internal.logging.console.WorkInProgressRenderer::onOutput@47 (line 76)
                      ; - org.gradle.internal.logging.console.BuildStatusRenderer::onOutput@293 (line 111)
  0x00000288997e4008: f48c feff 

  0x00000288997e400c: ; implicit exception: dispatches to 0x00000288997e7de4
  0x00000288997e400c: 448b 5808 | 49ba 0000 | 00a5 8802 | 0000 4d03 | d34d 8b52 

  0x00000288997e4020: ;   {metadata('org/gradle/internal/logging/sink/GroupingProgressLogEventGenerator$OperationState')}
  0x00000288997e4020: 3849 bb50 | 9612 a688 | 0200 004d | 3bd3 0f85 | 3c33 0000 | 448b 5008 

  0x00000288997e4038: ;   {metadata('org/gradle/internal/logging/sink/GroupingProgressLogEventGenerator$OperationGroup')}
  0x00000288997e4038: 4181 fa68 | 9812 0175 | 774c 8bd0 | 4c89 5424 | 2844 0fb6 | 4d0c 448b | 5d18 4d8b | c349 8bd2 
  0x00000288997e4058: 488b 6c24 | 3866 6690 

  0x00000288997e4060: ;   {static_call}
  0x00000288997e4060: c5f8 77e8 

  0x00000288997e4064: ; ImmutableOopMap {rbp=Oop [40]=Oop [48]=Oop [56]=Oop [64]=Oop [104]=Oop }
                      ;*invokestatic access$000 {reexecute=0 rethrow=0 return_oop=0}
                      ; - org.gradle.internal.logging.sink.GroupingProgressLogEventGenerator::onComplete@38 (line 116)
                      ; - org.gradle.internal.logging.sink.GroupingProgressLogEventGenerator::onOutput@48 (line 76)
                      ; - org.gradle.internal.logging.console.BuildLogLevelFilterRenderer::onOutput@47 (line 41)
                      ; - org.gradle.internal.logging.console.WorkInProgressRenderer::onOutput@47 (line 76)
                      ; - org.gradle.internal.logging.console.BuildStatusRenderer::onOutput@293 (line 111)
  0x00000288997e4064: 6347 0000 | 488b 5424 | 2866 6690 

  0x00000288997e4070: ;   {optimized virtual_call}
  0x00000288997e4070: c5f8 77e8 

  0x00000288997e4074: ; ImmutableOopMap {rbp=Oop [40]=Oop [48]=Oop [56]=Oop [64]=Oop [104]=Oop }
                      ;*invokevirtual flushOutput {reexecute=0 rethrow=0 return_oop=0}
                      ; - org.gradle.internal.logging.sink.GroupingProgressLogEventGenerator::onComplete@42 (line 117)
                      ; - org.gradle.internal.logging.sink.GroupingProgressLogEventGenerator::onOutput@48 (line 76)
                      ; - org.gradle.internal.logging.console.BuildLogLevelFilterRenderer::onOutput@47 (line 41)
                      ; - org.gradle.internal.logging.console.WorkInProgressRenderer::onOutput@47 (line 76)
                      ; - org.gradle.internal.logging.console.BuildStatusRenderer::onOutput@293 (line 111)
  0x00000288997e4074: a8dc 76f8 | 4c8b 5424 | 2845 8b5a | 3845 8b5b | 2445 8b52 | 104d 8b42 | 1045 3bd3 | 0f84 1e08 
  0x00000288997e4094: 0000 4585 | db74 1d41 

  0x00000288997e409c: ;   {metadata('org/gradle/internal/operations/OperationIdentifier')}
  0x00000288997e409c: 8b4b 0881 | f958 3812 | 010f 857d | 3300 004d | 8bd3 4d3b | 4210 0f84 | fc07 0000 | 41b9 0100 
  0x00000288997e40bc: 0000 48bb | 0000 6387 | 8802 0000 | 448b 4424 | 20e9 66cd | ffff 41ba | e803 0000 | 81fb e803 
  0x00000288997e40dc: 0000 8bf3 | 410f 47f2 | 448b db44 | 2bde 41ff | c945 3bcb | 0f8f 21d5 | ffff 4d8b | 9750 0300 
  0x00000288997e40fc: ; ImmutableOopMap {rcx=NarrowOop rdx=Oop rbp=Oop [40]=Oop [56]=NarrowOop [60]=NarrowOop [64]=Oop [104]=Oop }
                      ;*goto {reexecute=1 rethrow=0 return_oop=0}
                      ; - (reexecute) java.lang.StringLatin1::trim@50 (line 594)
                      ; - java.lang.String::trim@11 (line 3534)
                      ; - org.gradle.internal.time.TimeFormatting::formatDurationTerse@119 (line 63)
                      ; - org.gradle.internal.logging.format.TersePrettyDurationFormatter::format@1 (line 25)
                      ; - org.gradle.internal.logging.console.ProgressBar::formatProgress@5 (line 89)
                      ; - org.gradle.internal.logging.console.BuildStatusRenderer::renderNow@25 (line 123)
                      ; - org.gradle.internal.logging.console.BuildStatusRenderer::onOutput@321 (line 115)
                      ;   {poll}
  0x00000288997e40fc: 0041 8502 | 4585 c90f | 8e33 1c00 | 0041 8bd9 | e903 d5ff | ff45 33c0 

  0x00000288997e4114: ;   {static_call}
  0x00000288997e4114: c5f8 77e8 

  0x00000288997e4118: ; ImmutableOopMap {rbp=Oop [40]=Oop [56]=NarrowOop [60]=NarrowOop [64]=Oop [104]=Oop }
                      ;*invokestatic newString {reexecute=0 rethrow=0 return_oop=1}
                      ; - java.lang.StringLatin1::trim@68 (line 597)
                      ; - java.lang.String::trim@11 (line 3534)
                      ; - org.gradle.internal.time.TimeFormatting::formatDurationTerse@119 (line 63)
                      ; - org.gradle.internal.logging.format.TersePrettyDurationFormatter::format@1 (line 25)
                      ; - org.gradle.internal.logging.console.ProgressBar::formatProgress@5 (line 89)
                      ; - org.gradle.internal.logging.console.BuildStatusRenderer::renderNow@25 (line 123)
                      ; - org.gradle.internal.logging.console.BuildStatusRenderer::onOutput@321 (line 115)
  0x00000288997e4118: 64d8 79ff | 4885 c00f | 8538 0b00 | 0044 8b54 | 2450 488b | c5e9 06d5 | ffff 41ba | 0200 0000 
  0x00000288997e4138: e9fb d4ff | ff41 83fa | 200f 8433 | f9ff ffba | dcff ffff | 488b ee4c | 8b54 2448 | 4c89 5424 
  0x00000288997e4158: 2844 8b5c | 2460 4489 | 5c24 4844 | 8b54 2458 | 4489 5424 | 4c44 8b5c | 2464 4489 | 5c24 584c 
  0x00000288997e4178: 8944 2460 

  0x00000288997e417c: ;   {runtime_call UncommonTrapBlob}
  0x00000288997e417c: c5f8 77e8 

  0x00000288997e4180: ; ImmutableOopMap {rbp=Oop [40]=Oop [48]=Oop [76]=NarrowOop [80]=Oop [96]=Oop }
                      ;*invokestatic copyOf {reexecute=1 rethrow=0 return_oop=0}
                      ; - (reexecute) java.util.Arrays::copyOf@6 (line 3481)
                      ; - java.util.ArrayList::grow@37 (line 237)
                      ; - java.util.ArrayList::grow@7 (line 244)
                      ; - java.util.ArrayList::add@7 (line 454)
                      ; - java.util.ArrayList::add@20 (line 467)
                      ; - org.gradle.internal.logging.console.WorkInProgressRenderer::onOutput@5 (line 68)
                      ; - org.gradle.internal.logging.console.BuildStatusRenderer::onOutput@293 (line 111)
  0x00000288997e4180: 7c27 7aff 

  0x00000288997e4184: ;   {metadata('java/util/HashMap')}
  0x00000288997e4184: 4181 fab0 | 4b0b 000f | 85d7 3200 | 0045 85c0 | 0f84 be1a | 0000 4d8b | 5010 4d8b | da49 c1eb 
  0x00000288997e41a4: 204d 33da | 458b d345 | 8bc2 41c1 | e810 4533 | c24c 8b54 | 2468 4c89 | 5424 3889 | 5c24 3048 
  0x00000288997e41c4: 8974 2428 | 4c89 7424 | 2048 8bef 

  0x00000288997e41d0: ;   {oop(a 'java/lang/Object'{0x00000000fc67e6c0})}
  0x00000288997e41d0: 48bf c0e6 | 67fc 0000 | 0000 33f6 | b901 0000 | 0066 6690 

  0x00000288997e41e4: ;   {optimized virtual_call}
  0x00000288997e41e4: c5f8 77e8 

  0x00000288997e41e8: ; ImmutableOopMap {rbp=Oop [32]=Oop [40]=Oop [56]=Oop }
                      ;*invokevirtual putVal {reexecute=0 rethrow=0 return_oop=1}
                      ; - java.util.HashMap::put@9 (line 610)
                      ; - java.util.HashSet::add@8 (line 221)
                      ; - org.gradle.internal.logging.console.BuildStatusRenderer::onOutput@225 (line 99)
  0x00000288997e41e8: 7455 feff | e9c3 fdff | ff49 8bea | 498b d190 

  0x00000288997e41f8: ;   {optimized virtual_call}
  0x00000288997e41f8: c5f8 77e8 

  0x00000288997e41fc: ; ImmutableOopMap {rbp=Oop [104]=Oop }
                      ;*invokespecial scrollBy {reexecute=0 rethrow=0 return_oop=0}
                      ; - org.gradle.internal.logging.console.MultiLineBuildProgressArea::scrollDownBy@2 (line 158)
                      ; - org.gradle.internal.logging.console.AnsiConsole::redraw@47 (line 76)
                      ; - org.gradle.internal.logging.console.AnsiConsole::flush@1 (line 55)
                      ; - org.gradle.internal.logging.console.BuildStatusRenderer::renderNow@37 (line 125)
                      ; - org.gradle.internal.logging.console.BuildStatusRenderer::onOutput@321 (line 115)
  0x00000288997e41fc: 80d1 79ff | 4c8b d5e9 | 0fe9 ffff | 4c89 5c24 | 2889 6c24 | 2049 8bea 

  0x00000288997e4214: ;   {oop(a 'org/fusesource/jansi/Ansi$2'{0x00000000fc998c28})}
  0x00000288997e4214: 498b d049 | b828 8c99 | fc00 0000 | 0033 ff90 

  0x00000288997e4224: ;   {optimized virtual_call}
  0x00000288997e4224: c5f8 77e8 

  0x00000288997e4228: ; ImmutableOopMap {rbp=Oop [32]=NarrowOop [40]=Oop }
                      ;*invokevirtual getEntryAfterMiss {reexecute=0 rethrow=0 return_oop=1}
                      ; - java.lang.ThreadLocal$ThreadLocalMap::getEntry@38 (line 439)
                      ; - java.lang.ThreadLocal::get@16 (line 165)
                      ; - org.fusesource.jansi.Ansi::isEnabled@3 (line 187)
                      ; - org.fusesource.jansi.Ansi::ansi@0 (line 191)
                      ; - org.gradle.internal.logging.console.DefaultAnsiFactory::create@15 (line 33)
                      ; - org.gradle.internal.logging.console.DefaultAnsiExecutor::write@4 (line 47)
                      ; - org.gradle.internal.logging.console.AnsiConsole::redraw@58 (line 79)
                      ; - org.gradle.internal.logging.console.AnsiConsole::flush@1 (line 55)
                      ; - org.gradle.internal.logging.console.BuildStatusRenderer::renderNow@37 (line 125)
                      ; - org.gradle.internal.logging.console.BuildStatusRenderer::onOutput@321 (line 115)
  0x00000288997e4228: 54d1 79ff | 4885 c00f | 8447 0a00 | 004c 8bd5 | 8b6c 2420 | 4c8b 5c24 | 28e9 59e9 

  0x00000288997e4244: ;   {oop(a 'org/gradle/internal/logging/console/BuildStatusRenderer$Phase'{0x00000000fe456cc8})}
  0x00000288997e4244: ffff 4181 | fac8 6c45 | fe0f 85a3 | c8ff ff44 

  0x00000288997e4254: ;   {metadata('java/util/HashSet')}
  0x00000288997e4254: 8b59 0841 | 81fb 90a8 | 1100 0f85 | 6534 0000 | 4c8b d141 | 8b6a 0c44 | 8b5d 0848 

  0x00000288997e4270: ;   {metadata('java/util/LinkedHashMap')}
  0x00000288997e4270: 8bd5 4181 | fbb0 4f0b | 000f 8557 | 1400 0045 | 85c0 0f84 | d02d 0000 | 4d8b 5010 | 4d8b da49 
  0x00000288997e4290: c1eb 204d | 33da 458b | d345 8bc2 | 41c1 e810 | 4533 c24c | 8b54 2468 | 4c89 5424 | 3889 5c24 
  0x00000288997e42b0: 3048 8974 | 2428 4c89 | 7424 2048 

  0x00000288997e42bc: ;   {oop(a 'java/lang/Object'{0x00000000fc67e6c0})}
  0x00000288997e42bc: 8bef 48bf | c0e6 67fc | 0000 0000 | 33f6 b901 | 0000 0090 

  0x00000288997e42d0: ;   {optimized virtual_call}
  0x00000288997e42d0: c5f8 77e8 

  0x00000288997e42d4: ; ImmutableOopMap {rbp=Oop [32]=Oop [40]=Oop [56]=Oop }
                      ;*invokevirtual putVal {reexecute=0 rethrow=0 return_oop=1}
                      ; - java.util.HashMap::put@9 (line 610)
                      ; - java.util.HashSet::add@8 (line 221)
                      ; - org.gradle.internal.logging.console.BuildStatusRenderer::onOutput@139 (line 91)
  0x00000288997e42d4: a8d0 79ff | 4c8b 7424 | 2048 8b74 | 2428 8b5c | 2430 4c8b | 5424 384c | 8954 2468 | e928 c8ff 
  0x00000288997e42f4: ;   {metadata('org/gradle/internal/logging/events/EndOutputEvent')}
  0x00000288997e42f4: ff41 81f8 | 104e 0101 | 0f84 0d32 

  0x00000288997e4300: ;   {metadata('org/gradle/internal/logging/events/UpdateNowEvent')}
  0x00000288997e4300: 0000 4181 | f8e8 f70a | 010f 85aa | 0900 004c | 8b54 2428 | 498b 4a10 | 4989 4910 

  0x00000288997e431c: ; implicit exception: dispatches to 0x00000288997e7e88
  0x00000288997e431c: 418b 4b08 

  0x00000288997e4320: ;   {metadata('java/util/LinkedHashMap')}
  0x00000288997e4320: 81f9 b04f | 0b00 0f85 | 3832 0000 | 4d8b cb41 | 8b69 1044 

  0x00000288997e4334: ;   {metadata('java/util/LinkedHashMap$LinkedValues')}
  0x00000288997e4334: 8b5d 0841 | 81fb 40e9 | 0501 0f85 | 4832 0000 | 4c8b dd41 | 8b5b 0c8b | 7330 85f6 | 0f84 1109 
  0x00000288997e4354: 0000 448b | 5b18 41b9 | 0100 0000 | 48bf 0000 | 6387 8802 | 0000 33c9 | eb50 4c8b | dd41 0fb6 
  0x00000288997e4374: 6b14 85ed | 0f85 a232 | 0000 4d8b | 9750 0300 

  0x00000288997e4384: ; ImmutableOopMap {[48]=Oop [56]=Oop [64]=Oop [72]=NarrowOop [84]=NarrowOop [88]=Oop [104]=Oop }
                      ;*goto {reexecute=1 rethrow=0 return_oop=0}
                      ; - (reexecute) org.gradle.internal.logging.sink.GroupingProgressLogEventGenerator::onUpdateNow@50 (line 136)
                      ; - org.gradle.internal.logging.sink.GroupingProgressLogEventGenerator::onOutput@84 (line 80)
                      ; - org.gradle.internal.logging.console.BuildLogLevelFilterRenderer::onOutput@47 (line 41)
                      ; - org.gradle.internal.logging.console.WorkInProgressRenderer::onOutput@47 (line 76)
                      ; - org.gradle.internal.logging.console.BuildStatusRenderer::onOutput@293 (line 111)
                      ;   {poll}
  0x00000288997e4384: 0041 8502 | 448b 5424 | 5445 85d2 | 0f84 4a02 | 0000 458b | da44 8b44 | 2420 448b | 4c24 2448 
  0x00000288997e43a4: 8b7c 2428 | 4c8b 5424 | 408b 5c24 | 4841 8bf3 | 448b 5c24 | 5048 8b4c | 2458 8b6b | 1841 3beb 
  0x00000288997e43c4: 0f85 2630 | 0000 448b | 6e20 8b6e | 148b 4d08 | 4489 6c24 | 5444 895c | 2450 8974 | 244c 895c 
  0x00000288997e43e4: 2448 4c89 | 5424 4048 | 897c 2428 | 4489 4c24 | 2444 8944 | 2420 49ba | 0000 00a5 | 8802 0000 
  0x00000288997e4404: 4c03 d14d 

  0x00000288997e4408: ;   {metadata('org/gradle/internal/logging/sink/GroupingProgressLogEventGenerator$OperationState')}
  0x00000288997e4408: 8b52 3849 | bb50 9612 | a688 0200 | 004d 3bd3 | 0f85 c22f | 0000 4c8b | d545 8b42 | 084c 8bde 
  0x00000288997e4428: 4c89 5c24 

  0x00000288997e442c: ;   {metadata('org/gradle/internal/logging/sink/GroupingProgressLogEventGenerator$OperationState')}
  0x00000288997e442c: 5841 81f8 | 5096 1201 | 0f84 44ff | ffff 4c8b | 5c24 404d 

  0x00000288997e4440: ;   {metadata('org/gradle/internal/logging/sink/GroupingProgressLogEventGenerator$OperationGroup')}
  0x00000288997e4440: 8b5b 1041 | 81f8 6898 | 1201 0f85 | d830 0000 | 4c89 5424 | 6049 8b52 | 1845 8b52 | 3441 8bfa 
  0x00000288997e4460: 4d8b d34c | 2bd2 4d8b | c24c 8b54 | 2460 458b | 5a10 418b | db45 8b52 | 3849 81f8 | 3075 0000 
  0x00000288997e4480: 0f8f aa00 | 0000 4981 | f8d0 0700 | 000f 8eeb | feff ff45 | 8b5a 2445 | 8bcb 488b | 4b10 448b 
  0x00000288997e44a0: db45 3bd9 | 0f84 8600 | 0000 458b | d945 85db | 7417 458b 

  0x00000288997e44b4: ;   {metadata('org/gradle/internal/operations/OperationIdentifier')}
  0x00000288997e44b4: 4308 4181 | f858 3812 | 010f 8525 | 3200 0049 | 3b4b 1074 | 6744 8bd7 

  0x00000288997e44cc: ; implicit exception: dispatches to 0x00000288997e7f1c
  0x00000288997e44cc: 458b 5208 

  0x00000288997e44d0: ;   {metadata('java/util/ArrayList')}
  0x00000288997e44d0: 4181 fa20 | df00 000f | 8573 3100 | 004c 8bd7 | 458b 5a10 | 4585 db0f | 8491 feff | ff45 85db 
  0x00000288997e44f0: 400f 95c5 | 400f b6ed | 83f5 01ba | 45ff ffff | 4c8b 5424 | 384c 8954 | 2420 4c8b | 5424 304c 
  0x00000288997e4510: 8954 2428 | 4c8b 5424 | 404c 8954 | 2430 4c8b | 5424 604c | 8954 2440 

  0x00000288997e4528: ;   {runtime_call UncommonTrapBlob}
  0x00000288997e4528: c5f8 77e8 

  0x00000288997e452c: ; ImmutableOopMap {[32]=Oop [40]=Oop [48]=Oop [64]=Oop [72]=NarrowOop [76]=NarrowOop [84]=NarrowOop [96]=Oop }
                      ;*ifne {reexecute=1 rethrow=0 return_oop=0}
                      ; - (reexecute) org.gradle.internal.logging.sink.GroupingProgressLogEventGenerator$OperationGroup::canClaimForeground@16 (line 261)
                      ; - org.gradle.internal.logging.sink.GroupingProgressLogEventGenerator$OperationGroup::maybeFlushOutput@23 (line 251)
                      ; - org.gradle.internal.logging.sink.GroupingProgressLogEventGenerator::onUpdateNow@47 (line 135)
                      ; - org.gradle.internal.logging.sink.GroupingProgressLogEventGenerator::onOutput@84 (line 80)
                      ; - org.gradle.internal.logging.console.BuildLogLevelFilterRenderer::onOutput@47 (line 41)
                      ; - org.gradle.internal.logging.console.WorkInProgressRenderer::onOutput@47 (line 76)
                      ; - org.gradle.internal.logging.console.BuildStatusRenderer::onOutput@293 (line 111)
  0x00000288997e452c: d023 7aff 

  0x00000288997e4530: ; implicit exception: dispatches to 0x00000288997e7ea8
  0x00000288997e4530: 448b 4708 

  0x00000288997e4534: ;   {metadata('java/util/ArrayList')}
  0x00000288997e4534: 4181 f820 | df00 000f | 855f 3000 | 004c 8bdf | 458b 5b10 | 4585 db0f | 85eb 1300 | 004c 8b5c 
  0x00000288997e4554: 2460 458b | 5b28 450f | b643 1645 | 85c0 0f84 | 16fe ffff 

  0x00000288997e4568: ; implicit exception: dispatches to 0x00000288997e7ec8
  0x00000288997e4568: 410f b66a | 0c85 ed0f | 856f 3000 | 004c 8b5c | 2460 450f | b653 1645 | 85d2 0f84 | e9fd ffff 
  0x00000288997e4588: 450f b643 | 1545 85c0 | 7419 498b | eb49 8bd3 

  0x00000288997e4598: ;   {optimized virtual_call}
  0x00000288997e4598: c5f8 77e8 

  0x00000288997e459c: ; ImmutableOopMap {rbp=Oop [48]=Oop [56]=Oop [64]=Oop [72]=NarrowOop [76]=NarrowOop [84]=NarrowOop [88]=Oop [104]=Oop }
                      ;*invokespecial statusHasChanged {reexecute=0 rethrow=0 return_oop=0}
                      ; - org.gradle.internal.logging.sink.GroupingProgressLogEventGenerator$OperationGroup::shouldPrintHeader@25 (line 282)
                      ; - org.gradle.internal.logging.sink.GroupingProgressLogEventGenerator$OperationGroup::shouldForward@23 (line 290)
                      ; - org.gradle.internal.logging.sink.GroupingProgressLogEventGenerator$OperationGroup::flushOutput@1 (line 226)
                      ; - org.gradle.internal.logging.sink.GroupingProgressLogEventGenerator$OperationGroup::maybeFlushOutput@30 (line 252)
                      ; - org.gradle.internal.logging.sink.GroupingProgressLogEventGenerator::onUpdateNow@47 (line 135)
                      ; - org.gradle.internal.logging.sink.GroupingProgressLogEventGenerator::onOutput@84 (line 80)
                      ; - org.gradle.internal.logging.console.BuildLogLevelFilterRenderer::onOutput@47 (line 41)
                      ; - org.gradle.internal.logging.console.WorkInProgressRenderer::onOutput@47 (line 76)
                      ; - org.gradle.internal.logging.console.BuildStatusRenderer::onOutput@293 (line 111)
  0x00000288997e459c: e0cd 79ff | 85c0 0f84 | c6fd ffff | 4c8b ddba | 45ff ffff | 488b 6c24 | 384c 8b54 | 2430 4c89 
  0x00000288997e45bc: 5424 204c | 8b54 2440 | 4c89 5424 | 284c 895c | 2438 448b | 5424 5044 | 8954 2440 

  0x00000288997e45d8: ;   {runtime_call UncommonTrapBlob}
  0x00000288997e45d8: c5f8 77e8 

  0x00000288997e45dc: ; ImmutableOopMap {rbp=Oop [32]=Oop [40]=Oop [56]=Oop [72]=NarrowOop [76]=NarrowOop [84]=NarrowOop }
                      ;*ifne {reexecute=1 rethrow=0 return_oop=0}
                      ; - (reexecute) org.gradle.internal.logging.sink.GroupingProgressLogEventGenerator$OperationGroup::shouldForward@26 (line 290)
                      ; - org.gradle.internal.logging.sink.GroupingProgressLogEventGenerator$OperationGroup::flushOutput@1 (line 226)
                      ; - org.gradle.internal.logging.sink.GroupingProgressLogEventGenerator$OperationGroup::maybeFlushOutput@30 (line 252)
                      ; - org.gradle.internal.logging.sink.GroupingProgressLogEventGenerator::onUpdateNow@47 (line 135)
                      ; - org.gradle.internal.logging.sink.GroupingProgressLogEventGenerator::onOutput@84 (line 80)
                      ; - org.gradle.internal.logging.console.BuildLogLevelFilterRenderer::onOutput@47 (line 41)
                      ; - org.gradle.internal.logging.console.WorkInProgressRenderer::onOutput@47 (line 76)
                      ; - org.gradle.internal.logging.console.BuildStatusRenderer::onOutput@293 (line 111)
  0x00000288997e45dc: 2023 7aff | 448b 4424 | 2044 8b4c | 2424 488b | 5c24 28e9 | 44c8 ffff 

  0x00000288997e45f4: ;   {oop(a 'org/gradle/internal/logging/console/BuildStatusRenderer$Phase'{0x00000000fe456cb0})}
  0x00000288997e45f4: 4181 fab0 | 6c45 fe0f | 850f c5ff | ff89 5c24 | 3048 8954 | 2428 4c89 | 7424 2048 | 8bef 4c8b 
  0x00000288997e4614: c766 6690 

  0x00000288997e4618: ;   {optimized virtual_call}
  0x00000288997e4618: c5f8 77e8 

  0x00000288997e461c: ; ImmutableOopMap {rbp=Oop [32]=Oop [40]=Oop [104]=Oop }
                      ;*invokespecial phaseHasMoreProgress {reexecute=0 rethrow=0 return_oop=0}
                      ; - org.gradle.internal.logging.console.BuildStatusRenderer::onOutput@191 (line 96)
  0x00000288997e461c: 60cd 79ff | 4c8b 7424 | 2048 8b74 | 2428 8b5c | 2430 e9ea | c4ff ff44 | 8b07 4585 | c00f 8458 
  0x00000288997e463c: c5ff ff4d | 8b5f 2049 | 8bc8 4d85 | db0f 845d | 1a00 004d | 8b47 304b | 894c 18f8 | 4983 c3f8 
  0x00000288997e465c: 4d89 5f20 | e932 c5ff | ff4d 8b5f | 404d 8b47 | 50f0 8344 | 24c0 0080 | 3900 0f84 | 4dc5 ffff 
  0x00000288997e467c: 4488 214d | 85db 753c | 4489 5424 | 304c 896c | 2428 4c89 | 4c24 2044 | 8beb 498b | d7c5 f877 
  0x00000288997e469c: 49ba 30ce | 2afa f87f | 0000 41ff | d241 8bdd | 4c8b 4c24 | 204c 8b6c | 2428 448b | 5424 30e9 
  0x00000288997e46bc: 09c5 ffff | 4b89 4c18 | f849 83c3 | f84d 895f | 40e9 f7c4 | ffff 448b | 5f1c 4585 | db0f 84b7 
  0x00000288997e46dc: e3ff ff4d | 8b57 2049 | 8bcb 4d85 | d20f 84d9 | 1b00 004d | 8b5f 304b | 894c 13f8 | 4983 c2f8 
  0x00000288997e46fc: 4d89 5720 | e991 e3ff | ff45 8b5d | 0c45 85db | 0f84 92e6 | ffff 4d8b | 5720 498b | cb4d 85d2 
  0x00000288997e471c: 0f84 ea1b | 0000 4d8b | 5f30 4b89 | 4c13 f849 | 83c2 f84d | 8957 20e9 | 6ce6 ffff | 458b 5510 
  0x00000288997e473c: 4585 d20f | 8424 e6ff | ff4d 8b4f | 2049 8bca | 4d85 c90f | 848b 1b00 | 004d 8b57 | 304b 894c 
  0x00000288997e475c: 0af8 4983 | c1f8 4d89 | 4f20 e9fe | e5ff ff4d | 8b57 404d | 8b5f 50f0 | 8344 24c0 | 0041 8038 
  0x00000288997e477c: 000f 844d | e6ff ff45 | 8820 4d85 | d275 1b49 | 8bc8 498b | d7c5 f877 | 49ba 30ce | 2afa f87f 
  0x00000288997e479c: 0000 41ff | d2e9 2ae6 | ffff 4f89 | 4413 f849 | 83c2 f84d | 8957 40e9 | 18e6 ffff | 4d8b 5740 
  0x00000288997e47bc: 4d8b 5f50 | f083 4424 | c000 8039 | 000f 84ca | e5ff ff44 | 8821 4d85 | d275 224c | 8944 2438 
  0x00000288997e47dc: 498b d7c5 | f877 49ba | 30ce 2afa | f87f 0000 | 41ff d24c | 8b44 2438 | e9a0 e5ff | ff4b 894c 
  0x00000288997e47fc: 13f8 4983 | c2f8 4d89 | 5740 e98e | e5ff ff4d | 8b57 504d | 8b4f 40f0 | 8344 24c0 | 0080 3900 
  0x00000288997e481c: 0f84 3ce5 | ffff 4488 | 214d 85c9 | 7527 4c89 | 5c24 4049 | 8bd7 c5f8 | 7749 ba30 | ce2a faf8 
  0x00000288997e483c: 7f00 0041 | ffd2 4c8b | 4424 484c | 8b5c 2440 | e90d e5ff | ff4b 894c | 0af8 4983 | c1f8 4d89 
  0x00000288997e485c: 4f40 e9fb | e4ff ff4d | 8b57 504d | 8b5f 40f0 | 8344 24c0 | 0080 3900 | 0f84 50e2 | ffff 4488 
  0x00000288997e487c: 214d 85db | 7518 498b | d7c5 f877 | 49ba 30ce | 2afa f87f | 0000 41ff | d2e9 30e2 | ffff 4b89 
  0x00000288997e489c: 4c1a f849 | 83c3 f84d | 895f 40e9 | 1ee2 ffff | 458b d1e9 | bfce ffff | 4180 7f38 | 000f 85b5 
  0x00000288997e48bc: 1700 0048 | 8b5c 2440 | 4489 6324 | e9eb f7ff | ff44 8b5c | 2448 458b | 5338 4585 | d20f 84fe 
  0x00000288997e48dc: deff ff4d | 8b4f 2049 | 8bca 4d85 | c90f 8435 | 2200 004d | 8b57 304b | 894c 0af8 | 4983 c1f8 
  0x00000288997e48fc: 4d89 4f20 | e9d8 deff | ff44 8b56 | 0c45 85d2 | 0f84 0ce0 | ffff 4d8b | 5f20 498b | ca4d 85db 
  0x00000288997e491c: 0f84 2622 | 0000 4d8b | 5730 4b89 | 4c1a f849 | 83c3 f84d | 895f 20e9 | e6df ffff | 8b74 2438 
  0x00000288997e493c: 448b 563c | 4585 d20f | 84e5 e0ff | ff4d 8b5f | 2049 8bca | 4d85 db0f | 8407 2200 | 004d 8b57 
  0x00000288997e495c: 304b 894c | 1af8 4983 | c3f8 4d89 | 5f20 e9bf | e0ff ff49 | 8b5f 4049 | 8b7f 50f0 | 8344 24c0 
  0x00000288997e497c: 0080 3900 | 0f84 99de | ffff 4488 | 2148 85db | 752f 4d8b | e849 8bf2 | 418b fb49 | 8bd7 c5f8 
  0x00000288997e499c: 7749 ba30 | ce2a faf8 | 7f00 0041 | ffd2 448b | df4c 8b4c | 2440 4c8b | d64d 8bc5 | e962 deff 
  0x00000288997e49bc: ff48 894c | 1ff8 4883 | c3f8 4989 | 5f40 e950 | deff ff4d | 8b57 404d | 8b5f 50f0 | 8344 24c0 
  0x00000288997e49dc: 0080 3900 | 0f84 69df | ffff 4488 | 214d 85d2 | 7518 498b | d7c5 f877 | 49ba 30ce | 2afa f87f 
  0x00000288997e49fc: 0000 41ff | d2e9 49df | ffff 4b89 | 4c13 f849 | 83c2 f84d | 8957 40e9 | 37df ffff 

  0x00000288997e4a18: ;   {no_reloc}
  0x00000288997e4a18: 4d8b 5750 | 4d8b 5f40 | f083 4424 | c000 8039 | 000f 84e4 | deff ff44 | 8821 4d85 | db75 1849 
  0x00000288997e4a38: 8bd7 c5f8 | 7749 ba30 | ce2a faf8 | 7f00 0041 | ffd2 e9c4 | deff ff4b | 894c 1af8 | 4983 c3f8 
  0x00000288997e4a58: 4d89 5f40 | e9b2 deff | ff4d 8b57 | 504d 8b5f | 40f0 8344 | 24c0 0080 | 3900 0f84 | f7d3 ffff 
  0x00000288997e4a78: 4488 214d | 85db 7518 | 498b d7c5 | f877 49ba | 30ce 2afa | f87f 0000 | 41ff d2e9 | d7d3 ffff 
  0x00000288997e4a98: 4b89 4c1a | f849 83c3 | f84d 895f | 40e9 c5d3 | ffff 4d8b | 5740 4d8b | 5f50 f083 | 4424 c000 
  0x00000288997e4ab8: 8039 000f | 8444 d8ff | ff44 8821 | 4d85 d275 | 1849 8bd7 | c5f8 7749 | ba30 ce2a | faf8 7f00 
  0x00000288997e4ad8: 0041 ffd2 | e924 d8ff | ff4b 894c | 13f8 4983 | c2f8 4d89 | 5740 e912 | d8ff ff4d | 8b57 504d 
  0x00000288997e4af8: 8b5f 40f0 | 8344 24c0 | 0080 3900 | 742a 4488 | 214d 85db | 740f 4b89 | 4c1a f849 | 83c3 f84d 
  0x00000288997e4b18: 895f 40eb | 1349 8bd7 | c5f8 7749 | ba30 ce2a | faf8 7f00 | 0041 ffd2 | 8b5e 3c4c | 8bc3 e92f 
  0x00000288997e4b38: dfff ff45 | 33c0 e949 | c2ff ff89 | 5c24 3048 | 8954 2428 | 4c89 7424 

  0x00000288997e4b50: ;   {oop(a 'org/gradle/internal/logging/console/BuildStatusRenderer$Phase'{0x00000000fe456cb0})}
  0x00000288997e4b50: 2049 b9b0 | 6c45 fe00 | 0000 0048 | 8bef 4c8b | c766 6690 

  0x00000288997e4b64: ;   {optimized virtual_call}
  0x00000288997e4b64: c5f8 77e8 

  0x00000288997e4b68: ; ImmutableOopMap {rbp=Oop [32]=Oop [40]=Oop [104]=Oop }
                      ;*invokespecial phaseStarted {reexecute=0 rethrow=0 return_oop=0}
                      ; - org.gradle.internal.logging.console.BuildStatusRenderer::onOutput@163 (line 93)
  0x00000288997e4b68: 14c8 79ff | 4c8b 7424 | 2048 8b74 | 2428 8b5c | 2430 e99e | bfff ff89 | 5c24 3048 | 8954 2428 
  0x00000288997e4b88: 4c89 4424 

  0x00000288997e4b8c: ;   {oop(a 'org/gradle/internal/logging/console/BuildStatusRenderer$Phase'{0x00000000fe456cc8})}
  0x00000288997e4b8c: 2049 b9c8 | 6c45 fe00 | 0000 0048 | 8bef 4c8b | c766 6690 

  0x00000288997e4ba0: ;   {optimized virtual_call}
  0x00000288997e4ba0: c5f8 77e8 

  0x00000288997e4ba4: ; ImmutableOopMap {rbp=Oop [32]=Oop [40]=Oop [104]=Oop }
                      ;*invokespecial phaseStarted {reexecute=0 rethrow=0 return_oop=0}
                      ; - org.gradle.internal.logging.console.BuildStatusRenderer::onOutput@77 (line 85)
  0x00000288997e4ba4: d8c7 79ff | 4c8b 7424 | 2048 8b74 | 2428 8b5c | 2430 e962 | bfff ff4c | 8b94 2488 

  0x00000288997e4bc0: ;   {oop([B{0x00000000fc67d7d8})}
  0x00000288997e4bc0: 0000 0041 | c742 14d8 

  0x00000288997e4bc8: ;   {oop([B{0x00000000fc67d7d8})}
  0x00000288997e4bc8: d767 fc49 | bad8 d767 | fc00 0000 | 004c 8b9c | 2488 0000 | 004d 33d3 | 49c1 ea14 | 4d85 d274 
  0x00000288997e4be8: 1a49 c1eb | 0948 b900 | 0063 8788 | 0200 0049 | 03cb 8039 | 040f 855d | 1e00 004c | 8b94 2488 
  0x00000288997e4c08: 0000 0045 | 8862 10e9 | 67d2 ffff 

  0x00000288997e4c14: ;   {oop([B{0x00000000fc67d7d8})}
  0x00000288997e4c14: 41c7 4314 | d8d7 67fc 

  0x00000288997e4c1c: ;   {oop([B{0x00000000fc67d7d8})}
  0x00000288997e4c1c: 49ba d8d7 | 67fc 0000 | 0000 4d33 | d349 c1ea | 144d 85d2 | 741a 49c1 | eb09 48b9 | 0000 6387 
  0x00000288997e4c3c: 8802 0000 | 4903 cb80 | 3904 0f85 | 5d1e 0000 | 4c8b 9424 | 9800 0000 | 4588 6210 | e9b4 d6ff 
  0x00000288997e4c5c: ff44 8b54 | 2450 e9d1 | c9ff ff41 | b901 0000 | 0048 bb00 | 0063 8788 | 0200 00e9 | bcc1 ffff 
  0x00000288997e4c7c: 4c8b d58b | 6c24 204c | 8b5c 2428 | 4c89 5c24 | 2889 6c24 | 2049 8bea 

  0x00000288997e4c94: ;   {oop(a 'org/fusesource/jansi/Ansi$2'{0x00000000fc998c28})}
  0x00000288997e4c94: 48ba 288c | 99fc 0000 | 0000 6690 

  0x00000288997e4ca0: ;   {optimized virtual_call}
  0x00000288997e4ca0: c5f8 77e8 

  0x00000288997e4ca4: ; ImmutableOopMap {rbp=Oop [32]=NarrowOop [40]=Oop }
                      ;*invokevirtual setInitialValue {reexecute=0 rethrow=0 return_oop=1}
                      ; - java.lang.ThreadLocal::get@34 (line 172)
                      ; - org.fusesource.jansi.Ansi::isEnabled@3 (line 187)
                      ; - org.fusesource.jansi.Ansi::ansi@0 (line 191)
                      ; - org.gradle.internal.logging.console.DefaultAnsiFactory::create@15 (line 33)
                      ; - org.gradle.internal.logging.console.DefaultAnsiExecutor::write@4 (line 47)
                      ; - org.gradle.internal.logging.console.AnsiConsole::redraw@58 (line 79)
                      ; - org.gradle.internal.logging.console.AnsiConsole::flush@1 (line 55)
                      ; - org.gradle.internal.logging.console.BuildStatusRenderer::renderNow@37 (line 125)
                      ; - org.gradle.internal.logging.console.BuildStatusRenderer::onOutput@321 (line 115)
  0x00000288997e4ca4: d8c6 79ff | 4c8b d58b | 6c24 204c | 8b5c 2428 | e9ed deff 

  0x00000288997e4cb8: ;   {metadata('org/gradle/internal/logging/events/ProgressEvent')}
  0x00000288997e4cb8: ff41 81f8 | d049 0c01 | 0f85 8e2c | 0000 41b9 | 0100 0000 | 48bb 0000 | 6387 8802 | 0000 e95d 
  0x00000288997e4cd8: c1ff ff4c | 63c5 4d8b | d849 83c3 | 1049 8bcb | 4883 e1f8 | 488b fb48 | 03f9 49c1 | eb03 4d2b 
  0x00000288997e4cf8: cb49 8bc9 | 4833 c048 | 83f9 087f | 1048 ffc9 | 784f 4889 | 04cf 48ff | c97d f7eb | 44c5 fdef 
  0x00000288997e4d18: c0e9 0d00 | 0000 c5fe | 7f07 c5fe | 7f47 2048 | 83c7 4048 | 83e9 087d | ed48 83c1 | 047c 0cc5 
  0x00000288997e4d38: fe7f 0748 | 83c7 2048 | 83e9 0448 | 83c1 047e | 1048 ffc9 | c5f9 d607 | 4883 c708 | 48ff c97d 
  0x00000288997e4d58: f349 8bca | c5f8 7749 | ba60 7ff6 | 9888 0200 | 0041 ffd2 | e9c3 e7ff | ff4c 8b54 | 2470 458b 
  0x00000288997e4d78: 5a14 4585 | db0f 84bc | e7ff ff4d | 8b57 2049 | 8bcb 4d85 | d20f 84cd | 2200 004d | 8b5f 304b 
  0x00000288997e4d98: 894c 13f8 | 4983 c2f8 | 4d89 5720 | e996 e7ff | ff4d 8b57 | 404d 8b5f | 50f0 8344 | 24c0 0080 
  0x00000288997e4db8: 3900 0f84 | b6e7 ffff | 4488 214d | 85d2 7518 | 498b d7c5 | f877 49ba | 30ce 2afa | f87f 0000 
  0x00000288997e4dd8: 41ff d2e9 | 96e7 ffff | 4b89 4c13 | f849 83c2 | f84d 8957 | 40e9 84e7 | ffff 4c63 | c54d 8bd8 
  0x00000288997e4df8: 4983 c310 | 498b cb48 | 83e1 f848 | 8bfb 4803 | f949 c1eb | 034d 2bcb | 498b c948 | 33c0 4883 
  0x00000288997e4e18: f908 7f10 | 48ff c978 | 4f48 8904 | cf48 ffc9 | 7df7 eb44 | c5fd efc0 | e90d 0000 | 00c5 fe7f 
  0x00000288997e4e38: 07c5 fe7f | 4720 4883 | c740 4883 | e908 7ded | 4883 c104 | 7c0c c5fe | 7f07 4883 | c720 4883 
  0x00000288997e4e58: e904 4883 | c104 7e10 | 48ff c9c5 | f9d6 0748 | 83c7 0848 | ffc9 7df3 | 498b cac5 | f877 49ba 
  0x00000288997e4e78: 607f f698 | 8802 0000 | 41ff d2e9 | 4ae8 ffff | 4c8b 5424 | 7045 8b52 | 1445 85d2 | 0f84 43e8 
  0x00000288997e4e98: ffff 4d8b | 5f20 498b | ca4d 85db | 0f84 5222 | 0000 4d8b | 5730 4b89 | 4c1a f849 | 83c3 f84d 
  0x00000288997e4eb8: 895f 20e9 | 1de8 ffff | 4d8b 5750 | 4d8b 5f40 | f083 4424 | c000 8039 | 000f 8438 | e8ff ff44 
  0x00000288997e4ed8: 8821 4d85 | db75 1849 | 8bd7 c5f8 | 7749 ba30 | ce2a faf8 | 7f00 0041 | ffd2 e918 | e8ff ff4b 
  0x00000288997e4ef8: 894c 1af8 | 4983 c3f8 | 4d89 5f40 | e906 e8ff | ff48 8954 | 2440 4489 | 5c24 4c44 | 8944 243c 
  0x00000288997e4f18: 488b e944 | 8954 2438 | 4889 5c24 | 3044 894c | 2420 4889 

  0x00000288997e4f2c: ;   {metadata('java/lang/StringBuilder')}
  0x00000288997e4f2c: 7c24 2848 | baf0 f400 | a588 0200 | 0066 6690 

  0x00000288997e4f3c: ;   {runtime_call _new_instance_Java}
  0x00000288997e4f3c: c5f8 77e8 

  0x00000288997e4f40: ; ImmutableOopMap {[40]=Oop [56]=NarrowOop [60]=NarrowOop [64]=Oop [104]=Oop }
                      ;*new {reexecute=0 rethrow=0 return_oop=1}
                      ; - org.gradle.internal.time.TimeFormatting::formatDurationTerse@0 (line 45)
                      ; - org.gradle.internal.logging.format.TersePrettyDurationFormatter::format@1 (line 25)
                      ; - org.gradle.internal.logging.console.ProgressBar::formatProgress@5 (line 89)
                      ; - org.gradle.internal.logging.console.BuildStatusRenderer::renderNow@25 (line 123)
                      ; - org.gradle.internal.logging.console.BuildStatusRenderer::onOutput@321 (line 115)
  0x00000288997e4f40: bcb1 84ff | e99a bfff | ff4c 894c | 2440 4c89 | 5c24 3889 | 6c24 204c | 8954 2428 

  0x00000288997e4f5c: ;   {metadata('java/lang/StringBuilder')}
  0x00000288997e4f5c: 48ba f0f4 | 00a5 8802 | 0000 6690 

  0x00000288997e4f68: ;   {runtime_call _new_instance_Java}
  0x00000288997e4f68: c5f8 77e8 

  0x00000288997e4f6c: ; ImmutableOopMap {[32]=NarrowOop [40]=Oop [56]=Oop [64]=Oop }
                      ;*new {reexecute=0 rethrow=0 return_oop=1}
                      ; - org.fusesource.jansi.Ansi::<init>@1 (line 359)
                      ; - org.fusesource.jansi.Ansi::ansi@10 (line 192)
                      ; - org.gradle.internal.logging.console.DefaultAnsiFactory::create@15 (line 33)
                      ; - org.gradle.internal.logging.console.DefaultAnsiExecutor::write@4 (line 47)
                      ; - org.gradle.internal.logging.console.AnsiConsole::redraw@58 (line 79)
                      ; - org.gradle.internal.logging.console.AnsiConsole::flush@1 (line 55)
                      ; - org.gradle.internal.logging.console.BuildStatusRenderer::renderNow@37 (line 125)
                      ; - org.gradle.internal.logging.console.BuildStatusRenderer::onOutput@321 (line 115)
  0x00000288997e4f6c: 90b1 84ff | e9e6 dcff | ff4c 895c | 2428 896c | 2420 498b 

  0x00000288997e4f80: ;   {metadata('org/fusesource/jansi/Ansi')}
  0x00000288997e4f80: ea48 ba90 | bf09 a688 | 0200 0090 

  0x00000288997e4f8c: ;   {runtime_call _new_instance_Java}
  0x00000288997e4f8c: c5f8 77e8 

  0x00000288997e4f90: ; ImmutableOopMap {rbp=Oop [32]=NarrowOop [40]=Oop }
                      ;*new {reexecute=0 rethrow=0 return_oop=1}
                      ; - org.fusesource.jansi.Ansi::ansi@6 (line 192)
                      ; - org.gradle.internal.logging.console.DefaultAnsiFactory::create@15 (line 33)
                      ; - org.gradle.internal.logging.console.DefaultAnsiExecutor::write@4 (line 47)
                      ; - org.gradle.internal.logging.console.AnsiConsole::redraw@58 (line 79)
                      ; - org.gradle.internal.logging.console.AnsiConsole::flush@1 (line 55)
                      ; - org.gradle.internal.logging.console.BuildStatusRenderer::renderNow@37 (line 125)
                      ; - org.gradle.internal.logging.console.BuildStatusRenderer::onOutput@321 (line 115)
  0x00000288997e4f90: 6cb1 84ff | 4c8b d58b | 6c24 204c | 8b5c 2428 | e960 dcff | ff44 8974 | 2424 4c89 | 6c24 3848 
  0x00000288997e4fb0: 8974 2430 

  0x00000288997e4fb4: ;   {metadata('org/gradle/internal/logging/console/DefaultAnsiExecutor$AnsiContextImpl')}
  0x00000288997e4fb4: 48ba 50b6 | 0ca6 8802 | 0000 6690 

  0x00000288997e4fc0: ;   {runtime_call _new_instance_Java}
  0x00000288997e4fc0: c5f8 77e8 

  0x00000288997e4fc4: ; ImmutableOopMap {rbp=NarrowOop [32]=NarrowOop [36]=NarrowOop [40]=Oop [48]=Oop [56]=Oop }
                      ;*new {reexecute=0 rethrow=0 return_oop=1}
                      ; - org.gradle.internal.logging.console.DefaultAnsiExecutor::write@11 (line 48)
                      ; - org.gradle.internal.logging.console.AnsiConsole::redraw@58 (line 79)
                      ; - org.gradle.internal.logging.console.AnsiConsole::flush@1 (line 55)
                      ; - org.gradle.internal.logging.console.BuildStatusRenderer::renderNow@37 (line 125)
                      ; - org.gradle.internal.logging.console.BuildStatusRenderer::onOutput@321 (line 115)
  0x00000288997e4fc4: 38b1 84ff | 488b 7424 | 304c 8b6c | 2438 448b | 7424 24e9 | 38de ffff 

  0x00000288997e4fdc: ;   {metadata('java/util/ArrayList')}
  0x00000288997e4fdc: 48ba 20df | 00a5 8802 | 0000 6690 

  0x00000288997e4fe8: ;   {runtime_call _new_instance_Java}
  0x00000288997e4fe8: c5f8 77e8 

  0x00000288997e4fec: ; ImmutableOopMap {[32]=NarrowOop [40]=Oop [56]=Oop [64]=Oop [72]=Oop }
                      ;*new {reexecute=0 rethrow=0 return_oop=1}
                      ; - org.fusesource.jansi.Ansi::<init>@5 (line 356)
                      ; - org.fusesource.jansi.Ansi::<init>@8 (line 359)
                      ; - org.fusesource.jansi.Ansi::ansi@10 (line 192)
                      ; - org.gradle.internal.logging.console.DefaultAnsiFactory::create@15 (line 33)
                      ; - org.gradle.internal.logging.console.DefaultAnsiExecutor::write@4 (line 47)
                      ; - org.gradle.internal.logging.console.AnsiConsole::redraw@58 (line 79)
                      ; - org.gradle.internal.logging.console.AnsiConsole::flush@1 (line 55)
                      ; - org.gradle.internal.logging.console.BuildStatusRenderer::renderNow@37 (line 125)
                      ; - org.gradle.internal.logging.console.BuildStatusRenderer::onOutput@321 (line 115)
  0x00000288997e4fec: 10b1 84ff | 4c8b d8e9 | bddc ffff | 498b eb41 | b805 0000 

  0x00000288997e5000: ;   {metadata('java/lang/Object'[])}
  0x00000288997e5000: 0048 ba28 | 1500 a588 | 0200 0090 

  0x00000288997e500c: ;   {runtime_call _new_array_Java}
  0x00000288997e500c: c5f8 77e8 

  0x00000288997e5010: ; ImmutableOopMap {rbp=Oop [32]=NarrowOop [40]=Oop [56]=Oop [64]=Oop [72]=Oop }
                      ;*anewarray {reexecute=0 rethrow=0 return_oop=1}
                      ; - java.util.ArrayList::<init>@10 (line 156)
                      ; - org.fusesource.jansi.Ansi::<init>@10 (line 356)
                      ; - org.fusesource.jansi.Ansi::<init>@8 (line 359)
                      ; - org.fusesource.jansi.Ansi::ansi@10 (line 192)
                      ; - org.gradle.internal.logging.console.DefaultAnsiFactory::create@15 (line 33)
                      ; - org.gradle.internal.logging.console.DefaultAnsiExecutor::write@4 (line 47)
                      ; - org.gradle.internal.logging.console.AnsiConsole::redraw@58 (line 79)
                      ; - org.gradle.internal.logging.console.AnsiConsole::flush@1 (line 55)
                      ; - org.gradle.internal.logging.console.BuildStatusRenderer::renderNow@37 (line 125)
                      ; - org.gradle.internal.logging.console.BuildStatusRenderer::onOutput@321 (line 115)
  0x00000288997e5010: ecb3 84ff | 4c8b dde9 | f4dc ffff | 8974 2444 | 4c89 7424 | 4844 8954 | 2440 895c | 243c 4489 
  0x00000288997e5030: 5c24 384c | 896c 2430 | 4889 4424 

  0x00000288997e503c: ;   {metadata({type array char})}
  0x00000288997e503c: 2048 ba68 | 6100 a588 | 0200 0045 | 8bc2 6690 

  0x00000288997e504c: ;   {runtime_call _new_array_Java}
  0x00000288997e504c: c5f8 77e8 

  0x00000288997e5050: ; ImmutableOopMap {[32]=Oop [40]=Oop [48]=Oop [56]=NarrowOop [68]=NarrowOop [72]=Oop [88]=NarrowOop }
                      ;*newarray {reexecute=0 rethrow=0 return_oop=1}
                      ; - sun.nio.cs.StreamEncoder::write@13 (line 140)
                      ; - java.io.Writer::write@7 (line 249)
                      ; - java.io.OutputStreamWriter::append@29 (line 237)
                      ; - java.io.OutputStreamWriter::append@2 (line 76)
                      ; - org.gradle.internal.logging.console.DefaultAnsiExecutor::write@8 (line 106)
                      ; - org.gradle.internal.logging.console.DefaultAnsiExecutor::write@35 (line 49)
                      ; - org.gradle.internal.logging.console.AnsiConsole::redraw@58 (line 79)
                      ; - org.gradle.internal.logging.console.AnsiConsole::flush@1 (line 55)
                      ; - org.gradle.internal.logging.console.BuildStatusRenderer::renderNow@37 (line 125)
                      ; - org.gradle.internal.logging.console.BuildStatusRenderer::onOutput@321 (line 115)
  0x00000288997e5050: acb3 84ff | 4c8b 4c24 | 204c 8b6c | 2430 448b | 5c24 388b | 5c24 3c44 | 8b54 2440 | 4c8b 7424 
  0x00000288997e5070: 484c 8bc0 | 8b74 2444 | e992 dfff | ff44 8954 

  0x00000288997e5080: ;   {metadata('org/gradle/internal/logging/sink/GroupingProgressLogEventGenerator$OperationState')}
  0x00000288997e5080: 2424 48ba | 5096 12a6 | 8802 0000 

  0x00000288997e508c: ;   {runtime_call _new_instance_Java}
  0x00000288997e508c: c5f8 77e8 

  0x00000288997e5090: ; ImmutableOopMap {rbp=NarrowOop [32]=NarrowOop [48]=Oop [56]=Oop [64]=Oop [72]=Oop [80]=NarrowOop [88]=Oop [104]=Oop }
                      ;*new {reexecute=0 rethrow=0 return_oop=1}
                      ; - org.gradle.internal.logging.sink.GroupingProgressLogEventGenerator::onStart@72 (line 93)
                      ; - org.gradle.internal.logging.sink.GroupingProgressLogEventGenerator::onOutput@12 (line 72)
                      ; - org.gradle.internal.logging.console.BuildLogLevelFilterRenderer::onOutput@47 (line 41)
                      ; - org.gradle.internal.logging.console.WorkInProgressRenderer::onOutput@47 (line 76)
                      ; - org.gradle.internal.logging.console.BuildStatusRenderer::onOutput@293 (line 111)
  0x00000288997e5090: 6cb0 84ff | 488b f844 | 8b54 2424 | e9a6 bcff | ff41 8b4d | 1485 c90f | 84ee e8ff | ff4d 8b47 
  0x00000288997e50b0: 204d 85c0 | 0f84 ca21 | 0000 498b | 7f30 4a89 | 4c07 f849 | 83c0 f84d | 8947 20e9 | cbe8 ffff 
  0x00000288997e50d0: 4d8b 4740 | 498b 7f50 | f083 4424 | c000 8039 | 000f 84f1 | eaff ff44 | 8821 4d85 | c075 5048 
  0x00000288997e50f0: 8954 2438 | 4489 5424 | 3444 895c | 2430 4c89 | 6c24 284c | 894c 2420 | 448b eb49 | 8bd7 c5f8 
  0x00000288997e5110: 7749 ba30 | ce2a faf8 | 7f00 0041 | ffd2 418b | dd4c 8b4c | 2420 4c8b | 6c24 2844 | 8b5c 2430 
  0x00000288997e5130: 448b 5424 | 3448 8b54 | 2438 e999 | eaff ff4a | 894c 07f8 | 4983 c0f8 | 4d89 4740 | e987 eaff 
  0x00000288997e5150: ff48 894c | 2448 4489 | 5424 344c | 8944 2440 | 4c89 7424 | 3844 895c | 2430 4c89 

  0x00000288997e516c: ;   {metadata('java/nio/HeapCharBuffer')}
  0x00000288997e516c: 6c24 2048 | bad0 7208 | a588 0200 | 0066 6690 

  0x00000288997e517c: ;   {runtime_call _new_instance_Java}
  0x00000288997e517c: c5f8 77e8 

  0x00000288997e5180: ; ImmutableOopMap {[32]=Oop [40]=Oop [48]=NarrowOop [56]=Oop [64]=Oop [72]=Oop [88]=NarrowOop }
                      ;*new {reexecute=0 rethrow=0 return_oop=1}
                      ; - java.nio.CharBuffer::wrap@0 (line 408)
                      ; - sun.nio.cs.StreamEncoder::implWrite@3 (line 281)
                      ; - sun.nio.cs.StreamEncoder::write@60 (line 132)
                      ; - sun.nio.cs.StreamEncoder::write@33 (line 142)
                      ; - java.io.Writer::write@7 (line 249)
                      ; - java.io.OutputStreamWriter::append@29 (line 237)
                      ; - java.io.OutputStreamWriter::append@2 (line 76)
                      ; - org.gradle.internal.logging.console.DefaultAnsiExecutor::write@8 (line 106)
                      ; - org.gradle.internal.logging.console.DefaultAnsiExecutor::write@35 (line 49)
                      ; - org.gradle.internal.logging.console.AnsiConsole::redraw@58 (line 79)
                      ; - org.gradle.internal.logging.console.AnsiConsole::flush@1 (line 55)
                      ; - org.gradle.internal.logging.console.BuildStatusRenderer::renderNow@37 (line 125)
                      ; - org.gradle.internal.logging.console.BuildStatusRenderer::onOutput@321 (line 115)
  0x00000288997e5180: 7caf 84ff | e903 e1ff | ff45 33c0 

  0x00000288997e518c: ;   {static_call}
  0x00000288997e518c: c5f8 77e8 

  0x00000288997e5190: ; ImmutableOopMap {[40]=Oop [56]=NarrowOop [60]=NarrowOop [64]=Oop [104]=Oop }
                      ;*invokestatic newString {reexecute=0 rethrow=0 return_oop=1}
                      ; - java.lang.StringBuilder::toString@31 (line 454)
                      ; - org.gradle.internal.time.TimeFormatting::formatDurationTerse@116 (line 63)
                      ; - org.gradle.internal.logging.format.TersePrettyDurationFormatter::format@1 (line 25)
                      ; - org.gradle.internal.logging.console.ProgressBar::formatProgress@5 (line 89)
                      ; - org.gradle.internal.logging.console.BuildStatusRenderer::renderNow@25 (line 123)
                      ; - org.gradle.internal.logging.console.BuildStatusRenderer::onOutput@321 (line 115)
  0x00000288997e5190: ecc7 79ff | e92b c4ff | ff45 33c0 

  0x00000288997e519c: ;   {static_call}
  0x00000288997e519c: c5f8 77e8 

  0x00000288997e51a0: ; ImmutableOopMap {[40]=Oop [48]=NarrowOop }
                      ;*invokestatic newString {reexecute=0 rethrow=0 return_oop=1}
                      ; - java.lang.StringBuilder::toString@31 (line 454)
                      ; - org.fusesource.jansi.Ansi::toString@8 (line 732)
                      ; - org.gradle.internal.logging.console.DefaultAnsiExecutor::write@5 (line 106)
                      ; - org.gradle.internal.logging.console.DefaultAnsiExecutor::write@35 (line 49)
                      ; - org.gradle.internal.logging.console.AnsiConsole::redraw@58 (line 79)
                      ; - org.gradle.internal.logging.console.AnsiConsole::flush@1 (line 55)
                      ; - org.gradle.internal.logging.console.BuildStatusRenderer::renderNow@37 (line 125)
                      ; - org.gradle.internal.logging.console.BuildStatusRenderer::onOutput@321 (line 115)
  0x00000288997e51a0: dcc7 79ff | e93f ddff | ff44 894c 

  0x00000288997e51ac: ;   {metadata('net/rubygrapefruit/platform/internal/MutableTerminalSize')}
  0x00000288997e51ac: 2478 48ba | a09c 12a6 | 8802 0000 

  0x00000288997e51b8: ;   {runtime_call _new_instance_Java}
  0x00000288997e51b8: c5f8 77e8 

  0x00000288997e51bc: ; ImmutableOopMap {rbp=Oop [40]=Oop [56]=NarrowOop [60]=NarrowOop [64]=Oop [80]=Oop [88]=Oop [96]=Oop [104]=Oop [120]=NarrowOop }
                      ;*new {reexecute=0 rethrow=0 return_oop=1}
                      ; - net.rubygrapefruit.platform.internal.WindowsTerminal::getTerminalSize@15 (line 81)
                      ; - org.gradle.internal.nativeintegration.console.NativePlatformConsoleMetaData::getCols@4 (line 44)
                      ; - org.gradle.internal.logging.console.ProgressBar::formatProgress@33 (line 91)
                      ; - org.gradle.internal.logging.console.BuildStatusRenderer::renderNow@25 (line 123)
                      ; - org.gradle.internal.logging.console.BuildStatusRenderer::onOutput@321 (line 115)
  0x00000288997e51bc: 40af 84ff | 448b 4c24 | 78e9 f4c6 | ffff 4489 

  0x00000288997e51cc: ;   {metadata('net/rubygrapefruit/platform/internal/FunctionResult')}
  0x00000288997e51cc: 4c24 7048 | ba28 560a | a688 0200 | 0066 6690 

  0x00000288997e51dc: ;   {runtime_call _new_instance_Java}
  0x00000288997e51dc: c5f8 77e8 

  0x00000288997e51e0: ; ImmutableOopMap {rbp=Oop [40]=Oop [56]=NarrowOop [60]=NarrowOop [64]=Oop [80]=Oop [88]=Oop [104]=Oop [112]=NarrowOop }
                      ;*new {reexecute=0 rethrow=0 return_oop=1}
                      ; - net.rubygrapefruit.platform.internal.WindowsTerminal::getTerminalSize@7 (line 80)
                      ; - org.gradle.internal.nativeintegration.console.NativePlatformConsoleMetaData::getCols@4 (line 44)
                      ; - org.gradle.internal.logging.console.ProgressBar::formatProgress@33 (line 91)
                      ; - org.gradle.internal.logging.console.BuildStatusRenderer::renderNow@25 (line 123)
                      ; - org.gradle.internal.logging.console.BuildStatusRenderer::onOutput@321 (line 115)
  0x00000288997e51e0: 1caf 84ff | 448b 4c24 | 70e9 84c6 

  0x00000288997e51ec: ;   {metadata({type array char})}
  0x00000288997e51ec: ffff 48ba | 6861 00a5 | 8802 0000 | 448b 4424 | 3866 6690 

  0x00000288997e5200: ;   {runtime_call _new_array_Java}
  0x00000288997e5200: c5f8 77e8 

  0x00000288997e5204: ; ImmutableOopMap {[40]=Oop [60]=NarrowOop [64]=Oop [72]=NarrowOop [80]=Oop [96]=Oop [104]=Oop }
                      ;*newarray {reexecute=0 rethrow=0 return_oop=1}
                      ; - org.gradle.internal.logging.console.ProgressBar::fill@1 (line 119)
                      ; - org.gradle.internal.logging.console.ProgressBar::formatProgress@119 (line 104)
                      ; - org.gradle.internal.logging.console.BuildStatusRenderer::renderNow@25 (line 123)
                      ; - org.gradle.internal.logging.console.BuildStatusRenderer::onOutput@321 (line 115)
  0x00000288997e5204: f8b1 84ff | 4c8b d8e9 | 65c9 ffff 

  0x00000288997e5210: ;   {metadata('java/lang/String')}
  0x00000288997e5210: 48ba f0e9 | 00a5 8802 | 0000 6690 

  0x00000288997e521c: ;   {runtime_call _new_instance_Java}
  0x00000288997e521c: c5f8 77e8 

  0x00000288997e5220: ; ImmutableOopMap {[40]=Oop [60]=NarrowOop [64]=Oop [72]=NarrowOop [80]=Oop [96]=Oop [104]=Oop [120]=Oop }
                      ;*new {reexecute=0 rethrow=0 return_oop=1}
                      ; - org.gradle.internal.logging.console.ProgressBar::fill@25 (line 123)
                      ; - org.gradle.internal.logging.console.ProgressBar::formatProgress@119 (line 104)
                      ; - org.gradle.internal.logging.console.BuildStatusRenderer::renderNow@25 (line 123)
                      ; - org.gradle.internal.logging.console.BuildStatusRenderer::onOutput@321 (line 115)
  0x00000288997e5220: dcae 84ff | 4c8b d8e9 | a2ca ffff | 4c89 5424 

  0x00000288997e5230: ;   {metadata('java/lang/StringBuilder')}
  0x00000288997e5230: 7848 baf0 | f400 a588 | 0200 0090 

  0x00000288997e523c: ;   {runtime_call _new_instance_Java}
  0x00000288997e523c: c5f8 77e8 

  0x00000288997e5240: ; ImmutableOopMap {[40]=Oop [60]=NarrowOop [64]=Oop [72]=NarrowOop [80]=Oop [96]=Oop [104]=Oop [120]=Oop }
                      ;*new {reexecute=0 rethrow=0 return_oop=1}
                      ; - org.gradle.internal.logging.console.ProgressBar::formatProgress@135 (line 105)
                      ; - org.gradle.internal.logging.console.BuildStatusRenderer::renderNow@25 (line 123)
                      ; - org.gradle.internal.logging.console.BuildStatusRenderer::onOutput@321 (line 115)
  0x00000288997e5240: bcae 84ff | e9ac ccff 

  0x00000288997e5248: ;   {metadata({type array char})}
  0x00000288997e5248: ff48 ba68 | 6100 a588 | 0200 0044 | 8bc5 6690 

  0x00000288997e5258: ;   {runtime_call _new_array_Java}
  0x00000288997e5258: c5f8 77e8 

  0x00000288997e525c: ; ImmutableOopMap {[40]=Oop [60]=NarrowOop [64]=Oop [72]=NarrowOop [80]=Oop [96]=Oop [104]=Oop [120]=Oop [128]=Oop }
                      ;*newarray {reexecute=0 rethrow=0 return_oop=1}
                      ; - org.gradle.internal.logging.console.ProgressBar::fill@1 (line 119)
                      ; - org.gradle.internal.logging.console.ProgressBar::formatProgress@149 (line 105)
                      ; - org.gradle.internal.logging.console.BuildStatusRenderer::renderNow@25 (line 123)
                      ; - org.gradle.internal.logging.console.BuildStatusRenderer::onOutput@321 (line 115)
  0x00000288997e525c: a0b1 84ff | 4c8b d0e9 | 9dcd ffff 

  0x00000288997e5268: ;   {metadata('java/lang/String')}
  0x00000288997e5268: 48ba f0e9 | 00a5 8802 | 0000 6690 

  0x00000288997e5274: ;   {runtime_call _new_instance_Java}
  0x00000288997e5274: c5f8 77e8 

  0x00000288997e5278: ; ImmutableOopMap {[40]=Oop [60]=NarrowOop [64]=Oop [72]=NarrowOop [80]=Oop [96]=Oop [104]=Oop [120]=Oop [128]=Oop [136]=Oop }
                      ;*new {reexecute=0 rethrow=0 return_oop=1}
                      ; - org.gradle.internal.logging.console.ProgressBar::fill@25 (line 123)
                      ; - org.gradle.internal.logging.console.ProgressBar::formatProgress@149 (line 105)
                      ; - org.gradle.internal.logging.console.BuildStatusRenderer::renderNow@25 (line 123)
                      ; - org.gradle.internal.logging.console.BuildStatusRenderer::onOutput@321 (line 115)
  0x00000288997e5278: 84ae 84ff | 4c8b d8e9 | e1ce ffff 

  0x00000288997e5284: ;   {metadata('java/lang/String')}
  0x00000288997e5284: 48ba f0e9 | 00a5 8802 | 0000 6690 

  0x00000288997e5290: ;   {runtime_call _new_instance_Java}
  0x00000288997e5290: c5f8 77e8 

  0x00000288997e5294: ; ImmutableOopMap {[40]=Oop [60]=NarrowOop [64]=Oop [72]=NarrowOop [80]=Oop [96]=Oop [104]=Oop [120]=Oop [128]=Oop [136]=Oop }
                      ;*new {reexecute=1 rethrow=0 return_oop=1}
                      ; - (reexecute) org.gradle.internal.logging.console.ProgressBar::formatProgress@207 (line 107)
                      ; - org.gradle.internal.logging.console.BuildStatusRenderer::renderNow@25 (line 123)
                      ; - org.gradle.internal.logging.console.BuildStatusRenderer::onOutput@321 (line 115)
  0x00000288997e5294: 68ae 84ff | 4c8b c0e9 | b1d4 ffff 

  0x00000288997e52a0: ;   {metadata({type array byte})}
  0x00000288997e52a0: 48ba 3867 | 00a5 8802 | 0000 6690 

  0x00000288997e52ac: ;   {runtime_call _new_array_Java}
  0x00000288997e52ac: c5f8 77e8 

  0x00000288997e52b0: ; ImmutableOopMap {[40]=Oop [60]=NarrowOop [64]=Oop [72]=NarrowOop [80]=Oop [96]=Oop [104]=Oop [120]=Oop [128]=Oop }
                      ;*new {reexecute=1 rethrow=0 return_oop=1}
                      ; - (reexecute) org.gradle.internal.logging.console.ProgressBar::formatProgress@207 (line 107)
                      ; - org.gradle.internal.logging.console.BuildStatusRenderer::renderNow@25 (line 123)
                      ; - org.gradle.internal.logging.console.BuildStatusRenderer::onOutput@321 (line 115)
  0x00000288997e52b0: 4cb1 84ff | 488b e8e9 | ffd1 ffff | 4c89 4424 | 484c 894c | 2440 4489 

  0x00000288997e52c8: ;   {metadata('org/gradle/internal/logging/events/StyledTextOutputEvent$Span')}
  0x00000288997e52c8: 5c24 3848 | ba18 ed0a | a688 0200 | 004c 8954 | 2420 6690 

  0x00000288997e52dc: ;   {runtime_call _new_instance_Java}
  0x00000288997e52dc: c5f8 77e8 

  0x00000288997e52e0: ; ImmutableOopMap {rbp=NarrowOop [32]=Oop [40]=Oop [56]=NarrowOop [60]=NarrowOop [64]=Oop [72]=Oop [104]=Oop [120]=Oop }
                      ;*new {reexecute=0 rethrow=0 return_oop=1}
                      ; - org.gradle.internal.logging.console.ProgressBar::formatProgress@255 (line 110)
                      ; - org.gradle.internal.logging.console.BuildStatusRenderer::renderNow@25 (line 123)
                      ; - org.gradle.internal.logging.console.BuildStatusRenderer::onOutput@321 (line 115)
  0x00000288997e52e0: 1cae 84ff | 448b 5c24 | 384c 8b4c | 2440 4c8b | 4424 4848 | 8bc8 e963 | d5ff ff48 | 894c 2448 
  0x00000288997e5300: 4c89 4424 | 404c 894c | 2420 418b 

  0x00000288997e530c: ;   {metadata('org/gradle/internal/logging/events/StyledTextOutputEvent$Span')}
  0x00000288997e530c: eb48 ba18 | ed0a a688 | 0200 0090 

  0x00000288997e5318: ;   {runtime_call _new_instance_Java}
  0x00000288997e5318: c5f8 77e8 

  0x00000288997e531c: ; ImmutableOopMap {rbp=NarrowOop [32]=Oop [40]=Oop [60]=NarrowOop [64]=Oop [72]=Oop [104]=Oop [120]=Oop }
                      ;*new {reexecute=0 rethrow=0 return_oop=1}
                      ; - org.gradle.internal.logging.console.ProgressBar::formatProgress@267 (line 110)
                      ; - org.gradle.internal.logging.console.BuildStatusRenderer::renderNow@25 (line 123)
                      ; - org.gradle.internal.logging.console.BuildStatusRenderer::onOutput@321 (line 115)
  0x00000288997e531c: e0ad 84ff | 448b dd4c | 8b4c 2420 | 4c8b 4424 | 4048 8b4c | 2448 488b | f0e9 6ed5 | ffff 4489 
  0x00000288997e533c: 6c24 5c89 | 5c24 584c | 8954 2450 

  0x00000288997e5348: ;   {metadata('java/lang/Object'[])}
  0x00000288997e5348: 48ba 2815 | 00a5 8802 | 0000 488b | 6c24 4848 | 8974 2420 | 41b8 0300 | 0000 6690 

  0x00000288997e5364: ;   {runtime_call _new_array_Java}
  0x00000288997e5364: c5f8 77e8 

  0x00000288997e5368: ; ImmutableOopMap {rbp=Oop [32]=Oop [40]=Oop [56]=NarrowOop [60]=NarrowOop [64]=Oop [80]=Oop [88]=NarrowOop [92]=NarrowOop [104]=Oop }
                      ;*anewarray {reexecute=0 rethrow=0 return_oop=1}
                      ; - com.google.common.collect.ImmutableList::of@1 (line 117)
                      ; - org.gradle.internal.logging.console.ProgressBar::formatProgress@304 (line 110)
                      ; - org.gradle.internal.logging.console.BuildStatusRenderer::renderNow@25 (line 123)
                      ; - org.gradle.internal.logging.console.BuildStatusRenderer::onOutput@321 (line 115)
  0x00000288997e5368: 94b0 84ff | 488b d08b | 5c24 5844 | 8b6c 245c | e97b d6ff | ff44 896c | 2464 895c | 2460 4889 
  0x00000288997e5388: ;   {metadata('org/gradle/internal/logging/events/StyledTextOutputEvent$Span')}
  0x00000288997e5388: 7424 5048 | ba18 ed0a | a688 0200 | 004c 8974 | 2420 6690 

  0x00000288997e539c: ;   {runtime_call _new_instance_Java}
  0x00000288997e539c: c5f8 77e8 

  0x00000288997e53a0: ; ImmutableOopMap {rbp=NarrowOop [32]=Oop [40]=Oop [56]=NarrowOop [60]=NarrowOop [64]=Oop [72]=Oop [80]=Oop [96]=NarrowOop [100]=NarrowOop [104]=Oop }
                      ;*new {reexecute=0 rethrow=0 return_oop=1}
                      ; - org.gradle.internal.logging.console.ProgressBar::formatProgress@292 (line 112)
                      ; - org.gradle.internal.logging.console.BuildStatusRenderer::renderNow@25 (line 123)
                      ; - org.gradle.internal.logging.console.BuildStatusRenderer::onOutput@321 (line 115)
  0x00000288997e53a0: 5cad 84ff | 488b 7424 | 504c 8bd0 | 8b5c 2460 | 448b 6c24 | 64e9 d6d5 

  0x00000288997e53b8: ;   {metadata({type array byte})}
  0x00000288997e53b8: ffff 48ba | 3867 00a5 | 8802 0000 | 458b c390 

  0x00000288997e53c8: ;   {runtime_call _new_array_nozero_Java}
  0x00000288997e53c8: c5f8 77e8 

  0x00000288997e53cc: ; ImmutableOopMap {[40]=Oop [60]=NarrowOop [64]=Oop [72]=NarrowOop [80]=Oop [96]=Oop [104]=Oop [120]=Oop [136]=Oop }
                      ;*newarray {reexecute=0 rethrow=0 return_oop=1}
                      ; - java.lang.StringUTF16::compress@1 (line 161)
                      ; - java.lang.String::<init>@36 (line 4501)
                      ; - java.lang.String::<init>@6 (line 275)
                      ; - org.gradle.internal.logging.console.ProgressBar::fill@30 (line 123)
                      ; - org.gradle.internal.logging.console.ProgressBar::formatProgress@119 (line 104)
                      ; - org.gradle.internal.logging.console.BuildStatusRenderer::renderNow@25 (line 123)
                      ; - org.gradle.internal.logging.console.BuildStatusRenderer::onOutput@321 (line 115)
  0x00000288997e53cc: 30b3 84ff | 4c8b c0e9 | 73c9 ffff 

  0x00000288997e53d8: ;   {metadata({type array byte})}
  0x00000288997e53d8: 48ba 3867 | 00a5 8802 | 0000 448b | 8424 9000 | 0000 6690 

  0x00000288997e53ec: ;   {runtime_call _new_array_nozero_Java}
  0x00000288997e53ec: c5f8 77e8 

  0x00000288997e53f0: ; ImmutableOopMap {[40]=Oop [60]=NarrowOop [64]=Oop [72]=NarrowOop [80]=Oop [96]=Oop [104]=Oop [120]=Oop [128]=Oop [136]=Oop [152]=Oop }
                      ;*newarray {reexecute=0 rethrow=0 return_oop=1}
                      ; - java.lang.StringUTF16::compress@1 (line 161)
                      ; - java.lang.String::<init>@36 (line 4501)
                      ; - java.lang.String::<init>@6 (line 275)
                      ; - org.gradle.internal.logging.console.ProgressBar::fill@30 (line 123)
                      ; - org.gradle.internal.logging.console.ProgressBar::formatProgress@149 (line 105)
                      ; - org.gradle.internal.logging.console.BuildStatusRenderer::renderNow@25 (line 123)
                      ; - org.gradle.internal.logging.console.BuildStatusRenderer::onOutput@321 (line 115)
  0x00000288997e53f0: 0cb3 84ff | 4c8b c0e9 | eacd ffff | 4c8b 5424 | 6045 8b42 | 2845 85c0 | 0f84 7bea | ffff 498b 
  0x00000288997e5410: da4d 8b57 | 2049 8bc8 | 4d85 d20f | 84b1 1e00 | 004d 8b5f | 304b 894c | 13f8 4983 | c2f8 4d89 
  0x00000288997e5430: 5720 4c8b | d3e9 4fea | ffff 4c8b | 5424 6045 | 8b52 2445 | 85d2 0f84 | d9e9 ffff | 4d8b 5f20 
  0x00000288997e5450: 498b ca4d | 85db 0f84 | 8e1e 0000 | 4d8b 5730 | 4b89 4c1a | f849 83c3 | f84d 895f | 20e9 b3e9 
  0x00000288997e5470: ffff 4c8b | 5424 6045 | 8b52 3045 | 85d2 0f84 | 6de8 ffff | 4d8b 5f20 | 498b ca4d | 85db 0f84 
  0x00000288997e5490: 9e1e 0000 | 4d8b 5730 | 4b89 4c1a | f849 83c3 | f84d 895f | 20e9 47e8 | ffff 4c8b | 5424 6045 
  0x00000288997e54b0: 8b5a 2045 | 85db 0f84 | 13e9 ffff | 4d8b 5720 | 498b cb4d | 85d2 0f84 | 361e 0000 | 4d8b 5f30 
  0x00000288997e54d0: 4b89 4c13 | f849 83c2 | f84d 8957 | 20e9 ede8 | ffff 4c8b | 5424 6045 | 8b5a 3445 | 85db 0f84 
  0x00000288997e54f0: 96e8 ffff | 4d8b 5720 | 498b cb4d | 85d2 0f84 | 161e 0000 | 4d8b 5f30 | 4b89 4c13 | f849 83c2 
  0x00000288997e5510: f84d 8957 | 20e9 70e8 | ffff 4d8b | 5f50 4d8b | 4740 f083 | 4424 c000 | 8039 000f | 848d e9ff 
  0x00000288997e5530: ff44 8821 | 4d85 c075 | 1e49 8bda | 498b d7c5 | f877 49ba | 30ce 2afa | f87f 0000 | 41ff d24c 
  0x00000288997e5550: 8bd3 e967 | e9ff ff4b | 894c 03f8 | 4983 c0f8 | 4d89 4740 | e955 e9ff | ff4d 8b57 | 504d 8b5f 
  0x00000288997e5570: 40f0 8344 | 24c0 0080 | 3900 0f84 | 44e8 ffff | 4488 214d | 85db 7518 | 498b d7c5 | f877 49ba 
  0x00000288997e5590: 30ce 2afa | f87f 0000 | 41ff d2e9 | 24e8 ffff | 4b89 4c1a | f849 83c3 | f84d 895f | 40e9 12e8 
  0x00000288997e55b0: ffff 4d8b | 5750 4d8b | 5f40 f083 | 4424 c000 | 8039 000f | 846a e7ff | ff44 8821 | 4d85 db75 
  0x00000288997e55d0: 1849 8bd7 | c5f8 7749 | ba30 ce2a | faf8 7f00 | 0041 ffd2 | e94a e7ff | ff4b 894c | 1af8 4983 
  0x00000288997e55f0: c3f8 4d89 | 5f40 e938 | e7ff ff4d | 8b57 504d | 8b5f 40f0 | 8344 24c0 | 0080 3900 | 0f84 d4e6 
  0x00000288997e5610: ffff 4488 | 214d 85db | 7518 498b | d7c5 f877 | 49ba 30ce | 2afa f87f | 0000 41ff | d2e9 b4e6 
  0x00000288997e5630: ffff 4b89 | 4c1a f849 | 83c3 f84d | 895f 40e9 | a2e6 ffff | 4d8b 5750 | 4d8b 5f40 | f083 4424 
  0x00000288997e5650: c000 8039 | 000f 84bf | e7ff ff44 | 8821 4d85 | db75 1849 | 8bd7 c5f8 | 7749 ba30 | ce2a faf8 
  0x00000288997e5670: 7f00 0041 | ffd2 e99f | e7ff ff4b | 894c 1af8 | 4983 c3f8 | 4d89 5f40 | e98d e7ff | ff4d 8b57 
  0x00000288997e5690: 504d 8b5f | 40f0 8344 | 24c0 0080 | 3900 0f84 | d5e7 ffff | 4488 214d | 85db 7518 | 498b d7c5 
  0x00000288997e56b0: f877 49ba | 30ce 2afa | f87f 0000 | 41ff d2e9 | b5e7 ffff | 4b89 4c1a | f849 83c3 | f84d 895f 
  0x00000288997e56d0: 40e9 a3e7 

  0x00000288997e56d4: ;   {metadata('java/util/HashMap')}
  0x00000288997e56d4: ffff 4181 | fbb0 4b0b | 000f 8559 | 2000 0045 | 85c0 0f84 | 941c 0000 | 4d8b 5010 | 4d8b da49 
  0x00000288997e56f4: c1eb 204d | 33da 458b | db45 8bc3 | 41c1 e810 | 4533 c34c | 8b54 2468 | 4c89 5424 | 3889 5c24 
  0x00000288997e5714: 3048 8974 | 2428 4c89 | 7424 2048 

  0x00000288997e5720: ;   {oop(a 'java/lang/Object'{0x00000000fc67e6c0})}
  0x00000288997e5720: 8bef 48bf | c0e6 67fc | 0000 0000 | 33f6 b901 | 0000 0090 

  0x00000288997e5734: ;   {optimized virtual_call}
  0x00000288997e5734: c5f8 77e8 

  0x00000288997e5738: ; ImmutableOopMap {rbp=Oop [32]=Oop [40]=Oop [56]=Oop }
                      ;*invokevirtual putVal {reexecute=0 rethrow=0 return_oop=1}
                      ; - java.util.HashMap::put@9 (line 610)
                      ; - java.util.HashSet::add@8 (line 221)
                      ; - org.gradle.internal.logging.console.BuildStatusRenderer::onOutput@139 (line 91)
  0x00000288997e5738: 44bc 79ff | e997 ebff | ff4d 8bd0 | 49c1 e202 | 4983 c210 | 4d8b da49 | 83e3 fb48 | 8bfe 4903 
  0x00000288997e5758: fb49 c1ea | 034c 8bd9 | 4d2b da49 | 8bcb 4833 | c048 83f9 | 087f 1048 | ffc9 784f | 4889 04cf 
  0x00000288997e5778: 48ff c97d | f7eb 44c5 | fdef c0e9 | 0d00 0000 | c5fe 7f07 | c5fe 7f47 | 2048 83c7 | 4048 83e9 
  0x00000288997e5798: 087d ed48 | 83c1 047c | 0cc5 fe7f | 0748 83c7 | 2048 83e9 | 0448 83c1 | 047e 1048 | ffc9 c5f9 
  0x00000288997e57b8: d607 4883 | c708 48ff | c97d f3e9 | 90e3 ffff | 4c8b 6c24 | 5045 8b55 | 1445 85d2 | 0f84 a4e3 
  0x00000288997e57d8: ffff 4d8b | 5f20 498b | ca4d 85db | 0f84 9e1b | 0000 4d8b | 5730 4b89 | 4c1a f849 | 83c3 f84d 
  0x00000288997e57f8: 895f 20e9 | 7ee3 ffff | 4d8b 5740 | 4d8b 5f50 | f083 4424 | c000 8039 | 000f 849a | e3ff ff44 
  0x00000288997e5818: 8821 4d85 | d275 1b49 | 8bd7 c5f8 | 7749 ba30 | ce2a faf8 | 7f00 0041 | ffd2 488b | d6e9 77e3 
  0x00000288997e5838: ffff 4b89 | 4c13 f849 | 83c2 f84d | 8957 40e9 | 65e3 ffff | 4533 c090 

  0x00000288997e5850: ;   {static_call}
  0x00000288997e5850: c5f8 77e8 

  0x00000288997e5854: ; ImmutableOopMap {[40]=Oop [60]=NarrowOop [64]=Oop [72]=NarrowOop [80]=Oop [96]=Oop [104]=Oop [120]=Oop }
                      ;*invokestatic newString {reexecute=0 rethrow=0 return_oop=1}
                      ; - java.lang.StringBuilder::toString@31 (line 454)
                      ; - org.gradle.internal.logging.console.ProgressBar::formatProgress@240 (line 107)
                      ; - org.gradle.internal.logging.console.BuildStatusRenderer::renderNow@25 (line 123)
                      ; - org.gradle.internal.logging.console.BuildStatusRenderer::onOutput@321 (line 115)
  0x00000288997e5854: 28c1 79ff | e953 cfff | ff45 33c0 | e998 e6ff 

  0x00000288997e5864: ;   {metadata({type array byte})}
  0x00000288997e5864: ff48 ba38 | 6700 a588 | 0200 0090 

  0x00000288997e5870: ;   {runtime_call _new_array_nozero_Java}
  0x00000288997e5870: c5f8 77e8 

  0x00000288997e5874: ; ImmutableOopMap {[40]=Oop [56]=NarrowOop [60]=NarrowOop [64]=Oop [104]=Oop [112]=Oop [120]=NarrowOop }
                      ;*newarray {reexecute=0 rethrow=0 return_oop=1}
                      ; - java.util.Arrays::copyOf@1 (line 3537)
                      ; - java.lang.AbstractStringBuilder::ensureCapacityInternal@32 (line 228)
                      ; - java.lang.AbstractStringBuilder::append@16 (line 854)
                      ; - java.lang.StringBuilder::append@2 (line 259)
                      ; - org.gradle.internal.time.TimeFormatting::formatDurationTerse@92 (line 58)
                      ; - org.gradle.internal.logging.format.TersePrettyDurationFormatter::format@1 (line 25)
                      ; - org.gradle.internal.logging.console.ProgressBar::formatProgress@5 (line 89)
                      ; - org.gradle.internal.logging.console.BuildStatusRenderer::renderNow@25 (line 123)
                      ; - org.gradle.internal.logging.console.BuildStatusRenderer::onOutput@321 (line 115)
  0x00000288997e5874: 88ae 84ff | 488b d8e9 | 58dc ffff 

  0x00000288997e5880: ;   {metadata({type array byte})}
  0x00000288997e5880: 48ba 3867 | 00a5 8802 | 0000 458b | c166 6690 

  0x00000288997e5890: ;   {runtime_call _new_array_nozero_Java}
  0x00000288997e5890: c5f8 77e8 

  0x00000288997e5894: ; ImmutableOopMap {[40]=Oop [56]=NarrowOop [60]=NarrowOop [64]=Oop [104]=Oop [112]=Oop [124]=NarrowOop }
                      ;*newarray {reexecute=0 rethrow=0 return_oop=1}
                      ; - java.util.Arrays::copyOf@1 (line 3537)
                      ; - java.lang.AbstractStringBuilder::ensureCapacityInternal@32 (line 228)
                      ; - java.lang.AbstractStringBuilder::append@16 (line 854)
                      ; - java.lang.StringBuilder::append@2 (line 259)
                      ; - org.gradle.internal.time.TimeFormatting::formatDurationTerse@57 (line 52)
                      ; - org.gradle.internal.logging.format.TersePrettyDurationFormatter::format@1 (line 25)
                      ; - org.gradle.internal.logging.console.ProgressBar::formatProgress@5 (line 89)
                      ; - org.gradle.internal.logging.console.BuildStatusRenderer::renderNow@25 (line 123)
                      ; - org.gradle.internal.logging.console.BuildStatusRenderer::onOutput@321 (line 115)
  0x00000288997e5894: 68ae 84ff | 488b d8e9 | d3dd ffff | 4533 c0e9 | d6e6 ffff | 4489 5424 | 4844 895c | 242c 4c89 
  0x00000288997e58b4: 6c24 404c | 894c 2438 | 895c 2428 | 4889 7424 | 2049 8bee 

  0x00000288997e58c8: ;   {metadata('java/lang/Object'[])}
  0x00000288997e58c8: 48ba 2815 | 00a5 8802 | 0000 6690 

  0x00000288997e58d4: ;   {runtime_call _new_array_Java}
  0x00000288997e58d4: c5f8 77e8 

  0x00000288997e58d8: ; ImmutableOopMap {rbp=Oop [32]=Oop [56]=Oop [64]=Oop [104]=Oop }
                      ;*anewarray {reexecute=0 rethrow=0 return_oop=1}
                      ; - java.util.ArrayList::grow@52 (line 239)
                      ; - java.util.ArrayList::grow@7 (line 244)
                      ; - java.util.ArrayList::add@7 (line 454)
                      ; - java.util.ArrayList::add@20 (line 467)
                      ; - org.gradle.internal.logging.console.WorkInProgressRenderer::onOutput@5 (line 68)
                      ; - org.gradle.internal.logging.console.BuildStatusRenderer::onOutput@293 (line 111)
  0x00000288997e58d8: 24ab 84ff | 4c8b f548 | 8b74 2420 | 8b5c 2428 | 4c8b 4c24 | 384c 8b6c | 2440 448b | 5c24 2c44 
  0x00000288997e58f8: 8b54 2448 | 488b d0e9 | 8ce0 ffff 

  0x00000288997e5904: ;   {metadata('org/gradle/internal/logging/sink/GroupingProgressLogEventGenerator$OperationGroup')}
  0x00000288997e5904: 48ba 6898 | 12a6 8802 | 0000 6690 

  0x00000288997e5910: ;   {runtime_call _new_instance_Java}
  0x00000288997e5910: c5f8 77e8 

  0x00000288997e5914: ; ImmutableOopMap {rbp=NarrowOop [32]=NarrowOop [36]=NarrowOop [48]=Oop [56]=Oop [64]=Oop [72]=Oop [80]=NarrowOop [88]=Oop [104]=Oop }
                      ;*new {reexecute=0 rethrow=0 return_oop=1}
                      ; - org.gradle.internal.logging.sink.GroupingProgressLogEventGenerator::onStart@29 (line 91)
                      ; - org.gradle.internal.logging.sink.GroupingProgressLogEventGenerator::onOutput@12 (line 72)
                      ; - org.gradle.internal.logging.console.BuildLogLevelFilterRenderer::onOutput@47 (line 41)
                      ; - org.gradle.internal.logging.console.WorkInProgressRenderer::onOutput@47 (line 76)
                      ; - org.gradle.internal.logging.console.BuildStatusRenderer::onOutput@293 (line 111)
  0x00000288997e5914: e8a7 84ff | 4c8b d8e9 | 1ee3 ffff 

  0x00000288997e5920: ;   {metadata('java/util/ArrayList')}
  0x00000288997e5920: 48ba 20df | 00a5 8802 | 0000 6690 

  0x00000288997e592c: ;   {runtime_call _new_instance_Java}
  0x00000288997e592c: c5f8 77e8 

  0x00000288997e5930: ; ImmutableOopMap {rbp=Oop [32]=NarrowOop [36]=NarrowOop [40]=NarrowOop [48]=Oop [56]=Oop [64]=Oop [72]=Oop [80]=NarrowOop [88]=Oop [96]=Oop [104]=Oop [112]=NarrowOop [128]=Oop [136]=Oop }
                      ;*new {reexecute=0 rethrow=0 return_oop=1}
                      ; - org.gradle.internal.logging.sink.GroupingProgressLogEventGenerator$OperationGroup::<init>@26 (line 199)
                      ; - org.gradle.internal.logging.sink.GroupingProgressLogEventGenerator::onStart@55 (line 91)
                      ; - org.gradle.internal.logging.sink.GroupingProgressLogEventGenerator::onOutput@12 (line 72)
                      ; - org.gradle.internal.logging.console.BuildLogLevelFilterRenderer::onOutput@47 (line 41)
                      ; - org.gradle.internal.logging.console.WorkInProgressRenderer::onOutput@47 (line 76)
                      ; - org.gradle.internal.logging.console.BuildStatusRenderer::onOutput@293 (line 111)
  0x00000288997e5930: cca7 84ff | 4c8b d0e9 | 38e4 ffff 

  0x00000288997e593c: ; implicit exception: dispatches to 0x00000288997e7fb4
  0x00000288997e593c: 458b 4224 | 418b c84c | 8b4b 1045 | 85db 410f | 95c0 450f | b6c0 4489 | 4424 703b | d974 2544 
  0x00000288997e595c: 8bc1 4585 | c074 4f45 

  0x00000288997e5964: ;   {metadata('org/gradle/internal/operations/OperationIdentifier')}
  0x00000288997e5964: 8b40 0841 | 81f8 5838 | 1201 0f85 | 981f 0000 | 448b c14d | 8bd8 4d3b | 4b10 7532 | 488b 5424 
  0x00000288997e5984: 6048 8b6c | 2438 6690 

  0x00000288997e598c: ;   {optimized virtual_call}
  0x00000288997e598c: c5f8 77e8 

  0x00000288997e5990: ; ImmutableOopMap {rbp=Oop [48]=Oop [56]=Oop [64]=Oop [72]=NarrowOop [76]=NarrowOop [84]=NarrowOop [88]=Oop [96]=Oop [104]=Oop }
                      ;*invokespecial statusHasChanged {reexecute=0 rethrow=0 return_oop=0}
                      ; - org.gradle.internal.logging.sink.GroupingProgressLogEventGenerator$OperationGroup::flushOutput@33 (line 228)
                      ; - org.gradle.internal.logging.sink.GroupingProgressLogEventGenerator$OperationGroup::maybeFlushOutput@30 (line 252)
                      ; - org.gradle.internal.logging.sink.GroupingProgressLogEventGenerator::onUpdateNow@47 (line 135)
                      ; - org.gradle.internal.logging.sink.GroupingProgressLogEventGenerator::onOutput@84 (line 80)
                      ; - org.gradle.internal.logging.console.BuildLogLevelFilterRenderer::onOutput@47 (line 41)
                      ; - org.gradle.internal.logging.console.WorkInProgressRenderer::onOutput@47 (line 76)
                      ; - org.gradle.internal.logging.console.BuildStatusRenderer::onOutput@293 (line 111)
  0x00000288997e5990: ecb9 79ff | 85c0 0f84 | e300 0000 | 4c8b 5c24 | 6045 8b53 | 3845 85d2 | 0f84 361f | 0000 498b 
  0x00000288997e59b0: 5318 418b | 6a18 4c8b | 5424 6045 | 8b52 204d | 8bc2 6690 

  0x00000288997e59c4: ;   {static_call}
  0x00000288997e59c4: c5f8 77e8 

  0x00000288997e59c8: ; ImmutableOopMap {rbp=NarrowOop [48]=Oop [56]=Oop [64]=Oop [72]=NarrowOop [76]=NarrowOop [84]=NarrowOop [88]=Oop [96]=Oop [104]=Oop }
                      ;*invokestatic spacerLine {reexecute=0 rethrow=0 return_oop=1}
                      ; - org.gradle.internal.logging.sink.GroupingProgressLogEventGenerator::access$700@2 (line 49)
                      ; - org.gradle.internal.logging.sink.GroupingProgressLogEventGenerator$OperationGroup::flushOutput@68 (line 230)
                      ; - org.gradle.internal.logging.sink.GroupingProgressLogEventGenerator$OperationGroup::maybeFlushOutput@30 (line 252)
                      ; - org.gradle.internal.logging.sink.GroupingProgressLogEventGenerator::onUpdateNow@47 (line 135)
                      ; - org.gradle.internal.logging.sink.GroupingProgressLogEventGenerator::onOutput@84 (line 80)
                      ; - org.gradle.internal.logging.console.BuildLogLevelFilterRenderer::onOutput@47 (line 41)
                      ; - org.gradle.internal.logging.console.WorkInProgressRenderer::onOutput@47 (line 76)
                      ; - org.gradle.internal.logging.console.BuildStatusRenderer::onOutput@293 (line 111)
  0x00000288997e59c8: b4bf 79ff 

  0x00000288997e59cc: ; implicit exception: dispatches to 0x00000288997e8004
  0x00000288997e59cc: 448b 5d08 

  0x00000288997e59d0: ;   {metadata('org/gradle/internal/logging/sink/ErrorOutputDispatchingListener')}
  0x00000288997e59d0: 4181 fba8 | ce0a 010f | 857f 1e00 | 0048 8bd5 | 4c8b c048 | 8b6c 2438 

  0x00000288997e59e8: ;   {optimized virtual_call}
  0x00000288997e59e8: c5f8 77e8 

  0x00000288997e59ec: ; ImmutableOopMap {rbp=Oop [48]=Oop [56]=Oop [64]=Oop [72]=NarrowOop [76]=NarrowOop [84]=NarrowOop [88]=Oop [96]=Oop [104]=Oop }
                      ;*invokeinterface onOutput {reexecute=0 rethrow=0 return_oop=0}
                      ; - org.gradle.internal.logging.sink.GroupingProgressLogEventGenerator$OperationGroup::flushOutput@71 (line 230)
                      ; - org.gradle.internal.logging.sink.GroupingProgressLogEventGenerator$OperationGroup::maybeFlushOutput@30 (line 252)
                      ; - org.gradle.internal.logging.sink.GroupingProgressLogEventGenerator::onUpdateNow@47 (line 135)
                      ; - org.gradle.internal.logging.sink.GroupingProgressLogEventGenerator::onOutput@84 (line 80)
                      ; - org.gradle.internal.logging.console.BuildLogLevelFilterRenderer::onOutput@47 (line 41)
                      ; - org.gradle.internal.logging.console.WorkInProgressRenderer::onOutput@47 (line 76)
                      ; - org.gradle.internal.logging.console.BuildStatusRenderer::onOutput@293 (line 111)
  0x00000288997e59ec: 90b9 79ff | 4c8b 5424 | 6045 8b5a | 3841 8b6b | 1849 8bd2 

  0x00000288997e5a00: ;   {optimized virtual_call}
  0x00000288997e5a00: c5f8 77e8 

  0x00000288997e5a04: ; ImmutableOopMap {rbp=NarrowOop [48]=Oop [56]=Oop [64]=Oop [72]=NarrowOop [76]=NarrowOop [84]=NarrowOop [88]=Oop [96]=Oop [104]=Oop }
                      ;*invokespecial header {reexecute=0 rethrow=0 return_oop=1}
                      ; - org.gradle.internal.logging.sink.GroupingProgressLogEventGenerator$OperationGroup::flushOutput@84 (line 232)
                      ; - org.gradle.internal.logging.sink.GroupingProgressLogEventGenerator$OperationGroup::maybeFlushOutput@30 (line 252)
                      ; - org.gradle.internal.logging.sink.GroupingProgressLogEventGenerator::onUpdateNow@47 (line 135)
                      ; - org.gradle.internal.logging.sink.GroupingProgressLogEventGenerator::onOutput@84 (line 80)
                      ; - org.gradle.internal.logging.console.BuildLogLevelFilterRenderer::onOutput@47 (line 41)
                      ; - org.gradle.internal.logging.console.WorkInProgressRenderer::onOutput@47 (line 76)
                      ; - org.gradle.internal.logging.console.BuildStatusRenderer::onOutput@293 (line 111)
  0x00000288997e5a04: 78b9 79ff 

  0x00000288997e5a08: ; implicit exception: dispatches to 0x00000288997e8024
  0x00000288997e5a08: 448b 5d08 

  0x00000288997e5a0c: ;   {metadata('org/gradle/internal/logging/sink/ErrorOutputDispatchingListener')}
  0x00000288997e5a0c: 4181 fba8 | ce0a 010f | 8587 1e00 | 0048 8bd5 | 4c8b c048 | 8b6c 2438 

  0x00000288997e5a24: ;   {optimized virtual_call}
  0x00000288997e5a24: c5f8 77e8 

  0x00000288997e5a28: ; ImmutableOopMap {rbp=Oop [48]=Oop [56]=Oop [64]=Oop [72]=NarrowOop [76]=NarrowOop [84]=NarrowOop [88]=Oop [96]=Oop [104]=Oop }
                      ;*invokeinterface onOutput {reexecute=0 rethrow=0 return_oop=0}
                      ; - org.gradle.internal.logging.sink.GroupingProgressLogEventGenerator$OperationGroup::flushOutput@87 (line 232)
                      ; - org.gradle.internal.logging.sink.GroupingProgressLogEventGenerator$OperationGroup::maybeFlushOutput@30 (line 252)
                      ; - org.gradle.internal.logging.sink.GroupingProgressLogEventGenerator::onUpdateNow@47 (line 135)
                      ; - org.gradle.internal.logging.sink.GroupingProgressLogEventGenerator::onOutput@84 (line 80)
                      ; - org.gradle.internal.logging.console.BuildLogLevelFilterRenderer::onOutput@47 (line 41)
                      ; - org.gradle.internal.logging.console.WorkInProgressRenderer::onOutput@47 (line 76)
                      ; - org.gradle.internal.logging.console.BuildStatusRenderer::onOutput@293 (line 111)
  0x00000288997e5a28: 54b9 79ff | 4180 7f38 | 000f 8551 | 1a00 004c | 8b44 2460 | 41c6 4015 | 0145 8b58 | 2c45 8958 
  0x00000288997e5a48: 304c 8944 | 2460 4d8b | d04d 8bc3 | 4d33 c249 | c1e8 144d | 85c0 741f | 4585 db74 | 1a49 c1ea 
  0x00000288997e5a68: 0948 b900 | 0063 8788 | 0200 0049 | 03ca 8039 | 040f 8547 | 1a00 004c | 8b54 2460 | 418b 6a34 
  0x00000288997e5a88: ; implicit exception: dispatches to 0x00000288997e7fd4
  0x00000288997e5a88: 448b 5508 

  0x00000288997e5a8c: ;   {metadata('java/util/ArrayList')}
  0x00000288997e5a8c: 4181 fa20 | df00 000f | 850b 1d00 | 0049 8b87 | 0801 0000 | 4c8b d849 | 83c3 204c | 8bd5 4c89 
  0x00000288997e5aac: 5424 784d | 3b9f 1801 | 0000 0f83 | d81b 0000 | 4d89 9f08 | 0100 0041 | 0f18 8300 | 0100 0048 
  0x00000288997e5acc: c700 0100 

  0x00000288997e5ad0: ;   {metadata('java/util/ArrayList$Itr')}
  0x00000288997e5ad0: 0000 c740 | 0870 af1a | 0044 8960 | 0c4c 8960 | 184c 8b54 | 2478 458b | 5a0c 41b8 | ffff ffff 
  0x00000288997e5af0: 4c89 4010 | 488b e844 | 8950 1844 | 8958 1444 

  0x00000288997e5b00: ;   {metadata('java/util/ArrayList$Itr')}
  0x00000288997e5b00: 8b55 0841 | 81fa 70af | 1a00 0f85 | d41c 0000 | 4c8b d54c | 8994 2480 | 0000 004c | 8b54 2478 
  0x00000288997e5b20: 458b 5210 | 4c8b 9c24 | 8000 0000 | 458b 430c | 453b c20f | 8492 0000 | 000f 1f80 | 0000 0000 
  0x00000288997e5b40: 488b 9424 | 8000 0000 | 488b 6c24 | 3866 6690 

  0x00000288997e5b50: ;   {optimized virtual_call}
  0x00000288997e5b50: c5f8 77e8 

  0x00000288997e5b54: ; ImmutableOopMap {rbp=Oop [48]=Oop [56]=Oop [64]=Oop [72]=NarrowOop [76]=NarrowOop [84]=NarrowOop [88]=Oop [96]=Oop [104]=Oop [128]=Oop }
                      ;*invokeinterface next {reexecute=0 rethrow=0 return_oop=1}
                      ; - org.gradle.internal.logging.sink.GroupingProgressLogEventGenerator$OperationGroup::flushOutput@125 (line 237)
                      ; - org.gradle.internal.logging.sink.GroupingProgressLogEventGenerator$OperationGroup::maybeFlushOutput@30 (line 252)
                      ; - org.gradle.internal.logging.sink.GroupingProgressLogEventGenerator::onUpdateNow@47 (line 135)
                      ; - org.gradle.internal.logging.sink.GroupingProgressLogEventGenerator::onOutput@84 (line 80)
                      ; - org.gradle.internal.logging.console.BuildLogLevelFilterRenderer::onOutput@47 (line 41)
                      ; - org.gradle.internal.logging.console.WorkInProgressRenderer::onOutput@47 (line 76)
                      ; - org.gradle.internal.logging.console.BuildStatusRenderer::onOutput@293 (line 111)
  0x00000288997e5b54: 28b8 79ff | 4c8b d044 

  0x00000288997e5b5c: ;   {metadata('org/gradle/internal/logging/events/LogEvent')}
  0x00000288997e5b5c: 8b58 0841 | 81fb 98a5 | 0801 0f85 | 4c1e 0000 | 4c8b 4424 | 6041 c640 | 1601 458b | 5838 418b 
  0x00000288997e5b7c: 6b18 448b 

  0x00000288997e5b80: ;   {metadata('org/gradle/internal/logging/sink/ErrorOutputDispatchingListener')}
  0x00000288997e5b80: 5d08 4181 | fba8 ce0a | 010f 85c9 | 1b00 0048 | 8bd5 4d8b | c248 8b6c | 2438 6690 

  0x00000288997e5b9c: ;   {optimized virtual_call}
  0x00000288997e5b9c: c5f8 77e8 

  0x00000288997e5ba0: ; ImmutableOopMap {rbp=Oop [48]=Oop [56]=Oop [64]=Oop [72]=NarrowOop [76]=NarrowOop [84]=NarrowOop [88]=Oop [96]=Oop [104]=Oop [128]=Oop }
                      ;*invokeinterface onOutput {reexecute=0 rethrow=0 return_oop=0}
                      ; - org.gradle.internal.logging.sink.GroupingProgressLogEventGenerator$OperationGroup::flushOutput@147 (line 239)
                      ; - org.gradle.internal.logging.sink.GroupingProgressLogEventGenerator$OperationGroup::maybeFlushOutput@30 (line 252)
                      ; - org.gradle.internal.logging.sink.GroupingProgressLogEventGenerator::onUpdateNow@47 (line 135)
                      ; - org.gradle.internal.logging.sink.GroupingProgressLogEventGenerator::onOutput@84 (line 80)
                      ; - org.gradle.internal.logging.console.BuildLogLevelFilterRenderer::onOutput@47 (line 41)
                      ; - org.gradle.internal.logging.console.WorkInProgressRenderer::onOutput@47 (line 76)
                      ; - org.gradle.internal.logging.console.BuildStatusRenderer::onOutput@293 (line 111)
  0x00000288997e5ba0: dcb7 79ff | 4d8b 9750 

  0x00000288997e5ba8: ; ImmutableOopMap {rbp=Oop [48]=Oop [56]=Oop [64]=Oop [72]=NarrowOop [76]=NarrowOop [84]=NarrowOop [88]=Oop [96]=Oop [104]=Oop [128]=Oop }
                      ;*goto {reexecute=1 rethrow=0 return_oop=0}
                      ; - (reexecute) org.gradle.internal.logging.sink.GroupingProgressLogEventGenerator$OperationGroup::flushOutput@152 (line 240)
                      ; - org.gradle.internal.logging.sink.GroupingProgressLogEventGenerator$OperationGroup::maybeFlushOutput@30 (line 252)
                      ; - org.gradle.internal.logging.sink.GroupingProgressLogEventGenerator::onUpdateNow@47 (line 135)
                      ; - org.gradle.internal.logging.sink.GroupingProgressLogEventGenerator::onOutput@84 (line 80)
                      ; - org.gradle.internal.logging.console.BuildLogLevelFilterRenderer::onOutput@47 (line 41)
                      ; - org.gradle.internal.logging.console.WorkInProgressRenderer::onOutput@47 (line 76)
                      ; - org.gradle.internal.logging.console.BuildStatusRenderer::onOutput@293 (line 111)
                      ;   {poll}
  0x00000288997e5ba8: 0300 0041 | 8502 4c8b | 8424 8000 | 0000 458b | 5018 458b | 5a10 458b | 500c 453b | d30f 8575 
  0x00000288997e5bc8: ffff ff4c | 8b54 2460 | 458b 5a38 | 498b d344 | 8b44 2470 | 488b 6c24 | 3866 6690 

  0x00000288997e5be4: ;   {static_call}
  0x00000288997e5be4: c5f8 77e8 

  0x00000288997e5be8: ; ImmutableOopMap {rbp=Oop [48]=Oop [56]=Oop [64]=Oop [72]=NarrowOop [76]=NarrowOop [84]=NarrowOop [88]=Oop [96]=Oop [104]=Oop }
                      ;*invokestatic access$602 {reexecute=0 rethrow=0 return_oop=0}
                      ; - org.gradle.internal.logging.sink.GroupingProgressLogEventGenerator$OperationGroup::flushOutput@160 (line 241)
                      ; - org.gradle.internal.logging.sink.GroupingProgressLogEventGenerator$OperationGroup::maybeFlushOutput@30 (line 252)
                      ; - org.gradle.internal.logging.sink.GroupingProgressLogEventGenerator::onUpdateNow@47 (line 135)
                      ; - org.gradle.internal.logging.sink.GroupingProgressLogEventGenerator::onOutput@84 (line 80)
                      ; - org.gradle.internal.logging.console.BuildLogLevelFilterRenderer::onOutput@47 (line 41)
                      ; - org.gradle.internal.logging.console.WorkInProgressRenderer::onOutput@47 (line 76)
                      ; - org.gradle.internal.logging.console.BuildStatusRenderer::onOutput@293 (line 111)
  0x00000288997e5be8: 94bd 79ff | 4c8b 5424 | 6041 8b6a | 3444 8b5d 

  0x00000288997e5bf8: ;   {metadata('java/util/ArrayList')}
  0x00000288997e5bf8: 0841 81fb | 20df 0000 | 0f85 1e1c | 0000 488b | d548 8b6c | 2438 6690 

  0x00000288997e5c10: ;   {optimized virtual_call}
  0x00000288997e5c10: c5f8 77e8 

  0x00000288997e5c14: ; ImmutableOopMap {rbp=Oop [48]=Oop [56]=Oop [64]=Oop [72]=NarrowOop [84]=NarrowOop [88]=Oop [96]=Oop [104]=Oop }
                      ;*invokeinterface clear {reexecute=0 rethrow=0 return_oop=0}
                      ; - org.gradle.internal.logging.sink.GroupingProgressLogEventGenerator$OperationGroup::flushOutput@168 (line 243)
                      ; - org.gradle.internal.logging.sink.GroupingProgressLogEventGenerator$OperationGroup::maybeFlushOutput@30 (line 252)
                      ; - org.gradle.internal.logging.sink.GroupingProgressLogEventGenerator::onUpdateNow@47 (line 135)
                      ; - org.gradle.internal.logging.sink.GroupingProgressLogEventGenerator::onOutput@84 (line 80)
                      ; - org.gradle.internal.logging.console.BuildLogLevelFilterRenderer::onOutput@47 (line 41)
                      ; - org.gradle.internal.logging.console.WorkInProgressRenderer::onOutput@47 (line 76)
                      ; - org.gradle.internal.logging.console.BuildStatusRenderer::onOutput@293 (line 111)
  0x00000288997e5c14: 68b7 79ff | 4c8b 4424 | 6045 8b50 | 384d 8b5a | 104d 8958 | 1845 8b40 | 1049 8bd2 

  0x00000288997e5c30: ;   {static_call}
  0x00000288997e5c30: c5f8 77e8 

  0x00000288997e5c34: ; ImmutableOopMap {rbp=Oop [48]=Oop [56]=Oop [64]=Oop [72]=NarrowOop [84]=NarrowOop [88]=Oop [104]=Oop }
                      ;*invokestatic access$302 {reexecute=0 rethrow=0 return_oop=1}
                      ; - org.gradle.internal.logging.sink.GroupingProgressLogEventGenerator$OperationGroup::flushOutput@192 (line 245)
                      ; - org.gradle.internal.logging.sink.GroupingProgressLogEventGenerator$OperationGroup::maybeFlushOutput@30 (line 252)
                      ; - org.gradle.internal.logging.sink.GroupingProgressLogEventGenerator::onUpdateNow@47 (line 135)
                      ; - org.gradle.internal.logging.sink.GroupingProgressLogEventGenerator::onOutput@84 (line 80)
                      ; - org.gradle.internal.logging.console.BuildLogLevelFilterRenderer::onOutput@47 (line 41)
                      ; - org.gradle.internal.logging.console.WorkInProgressRenderer::onOutput@47 (line 76)
                      ; - org.gradle.internal.logging.console.BuildStatusRenderer::onOutput@293 (line 111)
  0x00000288997e5c34: 48bd 79ff | e941 e7ff | ff4c 8944 | 2420 448b | 4424 6490 

  0x00000288997e5c48: ;   {runtime_call _new_array_Java}
  0x00000288997e5c48: c5f8 77e8 

  0x00000288997e5c4c: ; ImmutableOopMap {rbp=Oop [32]=Oop [40]=Oop [48]=Oop [64]=Oop [72]=Oop [80]=Oop [88]=NarrowOop }
                      ;*invokestatic copyOf {reexecute=1 rethrow=0 return_oop=1}
                      ; - (reexecute) java.util.Arrays::copyOf@6 (line 3481)
                      ; - java.util.ArrayList::grow@37 (line 237)
                      ; - java.util.ArrayList::grow@7 (line 244)
                      ; - java.util.ArrayList::add@7 (line 454)
                      ; - java.util.ArrayList::add@20 (line 467)
                      ; - org.gradle.internal.logging.console.WorkInProgressRenderer::onOutput@5 (line 68)
                      ; - org.gradle.internal.logging.console.BuildStatusRenderer::onOutput@293 (line 111)
  0x00000288997e5c4c: b0a7 84ff | 488b c8e9 | abde ffff | 4533 c0e9 | 55e5 ffff | bae4 ffff | ff48 8974 | 2420 4c89 
  0x00000288997e5c6c: 4c24 304c | 8974 2438 | 4c89 6c24 | 4044 895c | 244c 4c89 | 7424 5090 

  0x00000288997e5c84: ;   {runtime_call UncommonTrapBlob}
  0x00000288997e5c84: c5f8 77e8 

  0x00000288997e5c88: ; ImmutableOopMap {rbp=Oop [32]=Oop [48]=Oop [56]=Oop [64]=Oop [80]=Oop }
                      ;*aastore {reexecute=1 rethrow=0 return_oop=0}
                      ; - (reexecute) java.util.ArrayList::add@14 (line 455)
                      ; - java.util.ArrayList::add@20 (line 467)
                      ; - org.gradle.internal.logging.console.WorkInProgressRenderer::onOutput@5 (line 68)
                      ; - org.gradle.internal.logging.console.BuildStatusRenderer::onOutput@293 (line 111)
  0x00000288997e5c88: 740c 7aff | ba45 ffff | ff66 6690 

  0x00000288997e5c94: ;   {runtime_call UncommonTrapBlob}
  0x00000288997e5c94: c5f8 77e8 

  0x00000288997e5c98: ; ImmutableOopMap {rbp=Oop [40]=Oop [56]=Oop }
                      ;*ifeq {reexecute=1 rethrow=0 return_oop=0}
                      ; - (reexecute) org.gradle.internal.logging.console.BuildLogLevelFilterRenderer::onOutput@26 (line 37)
                      ; - org.gradle.internal.logging.console.WorkInProgressRenderer::onOutput@47 (line 76)
                      ; - org.gradle.internal.logging.console.BuildStatusRenderer::onOutput@293 (line 111)
  0x00000288997e5c98: 640c 7aff | bade ffff | ff48 8bee | 4489 5424 | 284c 8974 | 2430 6690 

  0x00000288997e5cb0: ;   {runtime_call UncommonTrapBlob}
  0x00000288997e5cb0: c5f8 77e8 

  0x00000288997e5cb4: ; ImmutableOopMap {rbp=Oop [40]=NarrowOop [48]=Oop }
                      ;*invokeinterface onOutput {reexecute=0 rethrow=0 return_oop=0}
                      ; - org.gradle.internal.logging.console.BuildStatusRenderer::onOutput@293 (line 111)
  0x00000288997e5cb4: 480c 7aff | bade ffff | ff48 8bee | 4c89 4c24 | 284c 8974 | 2430 4489 | 5424 384c | 8974 2440 
  0x00000288997e5cd4: ;   {runtime_call UncommonTrapBlob}
  0x00000288997e5cd4: c5f8 77e8 

  0x00000288997e5cd8: ; ImmutableOopMap {rbp=Oop [40]=Oop [48]=Oop [56]=NarrowOop [64]=Oop }
                      ;*invokeinterface add {reexecute=0 rethrow=0 return_oop=0}
                      ; - org.gradle.internal.logging.console.WorkInProgressRenderer::onOutput@5 (line 68)
                      ; - org.gradle.internal.logging.console.BuildStatusRenderer::onOutput@293 (line 111)
  0x00000288997e5cd8: 240c 7aff | bad6 ffff | ff48 8974 | 2420 4c89 | 4c24 304c | 8974 2438 | 4c89 6c24 | 4044 895c 
  0x00000288997e5cf8: 244c 4c89 | 7424 5090 

  0x00000288997e5d00: ;   {runtime_call UncommonTrapBlob}
  0x00000288997e5d00: c5f8 77e8 

  0x00000288997e5d04: ; ImmutableOopMap {rbp=Oop [32]=Oop [48]=Oop [56]=Oop [64]=Oop [80]=Oop }
                      ;*aastore {reexecute=1 rethrow=0 return_oop=0}
                      ; - (reexecute) java.util.ArrayList::add@14 (line 455)
                      ; - java.util.ArrayList::add@20 (line 467)
                      ; - org.gradle.internal.logging.console.WorkInProgressRenderer::onOutput@5 (line 68)
                      ; - org.gradle.internal.logging.console.BuildStatusRenderer::onOutput@293 (line 111)
  0x00000288997e5d04: f80b 7aff | bade ffff | ff48 8bee | 4489 5424 | 284c 8974 | 2430 6690 

  0x00000288997e5d1c: ;   {runtime_call UncommonTrapBlob}
  0x00000288997e5d1c: c5f8 77e8 

  0x00000288997e5d20: ; ImmutableOopMap {rbp=Oop [40]=NarrowOop [48]=Oop }
                      ;*invokeinterface onOutput {reexecute=0 rethrow=0 return_oop=0}
                      ; - org.gradle.internal.logging.console.WorkInProgressRenderer::onOutput@47 (line 76)
                      ; - org.gradle.internal.logging.console.BuildStatusRenderer::onOutput@293 (line 111)
  0x00000288997e5d20: dc0b 7aff | bade ffff | ff48 8b6c | 2438 4489 | 5424 2890 

  0x00000288997e5d34: ;   {runtime_call UncommonTrapBlob}
  0x00000288997e5d34: c5f8 77e8 

  0x00000288997e5d38: ; ImmutableOopMap {rbp=Oop [40]=NarrowOop [48]=Oop }
                      ;*invokeinterface onOutput {reexecute=0 rethrow=0 return_oop=0}
                      ; - org.gradle.internal.logging.console.BuildLogLevelFilterRenderer::onOutput@47 (line 41)
                      ; - org.gradle.internal.logging.console.WorkInProgressRenderer::onOutput@47 (line 76)
                      ; - org.gradle.internal.logging.console.BuildStatusRenderer::onOutput@293 (line 111)
  0x00000288997e5d38: c40b 7aff | 453b c80f | 8ccc e3ff | ff44 8b54 | 2450 488b | c5e9 e6b8 | ffff baf6 | ffff ff48 
  0x00000288997e5d58: 8be9 6690 

  0x00000288997e5d5c: ;   {runtime_call UncommonTrapBlob}
  0x00000288997e5d5c: c5f8 77e8 

  0x00000288997e5d60: ; ImmutableOopMap {}
                      ;*invokevirtual format {reexecute=0 rethrow=0 return_oop=0}
                      ; - org.gradle.internal.logging.console.ProgressBar::formatProgress@5 (line 89)
                      ; - org.gradle.internal.logging.console.BuildStatusRenderer::renderNow@25 (line 123)
                      ; - org.gradle.internal.logging.console.BuildStatusRenderer::onOutput@321 (line 115)
  0x00000288997e5d60: 9c0b 7aff | baf6 ffff | ff48 8944 | 2420 6690 

  0x00000288997e5d70: ;   {runtime_call UncommonTrapBlob}
  0x00000288997e5d70: c5f8 77e8 

  0x00000288997e5d74: ; ImmutableOopMap {[32]=Oop [40]=Oop }
                      ;*invokevirtual redraw {reexecute=0 rethrow=0 return_oop=0}
                      ; - org.gradle.internal.logging.console.AnsiConsole$1::execute@8 (line 30)
                      ; - org.gradle.internal.logging.console.AnsiConsole$1::execute@5 (line 27)
                      ; - org.gradle.internal.logging.console.DefaultAnsiExecutor::write@28 (line 48)
                      ; - org.gradle.internal.logging.console.AnsiConsole::redraw@58 (line 79)
                      ; - org.gradle.internal.logging.console.AnsiConsole::flush@1 (line 55)
                      ; - org.gradle.internal.logging.console.BuildStatusRenderer::renderNow@37 (line 125)
                      ; - org.gradle.internal.logging.console.BuildStatusRenderer::onOutput@321 (line 115)
  0x00000288997e5d74: 880b 7aff | baf6 ffff | ff66 6690 

  0x00000288997e5d80: ;   {runtime_call UncommonTrapBlob}
  0x00000288997e5d80: c5f8 77e8 

  0x00000288997e5d84: ; ImmutableOopMap {[40]=Oop [48]=NarrowOop }
                      ;*invokevirtual toString {reexecute=0 rethrow=0 return_oop=0}
                      ; - org.fusesource.jansi.Ansi::toString@8 (line 732)
                      ; - org.gradle.internal.logging.console.DefaultAnsiExecutor::write@5 (line 106)
                      ; - org.gradle.internal.logging.console.DefaultAnsiExecutor::write@35 (line 49)
                      ; - org.gradle.internal.logging.console.AnsiConsole::redraw@58 (line 79)
                      ; - org.gradle.internal.logging.console.AnsiConsole::flush@1 (line 55)
                      ; - org.gradle.internal.logging.console.BuildStatusRenderer::renderNow@37 (line 125)
                      ; - org.gradle.internal.logging.console.BuildStatusRenderer::onOutput@321 (line 115)
  0x00000288997e5d84: 780b 7aff | 4963 cae9 | acd1 ffff | baf6 ffff | ff48 8b6c | 2428 4c89 | 6c24 2044 | 895c 2428 
  0x00000288997e5da4: 4c89 4424 | 3044 8954 | 242c 6690 

  0x00000288997e5db0: ;   {runtime_call UncommonTrapBlob}
  0x00000288997e5db0: c5f8 77e8 

  0x00000288997e5db4: ; ImmutableOopMap {rbp=Oop [32]=Oop [40]=NarrowOop [48]=Oop }
                      ;*monitorenter {reexecute=0 rethrow=0 return_oop=0}
                      ; - sun.nio.cs.StreamEncoder::write@7 (line 124)
                      ; - sun.nio.cs.StreamEncoder::write@33 (line 142)
                      ; - java.io.Writer::write@7 (line 249)
                      ; - java.io.OutputStreamWriter::append@29 (line 237)
                      ; - java.io.OutputStreamWriter::append@2 (line 76)
                      ; - org.gradle.internal.logging.console.DefaultAnsiExecutor::write@8 (line 106)
                      ; - org.gradle.internal.logging.console.DefaultAnsiExecutor::write@35 (line 49)
                      ; - org.gradle.internal.logging.console.AnsiConsole::redraw@58 (line 79)
                      ; - org.gradle.internal.logging.console.AnsiConsole::flush@1 (line 55)
                      ; - org.gradle.internal.logging.console.BuildStatusRenderer::renderNow@37 (line 125)
                      ; - org.gradle.internal.logging.console.BuildStatusRenderer::onOutput@321 (line 115)
  0x00000288997e5db4: 480b 7aff | ba76 ffff | ff48 8b6c | 2428 448b | 5c24 3c44 | 895c 2420 | 448b 5424 | 3844 8954 
  0x00000288997e5dd4: 2424 4889 | 4424 3089 | 4c24 2c44 | 8944 243c 

  0x00000288997e5de4: ;   {runtime_call UncommonTrapBlob}
  0x00000288997e5de4: c5f8 77e8 

  0x00000288997e5de8: ; ImmutableOopMap {rbp=Oop [32]=NarrowOop [36]=NarrowOop [44]=NarrowOop [48]=Oop }
                      ;*if_icmpge {reexecute=1 rethrow=0 return_oop=0}
                      ; - (reexecute) java.lang.StringLatin1::trim@30 (line 593)
                      ; - java.lang.String::trim@11 (line 3534)
                      ; - org.gradle.internal.time.TimeFormatting::formatDurationTerse@119 (line 63)
                      ; - org.gradle.internal.logging.format.TersePrettyDurationFormatter::format@1 (line 25)
                      ; - org.gradle.internal.logging.console.ProgressBar::formatProgress@5 (line 89)
                      ; - org.gradle.internal.logging.console.BuildStatusRenderer::renderNow@25 (line 123)
                      ; - org.gradle.internal.logging.console.BuildStatusRenderer::onOutput@321 (line 115)
  0x00000288997e5de8: 140b 7aff | bade ffff | ff44 896c | 2424 6690 

  0x00000288997e5df8: ;   {runtime_call UncommonTrapBlob}
  0x00000288997e5df8: c5f8 77e8 

  0x00000288997e5dfc: ; ImmutableOopMap {[36]=NarrowOop [40]=Oop [60]=NarrowOop }
                      ;*invokeinterface setText {reexecute=0 rethrow=0 return_oop=0}
                      ; - org.gradle.internal.logging.console.BuildStatusRenderer::renderNow@28 (line 123)
                      ; - org.gradle.internal.logging.console.BuildStatusRenderer::onOutput@321 (line 115)
  0x00000288997e5dfc: 000b 7aff | bade ffff | ff41 8beb 

  0x00000288997e5e08: ;   {runtime_call UncommonTrapBlob}
  0x00000288997e5e08: c5f8 77e8 

  0x00000288997e5e0c: ; ImmutableOopMap {rbp=NarrowOop }
                      ;*invokeinterface flush {reexecute=0 rethrow=0 return_oop=0}
                      ; - org.gradle.internal.logging.console.BuildStatusRenderer::renderNow@37 (line 125)
                      ; - org.gradle.internal.logging.console.BuildStatusRenderer::onOutput@321 (line 115)
  0x00000288997e5e0c: f00a 7aff | bade ffff | ff4c 8954 | 2420 4489 | 5c24 2890 

  0x00000288997e5e20: ;   {runtime_call UncommonTrapBlob}
  0x00000288997e5e20: c5f8 77e8 

  0x00000288997e5e24: ; ImmutableOopMap {rbp=NarrowOop [32]=Oop [40]=NarrowOop }
                      ;*invokeinterface write {reexecute=0 rethrow=0 return_oop=0}
                      ; - org.gradle.internal.logging.console.AnsiConsole::redraw@58 (line 79)
                      ; - org.gradle.internal.logging.console.AnsiConsole::flush@1 (line 55)
                      ; - org.gradle.internal.logging.console.BuildStatusRenderer::renderNow@37 (line 125)
                      ; - org.gradle.internal.logging.console.BuildStatusRenderer::onOutput@321 (line 115)
  0x00000288997e5e24: d80a 7aff | bade ffff | ff4c 8954 | 2420 4c89 | 5c24 2844 | 8944 2430 

  0x00000288997e5e3c: ;   {runtime_call UncommonTrapBlob}
  0x00000288997e5e3c: c5f8 77e8 

  0x00000288997e5e40: ; ImmutableOopMap {rbp=NarrowOop [32]=Oop [40]=Oop [48]=NarrowOop }
                      ;*invokeinterface create {reexecute=0 rethrow=0 return_oop=0}
                      ; - org.gradle.internal.logging.console.DefaultAnsiExecutor::write@4 (line 47)
                      ; - org.gradle.internal.logging.console.AnsiConsole::redraw@58 (line 79)
                      ; - org.gradle.internal.logging.console.AnsiConsole::flush@1 (line 55)
                      ; - org.gradle.internal.logging.console.BuildStatusRenderer::renderNow@37 (line 125)
                      ; - org.gradle.internal.logging.console.BuildStatusRenderer::onOutput@321 (line 115)
  0x00000288997e5e40: bc0a 7aff | bade ffff | ff4c 8b54 | 2428 4c89 | 5424 2048 | 8974 2428 | 4c89 6c24 | 3048 8944 
  0x00000288997e5e60: 2438 6690 

  0x00000288997e5e64: ;   {runtime_call UncommonTrapBlob}
  0x00000288997e5e64: c5f8 77e8 

  0x00000288997e5e68: ; ImmutableOopMap {rbp=NarrowOop [32]=Oop [40]=Oop [48]=Oop [56]=Oop }
                      ;*invokeinterface execute {reexecute=0 rethrow=0 return_oop=0}
                      ; - org.gradle.internal.logging.console.DefaultAnsiExecutor::write@28 (line 48)
                      ; - org.gradle.internal.logging.console.AnsiConsole::redraw@58 (line 79)
                      ; - org.gradle.internal.logging.console.AnsiConsole::flush@1 (line 55)
                      ; - org.gradle.internal.logging.console.BuildStatusRenderer::renderNow@37 (line 125)
                      ; - org.gradle.internal.logging.console.BuildStatusRenderer::onOutput@321 (line 115)
  0x00000288997e5e68: 940a 7aff | bade ffff | ff48 8b6c | 2428 4889 | 4424 2890 

  0x00000288997e5e7c: ;   {runtime_call UncommonTrapBlob}
  0x00000288997e5e7c: c5f8 77e8 

  0x00000288997e5e80: ; ImmutableOopMap {rbp=Oop [40]=Oop [48]=NarrowOop }
                      ;*invokeinterface append {reexecute=0 rethrow=0 return_oop=0}
                      ; - org.gradle.internal.logging.console.DefaultAnsiExecutor::write@8 (line 106)
                      ; - org.gradle.internal.logging.console.DefaultAnsiExecutor::write@35 (line 49)
                      ; - org.gradle.internal.logging.console.AnsiConsole::redraw@58 (line 79)
                      ; - org.gradle.internal.logging.console.AnsiConsole::flush@1 (line 55)
                      ; - org.gradle.internal.logging.console.BuildStatusRenderer::renderNow@37 (line 125)
                      ; - org.gradle.internal.logging.console.BuildStatusRenderer::onOutput@321 (line 115)
  0x00000288997e5e80: 7c0a 7aff | bace ffff | ff48 8b6c | 2428 4c89 | 6c24 2044 | 895c 2428 | 8974 2438 | 4c89 4424 
  0x00000288997e5ea0: 4044 8954 | 243c 6690 

  0x00000288997e5ea8: ;   {runtime_call UncommonTrapBlob}
  0x00000288997e5ea8: c5f8 77e8 

  0x00000288997e5eac: ; ImmutableOopMap {rbp=Oop [32]=Oop [40]=NarrowOop [56]=NarrowOop [64]=Oop }
                      ;*invokestatic inflate {reexecute=0 rethrow=0 return_oop=0}
                      ; - java.lang.StringLatin1::getChars@8 (line 86)
                      ; - java.lang.String::getChars@35 (line 1681)
                      ; - sun.nio.cs.StreamEncoder::write@25 (line 141)
                      ; - java.io.Writer::write@7 (line 249)
                      ; - java.io.OutputStreamWriter::append@29 (line 237)
                      ; - java.io.OutputStreamWriter::append@2 (line 76)
                      ; - org.gradle.internal.logging.console.DefaultAnsiExecutor::write@8 (line 106)
                      ; - org.gradle.internal.logging.console.DefaultAnsiExecutor::write@35 (line 49)
                      ; - org.gradle.internal.logging.console.AnsiConsole::redraw@58 (line 79)
                      ; - org.gradle.internal.logging.console.AnsiConsole::flush@1 (line 55)
                      ; - org.gradle.internal.logging.console.BuildStatusRenderer::renderNow@37 (line 125)
                      ; - org.gradle.internal.logging.console.BuildStatusRenderer::onOutput@321 (line 115)
  0x00000288997e5eac: 500a 7aff | 4889 4c24 | 4044 8954 | 2424 4c89 | 4424 384c | 8974 2430 | 4489 5c24 | 2049 8bed 
  0x00000288997e5ecc: 488b d14c | 8d84 24c0 | 0000 0090 

  0x00000288997e5ed8: ;   {runtime_call _complete_monitor_locking_Java}
  0x00000288997e5ed8: c5f8 77e8 

  0x00000288997e5edc: ; ImmutableOopMap {rbp=Oop [32]=NarrowOop [40]=Oop [48]=Oop [56]=Oop [64]=Oop [88]=NarrowOop }
                      ;*monitorenter {reexecute=0 rethrow=0 return_oop=0}
                      ; - sun.nio.cs.StreamEncoder::write@7 (line 124)
                      ; - sun.nio.cs.StreamEncoder::write@33 (line 142)
                      ; - java.io.Writer::write@7 (line 249)
                      ; - java.io.OutputStreamWriter::append@29 (line 237)
                      ; - java.io.OutputStreamWriter::append@2 (line 76)
                      ; - org.gradle.internal.logging.console.DefaultAnsiExecutor::write@8 (line 106)
                      ; - org.gradle.internal.logging.console.DefaultAnsiExecutor::write@35 (line 49)
                      ; - org.gradle.internal.logging.console.AnsiConsole::redraw@58 (line 79)
                      ; - org.gradle.internal.logging.console.AnsiConsole::flush@1 (line 55)
                      ; - org.gradle.internal.logging.console.BuildStatusRenderer::renderNow@37 (line 125)
                      ; - org.gradle.internal.logging.console.BuildStatusRenderer::onOutput@321 (line 115)
  0x00000288997e5edc: 20c7 84ff | 4c8b ed44 | 8b5c 2420 | 4c8b 7424 | 304c 8b44 | 2438 448b | 5424 2448 | 8b4c 2440 
  0x00000288997e5efc: e93e d2ff | ffba deff | ffff 418b | eb66 6690 

  0x00000288997e5f0c: ;   {runtime_call UncommonTrapBlob}
  0x00000288997e5f0c: c5f8 77e8 

  0x00000288997e5f10: ; ImmutableOopMap {rbp=NarrowOop }
                      ;*invokeinterface flush {reexecute=0 rethrow=0 return_oop=0}
                      ; - org.gradle.internal.logging.console.AnsiConsole::flush@8 (line 57)
                      ; - org.gradle.internal.logging.console.BuildStatusRenderer::renderNow@37 (line 125)
                      ; - org.gradle.internal.logging.console.BuildStatusRenderer::onOutput@321 (line 115)
  0x00000288997e5f10: ec09 7aff | bae4 ffff | ff4c 8954 | 2420 4c89 | 5c24 2844 | 8944 2430 | 895c 2438 | 4489 4c24 
  0x00000288997e5f30: 3c66 6690 

  0x00000288997e5f34: ;   {runtime_call UncommonTrapBlob}
  0x00000288997e5f34: c5f8 77e8 

  0x00000288997e5f38: ; ImmutableOopMap {rbp=NarrowOop [32]=Oop [40]=Oop [48]=NarrowOop [56]=NarrowOop }
                      ;*aaload {reexecute=0 rethrow=0 return_oop=0}
                      ; - java.lang.ThreadLocal$ThreadLocalMap::getEntry@18 (line 435)
                      ; - java.lang.ThreadLocal::get@16 (line 165)
                      ; - org.fusesource.jansi.Ansi::isEnabled@3 (line 187)
                      ; - org.fusesource.jansi.Ansi::ansi@0 (line 191)
                      ; - org.gradle.internal.logging.console.DefaultAnsiFactory::create@15 (line 33)
                      ; - org.gradle.internal.logging.console.DefaultAnsiExecutor::write@4 (line 47)
                      ; - org.gradle.internal.logging.console.AnsiConsole::redraw@58 (line 79)
                      ; - org.gradle.internal.logging.console.AnsiConsole::flush@1 (line 55)
                      ; - org.gradle.internal.logging.console.BuildStatusRenderer::renderNow@37 (line 125)
                      ; - org.gradle.internal.logging.console.BuildStatusRenderer::onOutput@321 (line 115)
  0x00000288997e5f38: c409 7aff | ba45 ffff | ff4c 8954 | 2420 4c89 | 5c24 2844 | 8944 2430 | 4489 4c24 | 3489 4c24 
  0x00000288997e5f58: 3866 6690 

  0x00000288997e5f5c: ;   {runtime_call UncommonTrapBlob}
  0x00000288997e5f5c: c5f8 77e8 

  0x00000288997e5f60: ; ImmutableOopMap {rbp=NarrowOop [32]=Oop [40]=Oop [48]=NarrowOop [56]=NarrowOop }
                      ;*ifeq {reexecute=1 rethrow=0 return_oop=0}
                      ; - (reexecute) java.lang.ThreadLocal$ThreadLocalMap::getEntry@29 (line 436)
                      ; - java.lang.ThreadLocal::get@16 (line 165)
                      ; - org.fusesource.jansi.Ansi::isEnabled@3 (line 187)
                      ; - org.fusesource.jansi.Ansi::ansi@0 (line 191)
                      ; - org.gradle.internal.logging.console.DefaultAnsiFactory::create@15 (line 33)
                      ; - org.gradle.internal.logging.console.DefaultAnsiExecutor::write@4 (line 47)
                      ; - org.gradle.internal.logging.console.AnsiConsole::redraw@58 (line 79)
                      ; - org.gradle.internal.logging.console.AnsiConsole::flush@1 (line 55)
                      ; - org.gradle.internal.logging.console.BuildStatusRenderer::renderNow@37 (line 125)
                      ; - org.gradle.internal.logging.console.BuildStatusRenderer::onOutput@321 (line 115)
  0x00000288997e5f60: 9c09 7aff | bae4 ffff | ff48 8b6c | 2428 448b | 4424 3c44 | 8944 2420 | 8b4c 2438 | 894c 2424 
  0x00000288997e5f80: 448b 4424 | 4c44 8944 | 2428 4c8b | 4424 704c | 8944 2438 | 4c89 4424 | 4089 5c24 | 5044 894c 
  0x00000288997e5fa0: 2454 4489 | 5c24 5844 | 8954 245c 

  0x00000288997e5fac: ;   {runtime_call UncommonTrapBlob}
  0x00000288997e5fac: c5f8 77e8 

  0x00000288997e5fb0: ; ImmutableOopMap {rbp=Oop [32]=NarrowOop [36]=NarrowOop [56]=Oop [64]=Oop [84]=NarrowOop }
                      ;*bastore {reexecute=0 rethrow=0 return_oop=0}
                      ; - java.lang.Long::getChars@172 (line 570)
                      ; - java.lang.AbstractStringBuilder::append@33 (line 856)
                      ; - java.lang.StringBuilder::append@2 (line 259)
                      ; - org.gradle.internal.time.TimeFormatting::formatDurationTerse@92 (line 58)
                      ; - org.gradle.internal.logging.format.TersePrettyDurationFormatter::format@1 (line 25)
                      ; - org.gradle.internal.logging.console.ProgressBar::formatProgress@5 (line 89)
                      ; - org.gradle.internal.logging.console.BuildStatusRenderer::renderNow@25 (line 123)
                      ; - org.gradle.internal.logging.console.BuildStatusRenderer::onOutput@321 (line 115)
  0x00000288997e5fb0: 4c09 7aff | bade ffff | ff48 8b6c | 2438 4c8b | 4c24 304c | 894c 2420 | 4c8b 4c24 | 404c 894c 
  0x00000288997e5fd0: 2428 4c8b | 4c24 484c | 894c 2430 | 4489 5424 | 3844 895c | 243c 4889 | 7c24 4890 

  0x00000288997e5fec: ;   {runtime_call UncommonTrapBlob}
  0x00000288997e5fec: c5f8 77e8 

  0x00000288997e5ff0: ; ImmutableOopMap {rbp=Oop [32]=Oop [40]=Oop [48]=Oop [60]=NarrowOop [72]=Oop [80]=NarrowOop }
                      ;*invokeinterface put {reexecute=0 rethrow=0 return_oop=0}
                      ; - org.gradle.internal.logging.sink.GroupingProgressLogEventGenerator::onStart@84 (line 93)
                      ; - org.gradle.internal.logging.sink.GroupingProgressLogEventGenerator::onOutput@12 (line 72)
                      ; - org.gradle.internal.logging.console.BuildLogLevelFilterRenderer::onOutput@47 (line 41)
                      ; - org.gradle.internal.logging.console.WorkInProgressRenderer::onOutput@47 (line 76)
                      ; - org.gradle.internal.logging.console.BuildStatusRenderer::onOutput@293 (line 111)
  0x00000288997e5ff0: 0c09 7aff | bae4 ffff | ff48 8b6c | 2428 448b | 4424 3c44 | 8944 2420 | 8b5c 2438 | 895c 2424 
  0x00000288997e6010: 448b 4424 | 4c44 8944 | 2428 4c8b | 4424 504c | 8944 2430 | 4c8b 4424 | 704c 8944 | 2440 4c89 
  0x00000288997e6030: 4424 4844 | 8954 2458 | 4489 4c24 | 5c44 895c | 2460 894c | 2464 6690 

  0x00000288997e6048: ;   {runtime_call UncommonTrapBlob}
  0x00000288997e6048: c5f8 77e8 

  0x00000288997e604c: ; ImmutableOopMap {rbp=Oop [32]=NarrowOop [36]=NarrowOop [64]=Oop [72]=Oop [92]=NarrowOop }
                      ;*bastore {reexecute=0 rethrow=0 return_oop=0}
                      ; - java.lang.Long::getChars@172 (line 570)
                      ; - java.lang.AbstractStringBuilder::append@33 (line 856)
                      ; - java.lang.StringBuilder::append@2 (line 259)
                      ; - org.gradle.internal.time.TimeFormatting::formatDurationTerse@57 (line 52)
                      ; - org.gradle.internal.logging.format.TersePrettyDurationFormatter::format@1 (line 25)
                      ; - org.gradle.internal.logging.console.ProgressBar::formatProgress@5 (line 89)
                      ; - org.gradle.internal.logging.console.BuildStatusRenderer::renderNow@25 (line 123)
                      ; - org.gradle.internal.logging.console.BuildStatusRenderer::onOutput@321 (line 115)
  0x00000288997e604c: b008 7aff | ba45 ffff | ff48 8b6c | 2438 4c8b | 4424 304c | 8944 2420 | 4489 5c24 | 3866 6690 
  0x00000288997e606c: ;   {runtime_call UncommonTrapBlob}
  0x00000288997e606c: c5f8 77e8 

  0x00000288997e6070: ; ImmutableOopMap {rbp=Oop [32]=Oop [56]=NarrowOop [64]=Oop [72]=Oop }
                      ;*ifeq {reexecute=1 rethrow=0 return_oop=0}
                      ; - (reexecute) org.gradle.util.internal.GUtil::isTrue@10 (line 148)
                      ; - org.gradle.internal.logging.sink.GroupingProgressLogEventGenerator::onStart@98 (line 98)
                      ; - org.gradle.internal.logging.sink.GroupingProgressLogEventGenerator::onOutput@12 (line 72)
                      ; - org.gradle.internal.logging.console.BuildLogLevelFilterRenderer::onOutput@47 (line 41)
                      ; - org.gradle.internal.logging.console.WorkInProgressRenderer::onOutput@47 (line 76)
                      ; - org.gradle.internal.logging.console.BuildStatusRenderer::onOutput@293 (line 111)
  0x00000288997e6070: 8c08 7aff | 488b 5c24 | 4044 8b5b | 2445 85db | 0f84 3ee8 | ffff 4d8b | 5720 498b | cb4d 85d2 
  0x00000288997e6090: 0f84 1b16 | 0000 4d8b | 5f30 4b89 | 4c13 f849 | 83c2 f84d | 8957 20e9 | 18e8 ffff | 4489 5424 
  0x00000288997e60b0: 304c 896c | 2428 4c89 | 4c24 2044 | 8beb 498b | d7c5 f877 | 49ba 50ce | 2afa f87f | 0000 41ff 
  0x00000288997e60d0: d241 8bdd | 4c8b 4c24 | 204c 8b6c | 2428 448b | 5424 30e9 | afaa ffff | 488b 4c24 | 4848 8d94 
  0x00000288997e60f0: 24c0 0000 | 004d 8bc7 | c5f8 7749 | ba10 456c | faf8 7f00 | 0041 ffd2 | e956 d2ff | ffba f6ff 
  0x00000288997e6110: ffff 4c8b | 5424 284c | 8954 2420 | 448b 5424 | 3c44 8954 | 2428 4889 | 4424 f88b | 4424 3889 
  0x00000288997e6130: 4424 2c48 | 8b44 24f8 | 4889 4424 | 3866 6690 

  0x00000288997e6140: ;   {runtime_call UncommonTrapBlob}
  0x00000288997e6140: c5f8 77e8 

  0x00000288997e6144: ; ImmutableOopMap {rbp=Oop [32]=Oop [40]=NarrowOop [44]=NarrowOop [56]=Oop }
                      ;*monitorenter {reexecute=0 rethrow=0 return_oop=0}
                      ; - net.rubygrapefruit.platform.internal.WindowsTerminal::getTerminalSize@6 (line 79)
                      ; - org.gradle.internal.nativeintegration.console.NativePlatformConsoleMetaData::getCols@4 (line 44)
                      ; - org.gradle.internal.logging.console.ProgressBar::formatProgress@33 (line 91)
                      ; - org.gradle.internal.logging.console.BuildStatusRenderer::renderNow@25 (line 123)
                      ; - org.gradle.internal.logging.console.BuildStatusRenderer::onOutput@321 (line 115)
  0x00000288997e6144: b807 7aff | 4d63 d2e9 | 2cb9 ffff | 4863 cde9 | cbbd ffff | 4d63 d0e9 | fac2 ffff | bade ffff 
  0x00000288997e6164: ff48 8b6c | 2428 4889 | 4424 3044 | 895c 242c 

  0x00000288997e6174: ;   {runtime_call UncommonTrapBlob}
  0x00000288997e6174: c5f8 77e8 

  0x00000288997e6178: ; ImmutableOopMap {rbp=Oop [44]=NarrowOop [48]=Oop [56]=NarrowOop [60]=NarrowOop }
                      ;*invokeinterface getCols {reexecute=0 rethrow=0 return_oop=0}
                      ; - org.gradle.internal.logging.console.ProgressBar::formatProgress@33 (line 91)
                      ; - org.gradle.internal.logging.console.BuildStatusRenderer::renderNow@25 (line 123)
                      ; - org.gradle.internal.logging.console.BuildStatusRenderer::onOutput@321 (line 115)
  0x00000288997e6178: 8407 7aff | bade ffff | ff48 8b6c | 2428 4889 | 4424 3044 | 8944 242c 

  0x00000288997e6190: ;   {runtime_call UncommonTrapBlob}
  0x00000288997e6190: c5f8 77e8 

  0x00000288997e6194: ; ImmutableOopMap {rbp=Oop [44]=NarrowOop [48]=Oop [56]=NarrowOop [60]=NarrowOop }
                      ;*invokeinterface getTerminalSize {reexecute=0 rethrow=0 return_oop=0}
                      ; - org.gradle.internal.nativeintegration.console.NativePlatformConsoleMetaData::getCols@4 (line 44)
                      ; - org.gradle.internal.logging.console.ProgressBar::formatProgress@33 (line 91)
                      ; - org.gradle.internal.logging.console.BuildStatusRenderer::renderNow@25 (line 123)
                      ; - org.gradle.internal.logging.console.BuildStatusRenderer::onOutput@321 (line 115)
  0x00000288997e6194: 6807 7aff | 4489 4c24 | 7049 8bd0 | 4c8d 8424 | c000 0000 

  0x00000288997e61a8: ;   {runtime_call _complete_monitor_locking_Java}
  0x00000288997e61a8: c5f8 77e8 

  0x00000288997e61ac: ; ImmutableOopMap {rbp=Oop [40]=Oop [56]=NarrowOop [60]=NarrowOop [64]=Oop [80]=Oop [88]=Oop [104]=Oop [112]=NarrowOop }
                      ;*monitorenter {reexecute=0 rethrow=0 return_oop=0}
                      ; - net.rubygrapefruit.platform.internal.WindowsTerminal::getTerminalSize@6 (line 79)
                      ; - org.gradle.internal.nativeintegration.console.NativePlatformConsoleMetaData::getCols@4 (line 44)
                      ; - org.gradle.internal.logging.console.ProgressBar::formatProgress@33 (line 91)
                      ; - org.gradle.internal.logging.console.BuildStatusRenderer::renderNow@25 (line 123)
                      ; - org.gradle.internal.logging.console.BuildStatusRenderer::onOutput@321 (line 115)
  0x00000288997e61ac: 50c4 84ff | 448b 4c24 | 70e9 74b6 | ffff bade | ffff ff48 | 8b6c 2428 | 448b 4424 | 3c44 8944 
  0x00000288997e61cc: 2420 448b | 5424 3844 | 8954 2424 | 4c89 5c24 | 3866 6690 

  0x00000288997e61e0: ;   {runtime_call UncommonTrapBlob}
  0x00000288997e61e0: c5f8 77e8 

  0x00000288997e61e4: ; ImmutableOopMap {rbp=Oop [32]=NarrowOop [36]=NarrowOop [56]=Oop [80]=Oop }
                      ;*invokeinterface getCols {reexecute=0 rethrow=0 return_oop=0}
                      ; - org.gradle.internal.nativeintegration.console.NativePlatformConsoleMetaData::getCols@9 (line 44)
                      ; - org.gradle.internal.logging.console.ProgressBar::formatProgress@33 (line 91)
                      ; - org.gradle.internal.logging.console.BuildStatusRenderer::renderNow@25 (line 123)
                      ; - org.gradle.internal.logging.console.BuildStatusRenderer::onOutput@321 (line 115)
  0x00000288997e61e4: 1807 7aff | 4d8b d349 | 8bca 488d | 9424 c000 | 0000 4d8b | c7c5 f877 | 49ba 1045 | 6cfa f87f 
  0x00000288997e6204: 0000 41ff | d2e9 8bb7 | ffff bacc | ffff ff48 | 8b6c 2428 | 448b 5c24 | 3c44 895c | 2420 448b 
  0x00000288997e6224: 5424 4844 | 8954 2424 | 4c8b 5424 | 504c 8954 | 2428 6690 

  0x00000288997e6238: ;   {runtime_call UncommonTrapBlob}
  0x00000288997e6238: c5f8 77e8 

  0x00000288997e623c: ; ImmutableOopMap {rbp=Oop [32]=NarrowOop [36]=NarrowOop [40]=Oop [96]=Oop [120]=Oop [128]=Oop }
                      ;*new {reexecute=0 rethrow=0 return_oop=0}
                      ; - org.gradle.internal.logging.console.ProgressBar::formatProgress@207 (line 107)
                      ; - org.gradle.internal.logging.console.BuildStatusRenderer::renderNow@25 (line 123)
                      ; - org.gradle.internal.logging.console.BuildStatusRenderer::onOutput@321 (line 115)
  0x00000288997e623c: c006 7aff | ba45 ffff | ff41 bae8 | 0300 004c | 8b5c 2450 | 4d3b dabd | ffff ffff | 7c08 400f 
  0x00000288997e625c: 95c5 400f | b6ed 4c8b | 5424 284c | 8954 2420 | 448b 4424 | 3c44 8944 | 2428 448b | 5424 3844 
  0x00000288997e627c: 8954 242c 

  0x00000288997e6280: ;   {runtime_call UncommonTrapBlob}
  0x00000288997e6280: c5f8 77e8 

  0x00000288997e6284: ; ImmutableOopMap {[32]=Oop [40]=NarrowOop [44]=NarrowOop [112]=Oop }
                      ;*iflt {reexecute=1 rethrow=0 return_oop=0}
                      ; - (reexecute) org.gradle.internal.time.TimeFormatting::formatDurationTerse@71 (line 55)
                      ; - org.gradle.internal.logging.format.TersePrettyDurationFormatter::format@1 (line 25)
                      ; - org.gradle.internal.logging.console.ProgressBar::formatProgress@5 (line 89)
                      ; - org.gradle.internal.logging.console.BuildStatusRenderer::renderNow@25 (line 123)
                      ; - org.gradle.internal.logging.console.BuildStatusRenderer::onOutput@321 (line 115)
  0x00000288997e6284: 7806 7aff | 4585 d240 | 0f95 c540 | 0fb6 ed83 | f501 ba45 | ffff ff4c | 8b54 2428 | 4c89 5424 
  0x00000288997e62a4: 2044 8b54 | 243c 4489 | 5424 2844 | 8b5c 2438 | 4489 5c24 | 2c48 8944 | 2438 6690 

  0x00000288997e62c0: ;   {runtime_call UncommonTrapBlob}
  0x00000288997e62c0: c5f8 77e8 

  0x00000288997e62c4: ; ImmutableOopMap {[32]=Oop [40]=NarrowOop [44]=NarrowOop [56]=Oop }
                      ;*ifeq {reexecute=1 rethrow=0 return_oop=0}
                      ; - (reexecute) java.lang.String::trim@4 (line 3534)
                      ; - org.gradle.internal.time.TimeFormatting::formatDurationTerse@119 (line 63)
                      ; - org.gradle.internal.logging.format.TersePrettyDurationFormatter::format@1 (line 25)
                      ; - org.gradle.internal.logging.console.ProgressBar::formatProgress@5 (line 89)
                      ; - org.gradle.internal.logging.console.BuildStatusRenderer::renderNow@25 (line 123)
                      ; - org.gradle.internal.logging.console.BuildStatusRenderer::onOutput@321 (line 115)
  0x00000288997e62c4: 3806 7aff | 498b d7c5 | f877 49ba | 50ce 2afa | f87f 0000 | 41ff d2e9 | b6c7 ffff | 4c89 5c24 
  0x00000288997e62e4: 404c 8944 | 2438 498b | d7c5 f877 | 49ba 50ce | 2afa f87f | 0000 41ff | d24c 8b44 | 2438 4c8b 
  0x00000288997e6304: 5c24 40e9 | 5dca ffff | 4c89 4424 | 3849 8bd7 | c5f8 7749 | ba50 ce2a | faf8 7f00 | 0041 ffd2 
  0x00000288997e6324: 4c8b 4424 | 38e9 76ca | ffff 85db | 400f 95c5 | 400f b6ed | 83f5 01ba | 45ff ffff | 488b 4c24 
  0x00000288997e6344: 2848 894c | 2420 4c89 | 6c24 2844 | 895c 2430 | 4c89 4c24 | 4044 8954 | 2448 4c89 | 4424 5090 
  0x00000288997e6364: ;   {runtime_call UncommonTrapBlob}
  0x00000288997e6364: c5f8 77e8 

  0x00000288997e6368: ; ImmutableOopMap {[32]=Oop [40]=Oop [48]=NarrowOop [64]=Oop [80]=Oop }
                      ;*ifeq {reexecute=1 rethrow=0 return_oop=0}
                      ; - (reexecute) java.lang.String::getChars@23 (line 1680)
                      ; - sun.nio.cs.StreamEncoder::write@25 (line 141)
                      ; - java.io.Writer::write@7 (line 249)
                      ; - java.io.OutputStreamWriter::append@29 (line 237)
                      ; - java.io.OutputStreamWriter::append@2 (line 76)
                      ; - org.gradle.internal.logging.console.DefaultAnsiExecutor::write@8 (line 106)
                      ; - org.gradle.internal.logging.console.DefaultAnsiExecutor::write@35 (line 49)
                      ; - org.gradle.internal.logging.console.AnsiConsole::redraw@58 (line 79)
                      ; - org.gradle.internal.logging.console.AnsiConsole::flush@1 (line 55)
                      ; - org.gradle.internal.logging.console.BuildStatusRenderer::renderNow@37 (line 125)
                      ; - org.gradle.internal.logging.console.BuildStatusRenderer::onOutput@321 (line 115)
  0x00000288997e6368: 9405 7aff | 85c9 400f | 95c5 400f | b6ed 83f5 | 01ba 45ff | ffff 4c8b | 5424 284c | 8954 2420 
  0x00000288997e6388: 448b 5424 | 3c44 8954 | 2428 448b | 5c24 3844 | 895c 242c | 448b 5424 | 4c44 8954 | 2430 4c8b 
  0x00000288997e63a8: 5424 704c | 8954 2440 | 4c89 5424 | 4866 6690 

  0x00000288997e63b8: ;   {runtime_call UncommonTrapBlob}
  0x00000288997e63b8: c5f8 77e8 

  0x00000288997e63bc: ; ImmutableOopMap {[32]=Oop [40]=NarrowOop [44]=NarrowOop [64]=Oop [72]=Oop }
                      ;*ifeq {reexecute=1 rethrow=0 return_oop=0}
                      ; - (reexecute) java.lang.AbstractStringBuilder::append@23 (line 855)
                      ; - java.lang.StringBuilder::append@2 (line 259)
                      ; - org.gradle.internal.time.TimeFormatting::formatDurationTerse@92 (line 58)
                      ; - org.gradle.internal.logging.format.TersePrettyDurationFormatter::format@1 (line 25)
                      ; - org.gradle.internal.logging.console.ProgressBar::formatProgress@5 (line 89)
                      ; - org.gradle.internal.logging.console.BuildStatusRenderer::renderNow@25 (line 123)
                      ; - org.gradle.internal.logging.console.BuildStatusRenderer::onOutput@321 (line 115)
  0x00000288997e63bc: 4005 7aff | ba45 ffff | ff48 8bef | 4889 4c24 | 2044 8954 | 2428 6690 

  0x00000288997e63d4: ;   {runtime_call UncommonTrapBlob}
  0x00000288997e63d4: c5f8 77e8 

  0x00000288997e63d8: ; ImmutableOopMap {rbp=Oop [40]=NarrowOop }
                      ;*ifnull {reexecute=1 rethrow=0 return_oop=0}
                      ; - (reexecute) org.gradle.internal.logging.console.BuildStatusRenderer::renderNow@4 (line 122)
                      ; - org.gradle.internal.logging.console.BuildStatusRenderer::onOutput@321 (line 115)
  0x00000288997e63d8: 2405 7aff | 41bb 80ee | 3600 493b | ebbd ffff | ffff 7c08 | 400f 95c5 | 400f b6ed | ba45 ffff 
  0x00000288997e63f8: ff4c 8b5c | 2428 4c89 | 5c24 2044 | 8b5c 243c | 4489 5c24 | 2844 8b44 | 2438 4489 | 4424 2c4c 
  0x00000288997e6418: 8954 2438 

  0x00000288997e641c: ;   {runtime_call UncommonTrapBlob}
  0x00000288997e641c: c5f8 77e8 

  0x00000288997e6420: ; ImmutableOopMap {[32]=Oop [40]=NarrowOop [44]=NarrowOop [112]=Oop }
                      ;*iflt {reexecute=1 rethrow=0 return_oop=0}
                      ; - (reexecute) org.gradle.internal.time.TimeFormatting::formatDurationTerse@13 (line 46)
                      ; - org.gradle.internal.logging.format.TersePrettyDurationFormatter::format@1 (line 25)
                      ; - org.gradle.internal.logging.console.ProgressBar::formatProgress@5 (line 89)
                      ; - org.gradle.internal.logging.console.BuildStatusRenderer::renderNow@25 (line 123)
                      ; - org.gradle.internal.logging.console.BuildStatusRenderer::onOutput@321 (line 115)
  0x00000288997e6420: dc04 7aff | ba45 ffff | ff4c 8954 | 2420 4489 | 4424 2844 | 895c 242c 

  0x00000288997e6438: ;   {runtime_call UncommonTrapBlob}
  0x00000288997e6438: c5f8 77e8 

  0x00000288997e643c: ; ImmutableOopMap {[32]=Oop }
                      ;*ifle {reexecute=1 rethrow=0 return_oop=0}
                      ; - (reexecute) org.gradle.internal.logging.console.AnsiConsole::redraw@32 (line 71)
                      ; - org.gradle.internal.logging.console.AnsiConsole::flush@1 (line 55)
                      ; - org.gradle.internal.logging.console.BuildStatusRenderer::renderNow@37 (line 125)
                      ; - org.gradle.internal.logging.console.BuildStatusRenderer::onOutput@321 (line 115)
  0x00000288997e643c: c004 7aff | ba45 ffff | ff4c 8954 | 2420 4c89 | 5c24 2844 | 8944 2430 

  0x00000288997e6454: ;   {runtime_call UncommonTrapBlob}
  0x00000288997e6454: c5f8 77e8 

  0x00000288997e6458: ; ImmutableOopMap {rbp=NarrowOop [32]=Oop [40]=Oop }
                      ;*ifeq {reexecute=1 rethrow=0 return_oop=0}
                      ; - (reexecute) org.gradle.internal.logging.console.DefaultAnsiFactory::create@4 (line 30)
                      ; - org.gradle.internal.logging.console.DefaultAnsiExecutor::write@4 (line 47)
                      ; - org.gradle.internal.logging.console.AnsiConsole::redraw@58 (line 79)
                      ; - org.gradle.internal.logging.console.AnsiConsole::flush@1 (line 55)
                      ; - org.gradle.internal.logging.console.BuildStatusRenderer::renderNow@37 (line 125)
                      ; - org.gradle.internal.logging.console.BuildStatusRenderer::onOutput@321 (line 115)
  0x00000288997e6458: a404 7aff | ba45 ffff | ff4c 8954 | 2420 4c89 | 5c24 2844 | 894c 2430 

  0x00000288997e6470: ;   {runtime_call UncommonTrapBlob}
  0x00000288997e6470: c5f8 77e8 

  0x00000288997e6474: ; ImmutableOopMap {rbp=NarrowOop [32]=Oop [40]=Oop }
                      ;*ifeq {reexecute=1 rethrow=0 return_oop=0}
                      ; - (reexecute) org.fusesource.jansi.Ansi::ansi@3 (line 191)
                      ; - org.gradle.internal.logging.console.DefaultAnsiFactory::create@15 (line 33)
                      ; - org.gradle.internal.logging.console.DefaultAnsiExecutor::write@4 (line 47)
                      ; - org.gradle.internal.logging.console.AnsiConsole::redraw@58 (line 79)
                      ; - org.gradle.internal.logging.console.AnsiConsole::flush@1 (line 55)
                      ; - org.gradle.internal.logging.console.BuildStatusRenderer::renderNow@37 (line 125)
                      ; - org.gradle.internal.logging.console.BuildStatusRenderer::onOutput@321 (line 115)
  0x00000288997e6474: 8804 7aff | ba45 ffff | ff4c 8b5c | 2428 4c89 | 5c24 204c | 8b5c 2430 | 4c89 5c24 | 284c 8b5c 
  0x00000288997e6494: 2438 4c89 | 5c24 304c | 8b5c 2440 | 4c89 5c24 | 3844 8954 | 2440 6690 

  0x00000288997e64ac: ;   {runtime_call UncommonTrapBlob}
  0x00000288997e64ac: c5f8 77e8 

  0x00000288997e64b0: ; ImmutableOopMap {rbp=Oop [32]=Oop [40]=Oop [48]=Oop [56]=Oop }
                      ;*ifne {reexecute=1 rethrow=0 return_oop=0}
                      ; - (reexecute) org.gradle.internal.logging.console.AnsiConsole$1::execute@21 (line 32)
                      ; - org.gradle.internal.logging.console.AnsiConsole$1::execute@5 (line 27)
                      ; - org.gradle.internal.logging.console.DefaultAnsiExecutor::write@28 (line 48)
                      ; - org.gradle.internal.logging.console.AnsiConsole::redraw@58 (line 79)
                      ; - org.gradle.internal.logging.console.AnsiConsole::flush@1 (line 55)
                      ; - org.gradle.internal.logging.console.BuildStatusRenderer::renderNow@37 (line 125)
                      ; - org.gradle.internal.logging.console.BuildStatusRenderer::onOutput@321 (line 115)
  0x00000288997e64b0: 4c04 7aff | ba45 ffff | ff48 8b6c | 2428 4c89 | 6c24 2044 | 895c 2428 | 4889 4424 | 3044 8954 
  0x00000288997e64d0: 2438 6690 

  0x00000288997e64d4: ;   {runtime_call UncommonTrapBlob}
  0x00000288997e64d4: c5f8 77e8 

  0x00000288997e64d8: ; ImmutableOopMap {rbp=Oop [32]=Oop [40]=NarrowOop [48]=Oop }
                      ;*ifge {reexecute=1 rethrow=0 return_oop=0}
                      ; - (reexecute) sun.nio.cs.StreamEncoder::write@1 (line 138)
                      ; - java.io.Writer::write@7 (line 249)
                      ; - java.io.OutputStreamWriter::append@29 (line 237)
                      ; - java.io.OutputStreamWriter::append@2 (line 76)
                      ; - org.gradle.internal.logging.console.DefaultAnsiExecutor::write@8 (line 106)
                      ; - org.gradle.internal.logging.console.DefaultAnsiExecutor::write@35 (line 49)
                      ; - org.gradle.internal.logging.console.AnsiConsole::redraw@58 (line 79)
                      ; - org.gradle.internal.logging.console.AnsiConsole::flush@1 (line 55)
                      ; - org.gradle.internal.logging.console.BuildStatusRenderer::renderNow@37 (line 125)
                      ; - org.gradle.internal.logging.console.BuildStatusRenderer::onOutput@321 (line 115)
  0x00000288997e64d8: 2404 7aff | ba45 ffff | ff48 8b6c | 2428 4c89 | 6c24 2044 | 895c 2428 | 4c89 4424 | 3044 8954 
  0x00000288997e64f8: 242c 448b | 5424 5844 | 8954 243c | 4489 4c24 | 4066 6690 

  0x00000288997e650c: ;   {runtime_call UncommonTrapBlob}
  0x00000288997e650c: c5f8 77e8 

  0x00000288997e6510: ; ImmutableOopMap {rbp=Oop [32]=Oop [40]=NarrowOop [48]=Oop [60]=NarrowOop [88]=NarrowOop }
                      ;*ifeq {reexecute=1 rethrow=0 return_oop=0}
                      ; - (reexecute) sun.nio.cs.StreamEncoder::ensureOpen@4 (line 50)
                      ; - sun.nio.cs.StreamEncoder::write@9 (line 125)
                      ; - sun.nio.cs.StreamEncoder::write@33 (line 142)
                      ; - java.io.Writer::write@7 (line 249)
                      ; - java.io.OutputStreamWriter::append@29 (line 237)
                      ; - java.io.OutputStreamWriter::append@2 (line 76)
                      ; - org.gradle.internal.logging.console.DefaultAnsiExecutor::write@8 (line 106)
                      ; - org.gradle.internal.logging.console.DefaultAnsiExecutor::write@35 (line 49)
                      ; - org.gradle.internal.logging.console.AnsiConsole::redraw@58 (line 79)
                      ; - org.gradle.internal.logging.console.AnsiConsole::flush@1 (line 55)
                      ; - org.gradle.internal.logging.console.BuildStatusRenderer::renderNow@37 (line 125)
                      ; - org.gradle.internal.logging.console.BuildStatusRenderer::onOutput@321 (line 115)
  0x00000288997e6510: ec03 7aff | ba45 ffff | ff48 8b6c | 2428 448b | 5424 3c44 | 8954 2420 | 448b 4c24 | 3844 894c 
  0x00000288997e6530: 2424 4889 | 4424 3089 | 4c24 2c44 | 8944 2438 | 4489 5c24 | 3c66 6690 

  0x00000288997e6548: ;   {runtime_call UncommonTrapBlob}
  0x00000288997e6548: c5f8 77e8 

  0x00000288997e654c: ; ImmutableOopMap {rbp=Oop [32]=NarrowOop [36]=NarrowOop [44]=NarrowOop [48]=Oop }
                      ;*if_icmpgt {reexecute=1 rethrow=0 return_oop=0}
                      ; - (reexecute) java.lang.StringLatin1::trim@19 (line 590)
                      ; - java.lang.String::trim@11 (line 3534)
                      ; - org.gradle.internal.time.TimeFormatting::formatDurationTerse@119 (line 63)
                      ; - org.gradle.internal.logging.format.TersePrettyDurationFormatter::format@1 (line 25)
                      ; - org.gradle.internal.logging.console.ProgressBar::formatProgress@5 (line 89)
                      ; - org.gradle.internal.logging.console.BuildStatusRenderer::renderNow@25 (line 123)
                      ; - org.gradle.internal.logging.console.BuildStatusRenderer::onOutput@321 (line 115)
  0x00000288997e654c: b003 7aff | 4d8b da45 | 33d2 4d3b | dabd ffff | ffff 7c08 | 400f 95c5 | 400f b6ed | ba45 ffff 
  0x00000288997e656c: ff4c 8b54 | 2428 4c89 | 5424 2044 | 8b44 243c | 4489 4424 | 2844 8b54 | 2438 4489 | 5424 2c44 
  0x00000288997e658c: 8b44 244c | 4489 4424 | 304c 8b54 | 2470 4c89 | 5424 404c | 8954 2448 | 448b 5424 | 6444 894c 
  0x00000288997e65ac: 2458 4489 | 5424 5c90 

  0x00000288997e65b4: ;   {runtime_call UncommonTrapBlob}
  0x00000288997e65b4: c5f8 77e8 

  0x00000288997e65b8: ; ImmutableOopMap {[32]=Oop [40]=NarrowOop [44]=NarrowOop [64]=Oop [72]=Oop [88]=NarrowOop }
                      ;*ifge {reexecute=1 rethrow=0 return_oop=0}
                      ; - (reexecute) java.lang.Long::getChars@6 (line 542)
                      ; - java.lang.AbstractStringBuilder::append@33 (line 856)
                      ; - java.lang.StringBuilder::append@2 (line 259)
                      ; - org.gradle.internal.time.TimeFormatting::formatDurationTerse@92 (line 58)
                      ; - org.gradle.internal.logging.format.TersePrettyDurationFormatter::format@1 (line 25)
                      ; - org.gradle.internal.logging.console.ProgressBar::formatProgress@5 (line 89)
                      ; - org.gradle.internal.logging.console.BuildStatusRenderer::renderNow@25 (line 123)
                      ; - org.gradle.internal.logging.console.BuildStatusRenderer::onOutput@321 (line 115)
  0x00000288997e65b8: 4403 7aff | 49c7 c300 | 0000 804d | 3bd3 bdff | ffff ff7c | 0840 0f95 | c540 0fb6 | edba 45ff 
  0x00000288997e65d8: ffff 4c8b | 5c24 284c | 895c 2420 | 448b 5c24 | 3c44 895c | 2428 448b | 4424 3844 | 8944 242c 
  0x00000288997e65f8: 448b 5c24 | 4c44 895c | 2430 4c8b | 5c24 704c | 895c 2440 | 4c89 5c24 | 4844 8b5c | 2464 4c89 
  0x00000288997e6618: 5424 5044 | 894c 2458 | 4489 5c24 | 5c66 6690 

  0x00000288997e6628: ;   {runtime_call UncommonTrapBlob}
  0x00000288997e6628: c5f8 77e8 

  0x00000288997e662c: ; ImmutableOopMap {[32]=Oop [40]=NarrowOop [44]=NarrowOop [64]=Oop [72]=Oop [88]=NarrowOop }
                      ;*ifgt {reexecute=1 rethrow=0 return_oop=0}
                      ; - (reexecute) java.lang.Long::getChars@29 (line 548)
                      ; - java.lang.AbstractStringBuilder::append@33 (line 856)
                      ; - java.lang.StringBuilder::append@2 (line 259)
                      ; - org.gradle.internal.time.TimeFormatting::formatDurationTerse@92 (line 58)
                      ; - org.gradle.internal.logging.format.TersePrettyDurationFormatter::format@1 (line 25)
                      ; - org.gradle.internal.logging.console.ProgressBar::formatProgress@5 (line 89)
                      ; - org.gradle.internal.logging.console.BuildStatusRenderer::renderNow@25 (line 123)
                      ; - org.gradle.internal.logging.console.BuildStatusRenderer::onOutput@321 (line 115)
  0x00000288997e662c: d002 7aff | ba45 ffff | ff48 8b6c | 2428 448b | 4424 3c44 | 8944 2420 | 448b 5c24 | 3844 895c 
  0x00000288997e664c: 2424 448b | 4424 4c44 | 8944 2428 | 4c8b 5c24 | 704c 895c | 2438 4c89 | 5c24 4044 | 8b5c 2464 
  0x00000288997e666c: 4489 4c24 | 4844 895c | 244c 4489 | 5424 5490 

  0x00000288997e667c: ;   {runtime_call UncommonTrapBlob}
  0x00000288997e667c: c5f8 77e8 

  0x00000288997e6680: ; ImmutableOopMap {rbp=Oop [32]=NarrowOop [36]=NarrowOop [56]=Oop [64]=Oop [72]=NarrowOop }
                      ;*if_icmpgt {reexecute=1 rethrow=0 return_oop=0}
                      ; - (reexecute) java.lang.Long::getChars@90 (line 559)
                      ; - java.lang.AbstractStringBuilder::append@33 (line 856)
                      ; - java.lang.StringBuilder::append@2 (line 259)
                      ; - org.gradle.internal.time.TimeFormatting::formatDurationTerse@92 (line 58)
                      ; - org.gradle.internal.logging.format.TersePrettyDurationFormatter::format@1 (line 25)
                      ; - org.gradle.internal.logging.console.ProgressBar::formatProgress@5 (line 89)
                      ; - org.gradle.internal.logging.console.BuildStatusRenderer::renderNow@25 (line 123)
                      ; - org.gradle.internal.logging.console.BuildStatusRenderer::onOutput@321 (line 115)
  0x00000288997e6680: 7c02 7aff | 4533 db4d | 3bd3 bdff | ffff ff7c | 0840 0f95 | c540 0fb6 | edba 45ff | ffff 4889 
  0x00000288997e66a0: 7424 2048 | 897c 2430 

  0x00000288997e66a8: ;   {runtime_call UncommonTrapBlob}
  0x00000288997e66a8: c5f8 77e8 

  0x00000288997e66ac: ; ImmutableOopMap {[32]=Oop [48]=Oop }
                      ;*ifne {reexecute=1 rethrow=0 return_oop=0}
                      ; - (reexecute) org.gradle.internal.logging.console.BuildStatusRenderer::onOutput@25 (line 77)
  0x00000288997e66ac: 5002 7aff | 410f bee8 | bae4 ffff | ff4c 8b5c | 2428 4c89 | 5c24 2044 | 8b44 243c | 4489 4424 
  0x00000288997e66cc: 2844 8b5c | 2438 4489 | 5c24 2c44 | 8b44 244c | 4489 4424 | 304c 8b5c | 2470 4c89 | 5c24 404c 
  0x00000288997e66ec: 895c 2448 | 4489 4c24 | 5844 8954 | 245c 6690 

  0x00000288997e66fc: ;   {runtime_call UncommonTrapBlob}
  0x00000288997e66fc: c5f8 77e8 

  0x00000288997e6700: ; ImmutableOopMap {[32]=Oop [40]=NarrowOop [44]=NarrowOop [64]=Oop [72]=Oop [88]=NarrowOop }
                      ;*bastore {reexecute=0 rethrow=0 return_oop=0}
                      ; - java.lang.Long::getChars@190 (line 574)
                      ; - java.lang.AbstractStringBuilder::append@33 (line 856)
                      ; - java.lang.StringBuilder::append@2 (line 259)
                      ; - org.gradle.internal.time.TimeFormatting::formatDurationTerse@92 (line 58)
                      ; - org.gradle.internal.logging.format.TersePrettyDurationFormatter::format@1 (line 25)
                      ; - org.gradle.internal.logging.console.ProgressBar::formatProgress@5 (line 89)
                      ; - org.gradle.internal.logging.console.BuildStatusRenderer::renderNow@25 (line 123)
                      ; - org.gradle.internal.logging.console.BuildStatusRenderer::onOutput@321 (line 115)
  0x00000288997e6700: fc01 7aff | ba45 ffff | ff48 8bee | 4889 7c24 | 2844 895c | 2430 6690 

  0x00000288997e6718: ;   {runtime_call UncommonTrapBlob}
  0x00000288997e6718: c5f8 77e8 

  0x00000288997e671c: ; ImmutableOopMap {rbp=Oop [40]=Oop [48]=NarrowOop }
                      ;*if_acmpne {reexecute=1 rethrow=0 return_oop=0}
                      ; - (reexecute) org.gradle.internal.logging.console.BuildStatusRenderer::onOutput@90 (line 86)
  0x00000288997e671c: e001 7aff | ba45 ffff | ff4c 8b54 | 2438 4c89 | 5424 2044 | 8944 2438 

  0x00000288997e6734: ;   {runtime_call UncommonTrapBlob}
  0x00000288997e6734: c5f8 77e8 

  0x00000288997e6738: ; ImmutableOopMap {rbp=Oop [32]=Oop [40]=Oop }
                      ;*ifge {reexecute=1 rethrow=0 return_oop=0}
                      ; - (reexecute) org.gradle.internal.logging.console.BuildLogLevelFilterRenderer::onOutput@18 (line 34)
                      ; - org.gradle.internal.logging.console.WorkInProgressRenderer::onOutput@47 (line 76)
                      ; - org.gradle.internal.logging.console.BuildStatusRenderer::onOutput@293 (line 111)
  0x00000288997e6738: c401 7aff | ba45 ffff | ff48 8b6c | 2428 8b4c | 243c 894c | 2420 4889 | 4424 f88b | 4424 3889 
  0x00000288997e6758: 4424 2448 | 8b44 24f8 | 4889 4424 | 3844 895c | 242c 4489 | 4424 4044 | 8954 2444 

  0x00000288997e6774: ;   {runtime_call UncommonTrapBlob}
  0x00000288997e6774: c5f8 77e8 

  0x00000288997e6778: ; ImmutableOopMap {rbp=Oop [32]=NarrowOop [36]=NarrowOop [44]=NarrowOop [56]=Oop }
                      ;*if_icmpne {reexecute=1 rethrow=0 return_oop=0}
                      ; - (reexecute) java.lang.String::equals@33 (line 1830)
                      ; - org.gradle.internal.logging.console.ProgressBar::formatProgress@23 (line 90)
                      ; - org.gradle.internal.logging.console.BuildStatusRenderer::renderNow@25 (line 123)
                      ; - org.gradle.internal.logging.console.BuildStatusRenderer::onOutput@321 (line 115)
  0x00000288997e6778: 8401 7aff | ba45 ffff | ff48 8b6c | 2428 448b | 5c24 3c44 | 895c 2420 | 448b 5424 | 3844 8954 
  0x00000288997e6798: 2424 6690 

  0x00000288997e679c: ;   {runtime_call UncommonTrapBlob}
  0x00000288997e679c: c5f8 77e8 

  0x00000288997e67a0: ; ImmutableOopMap {rbp=Oop [32]=NarrowOop [36]=NarrowOop [112]=Oop }
                      ;*ifle {reexecute=1 rethrow=0 return_oop=0}
                      ; - (reexecute) org.gradle.internal.time.TimeFormatting::formatDurationTerse@52 (line 51)
                      ; - org.gradle.internal.logging.format.TersePrettyDurationFormatter::format@1 (line 25)
                      ; - org.gradle.internal.logging.console.ProgressBar::formatProgress@5 (line 89)
                      ; - org.gradle.internal.logging.console.BuildStatusRenderer::renderNow@25 (line 123)
                      ; - org.gradle.internal.logging.console.BuildStatusRenderer::onOutput@321 (line 115)
  0x00000288997e67a0: 5c01 7aff | 85c9 400f | 95c5 400f | b6ed 83f5 | 01ba 45ff | ffff 4c8b | 5424 284c | 8954 2420 
  0x00000288997e67c0: 448b 5424 | 3c44 8954 | 2428 448b | 5c24 3844 | 895c 242c | 448b 5424 | 4c44 8954 | 2430 4c8b 
  0x00000288997e67e0: 5424 504c | 8954 2438 | 4c8b 5424 | 704c 8954 | 2448 4c89 | 5424 504c | 8b54 2460 | 4c89 5424 
  0x00000288997e6800: 5866 6690 

  0x00000288997e6804: ;   {runtime_call UncommonTrapBlob}
  0x00000288997e6804: c5f8 77e8 

  0x00000288997e6808: ; ImmutableOopMap {[32]=Oop [40]=NarrowOop [44]=NarrowOop [72]=Oop [80]=Oop }
                      ;*ifeq {reexecute=1 rethrow=0 return_oop=0}
                      ; - (reexecute) java.lang.AbstractStringBuilder::append@23 (line 855)
                      ; - java.lang.StringBuilder::append@2 (line 259)
                      ; - org.gradle.internal.time.TimeFormatting::formatDurationTerse@57 (line 52)
                      ; - org.gradle.internal.logging.format.TersePrettyDurationFormatter::format@1 (line 25)
                      ; - org.gradle.internal.logging.console.ProgressBar::formatProgress@5 (line 89)
                      ; - org.gradle.internal.logging.console.BuildStatusRenderer::renderNow@25 (line 123)
                      ; - org.gradle.internal.logging.console.BuildStatusRenderer::onOutput@321 (line 115)
  0x00000288997e6808: f400 7aff | ba76 ffff | ff48 8b6c | 2428 448b | 5c24 3c44 | 895c 2420 | 448b 5c24 | 4844 895c 
  0x00000288997e6828: 2424 448b | 5424 4c44 | 8954 2428 | 4c8b 5424 | 504c 8954 | 2430 448b | 5c24 5844 | 895c 242c 
  0x00000288997e6848: 448b 5c24 | 5c44 895c | 2438 6690 

  0x00000288997e6854: ;   {runtime_call UncommonTrapBlob}
  0x00000288997e6854: c5f8 77e8 

  0x00000288997e6858: ; ImmutableOopMap {rbp=Oop [32]=NarrowOop [36]=NarrowOop [48]=Oop [96]=Oop [120]=Oop }
                      ;*if_icmpge {reexecute=1 rethrow=0 return_oop=0}
                      ; - (reexecute) org.gradle.internal.logging.console.ProgressBar::fill@11 (line 120)
                      ; - org.gradle.internal.logging.console.ProgressBar::formatProgress@119 (line 104)
                      ; - org.gradle.internal.logging.console.BuildStatusRenderer::renderNow@25 (line 123)
                      ; - org.gradle.internal.logging.console.BuildStatusRenderer::onOutput@321 (line 115)
  0x00000288997e6858: a400 7aff | 458b c1e9 | 00b4 ffff | ba76 ffff | ff4c 8b54 | 2428 498b | ea44 8b5c | 243c 4489 
  0x00000288997e6878: 5c24 2044 | 8b5c 2448 | 4489 5c24 | 2444 8b5c | 244c 4489 | 5c24 284c | 8b54 2450 | 4c89 5424 
  0x00000288997e6898: 304c 8b54 | 2460 4c89 | 5424 3844 | 8b54 2458 | 4489 5424 | 4866 6690 

  0x00000288997e68b0: ;   {runtime_call UncommonTrapBlob}
  0x00000288997e68b0: c5f8 77e8 

  0x00000288997e68b4: ; ImmutableOopMap {rbp=Oop [32]=NarrowOop [36]=NarrowOop [48]=Oop [56]=Oop [120]=Oop [128]=Oop [136]=Oop }
                      ;*if_icmpge {reexecute=1 rethrow=0 return_oop=0}
                      ; - (reexecute) org.gradle.internal.logging.console.ProgressBar::fill@11 (line 120)
                      ; - org.gradle.internal.logging.console.ProgressBar::formatProgress@149 (line 105)
                      ; - org.gradle.internal.logging.console.BuildStatusRenderer::renderNow@25 (line 123)
                      ; - org.gradle.internal.logging.console.BuildStatusRenderer::onOutput@321 (line 115)
  0x00000288997e68b4: 4800 7aff | 458b c2e9 | 37b8 ffff | ba45 ffff | ff48 8b6c | 2428 448b | 5c24 3c44 | 895c 2420 
  0x00000288997e68d4: 448b 5424 | 3844 8954 | 2424 448b | 5c24 4c44 | 895c 2428 | 4c8b 5424 | 504c 8954 | 2430 4c8b 
  0x00000288997e68f4: 5424 704c | 8954 2440 | 4c89 5424 | 4844 8b9c | 248c 0000 | 004c 8b54 | 2460 4c89 | 5424 5044 
  0x00000288997e6914: 894c 2458 | 458b d344 | 8954 245c 

  0x00000288997e6920: ;   {runtime_call UncommonTrapBlob}
  0x00000288997e6920: c5f8 77e8 

  0x00000288997e6924: ; ImmutableOopMap {rbp=Oop [32]=NarrowOop [36]=NarrowOop [64]=Oop [72]=Oop [88]=NarrowOop }
                      ;*ifge {reexecute=1 rethrow=0 return_oop=0}
                      ; - (reexecute) java.lang.Long::getChars@6 (line 542)
                      ; - java.lang.AbstractStringBuilder::append@33 (line 856)
                      ; - java.lang.StringBuilder::append@2 (line 259)
                      ; - org.gradle.internal.time.TimeFormatting::formatDurationTerse@57 (line 52)
                      ; - org.gradle.internal.logging.format.TersePrettyDurationFormatter::format@1 (line 25)
                      ; - org.gradle.internal.logging.console.ProgressBar::formatProgress@5 (line 89)
                      ; - org.gradle.internal.logging.console.BuildStatusRenderer::renderNow@25 (line 123)
                      ; - org.gradle.internal.logging.console.BuildStatusRenderer::onOutput@321 (line 115)
  0x00000288997e6924: d8ff 79ff | 49c7 c300 | 0000 804d | 3bd3 bdff | ffff ff7c | 0840 0f95 | c540 0fb6 | edba 45ff 
  0x00000288997e6944: ffff 4c8b | 5c24 284c | 895c 2420 | 448b 5c24 | 3c44 895c | 2428 448b | 4424 3844 | 8944 242c 
  0x00000288997e6964: 448b 5c24 | 4c44 895c | 2430 4c8b | 5c24 504c | 895c 2438 | 4c8b 5c24 | 704c 895c | 2448 4c89 
  0x00000288997e6984: 5c24 5044 | 8b9c 248c | 0000 0044 | 894c 2460 | 4489 5c24 | 6466 6690 

  0x00000288997e699c: ;   {runtime_call UncommonTrapBlob}
  0x00000288997e699c: c5f8 77e8 

  0x00000288997e69a0: ; ImmutableOopMap {[32]=Oop [40]=NarrowOop [44]=NarrowOop [72]=Oop [80]=Oop [96]=NarrowOop }
                      ;*ifgt {reexecute=1 rethrow=0 return_oop=0}
                      ; - (reexecute) java.lang.Long::getChars@29 (line 548)
                      ; - java.lang.AbstractStringBuilder::append@33 (line 856)
                      ; - java.lang.StringBuilder::append@2 (line 259)
                      ; - org.gradle.internal.time.TimeFormatting::formatDurationTerse@57 (line 52)
                      ; - org.gradle.internal.logging.format.TersePrettyDurationFormatter::format@1 (line 25)
                      ; - org.gradle.internal.logging.console.ProgressBar::formatProgress@5 (line 89)
                      ; - org.gradle.internal.logging.console.BuildStatusRenderer::renderNow@25 (line 123)
                      ; - org.gradle.internal.logging.console.BuildStatusRenderer::onOutput@321 (line 115)
  0x00000288997e69a0: 5cff 79ff | ba45 ffff | ff48 8b6c | 2428 448b | 5c24 3c44 | 895c 2420 | 448b 5424 | 3844 8954 
  0x00000288997e69c0: 2424 448b | 5c24 4c44 | 895c 2428 | 4c8b 5424 | 504c 8954 | 2430 4c8b | 5424 704c | 8954 2440 
  0x00000288997e69e0: 4c89 5424 | 4844 8b94 | 248c 0000 | 0044 894c | 2450 4489 | 5424 5489 | 4c24 5c90 

  0x00000288997e69fc: ;   {runtime_call UncommonTrapBlob}
  0x00000288997e69fc: c5f8 77e8 

  0x00000288997e6a00: ; ImmutableOopMap {rbp=Oop [32]=NarrowOop [36]=NarrowOop [64]=Oop [72]=Oop [80]=NarrowOop }
                      ;*if_icmpgt {reexecute=1 rethrow=0 return_oop=0}
                      ; - (reexecute) java.lang.Long::getChars@90 (line 559)
                      ; - java.lang.AbstractStringBuilder::append@33 (line 856)
                      ; - java.lang.StringBuilder::append@2 (line 259)
                      ; - org.gradle.internal.time.TimeFormatting::formatDurationTerse@57 (line 52)
                      ; - org.gradle.internal.logging.format.TersePrettyDurationFormatter::format@1 (line 25)
                      ; - org.gradle.internal.logging.console.ProgressBar::formatProgress@5 (line 89)
                      ; - org.gradle.internal.logging.console.BuildStatusRenderer::renderNow@25 (line 123)
                      ; - org.gradle.internal.logging.console.BuildStatusRenderer::onOutput@321 (line 115)
  0x00000288997e6a00: fcfe 79ff | 410f beeb | bae4 ffff | ff4c 8b5c | 2428 4c89 | 5c24 2044 | 8b5c 243c | 4489 5c24 
  0x00000288997e6a20: 2844 8b44 | 2438 4489 | 4424 2c44 | 8b5c 244c | 4489 5c24 | 304c 8b5c | 2450 4c89 | 5c24 384c 
  0x00000288997e6a40: 8b5c 2470 | 4c89 5c24 | 484c 895c | 2450 4489 | 4c24 6044 | 8954 2464 

  0x00000288997e6a58: ;   {runtime_call UncommonTrapBlob}
  0x00000288997e6a58: c5f8 77e8 

  0x00000288997e6a5c: ; ImmutableOopMap {[32]=Oop [40]=NarrowOop [44]=NarrowOop [72]=Oop [80]=Oop [96]=NarrowOop }
                      ;*bastore {reexecute=0 rethrow=0 return_oop=0}
                      ; - java.lang.Long::getChars@190 (line 574)
                      ; - java.lang.AbstractStringBuilder::append@33 (line 856)
                      ; - java.lang.StringBuilder::append@2 (line 259)
                      ; - org.gradle.internal.time.TimeFormatting::formatDurationTerse@57 (line 52)
                      ; - org.gradle.internal.logging.format.TersePrettyDurationFormatter::format@1 (line 25)
                      ; - org.gradle.internal.logging.console.ProgressBar::formatProgress@5 (line 89)
                      ; - org.gradle.internal.logging.console.BuildStatusRenderer::renderNow@25 (line 123)
                      ; - org.gradle.internal.logging.console.BuildStatusRenderer::onOutput@321 (line 115)
  0x00000288997e6a5c: a0fe 79ff | 4d8b 5750 | 4d8b 5f40 | f083 4424 | c000 8039 | 000f 848c | e1ff ff44 | 8821 4d85 
  0x00000288997e6a7c: db75 1849 | 8bd7 c5f8 | 7749 ba30 | ce2a faf8 | 7f00 0041 | ffd2 e96c | e1ff ff4b | 894c 1af8 
  0x00000288997e6a9c: 4983 c3f8 | 4d89 5f40 | e95a e1ff | ff4d 8b57 | 404d 8b5f | 50f0 8344 | 24c0 0080 | 3900 0f84 
  0x00000288997e6abc: 8ce1 ffff | 4488 214d | 85d2 7518 | 498b d7c5 | f877 49ba | 30ce 2afa | f87f 0000 | 41ff d2e9 
  0x00000288997e6adc: 6ce1 ffff | 4b89 4c13 | f849 83c2 | f84d 8957 | 40e9 5ae1 | ffff ba45 | ffff ff48 | 8b6c 2438 
  0x00000288997e6afc: 4c8b 4424 | 304c 8944 | 2420 4489 | 5c24 3890 

  0x00000288997e6b0c: ;   {runtime_call UncommonTrapBlob}
  0x00000288997e6b0c: c5f8 77e8 

  0x00000288997e6b10: ; ImmutableOopMap {rbp=Oop [32]=Oop [64]=Oop [72]=Oop }
                      ;*ifeq {reexecute=1 rethrow=0 return_oop=0}
                      ; - (reexecute) org.gradle.internal.logging.sink.GroupingProgressLogEventGenerator::onStart@101 (line 98)
                      ; - org.gradle.internal.logging.sink.GroupingProgressLogEventGenerator::onOutput@12 (line 72)
                      ; - org.gradle.internal.logging.console.BuildLogLevelFilterRenderer::onOutput@47 (line 41)
                      ; - org.gradle.internal.logging.console.WorkInProgressRenderer::onOutput@47 (line 76)
                      ; - org.gradle.internal.logging.console.BuildStatusRenderer::onOutput@293 (line 111)
  0x00000288997e6b10: ecfd 79ff | baf6 ffff | ff66 6690 

  0x00000288997e6b1c: ;   {runtime_call UncommonTrapBlob}
  0x00000288997e6b1c: c5f8 77e8 

  0x00000288997e6b20: ; ImmutableOopMap {}
                      ;*invokevirtual length {reexecute=0 rethrow=0 return_oop=0}
                      ; - org.gradle.internal.logging.console.ProgressBar::formatProgress@109 (line 104)
                      ; - org.gradle.internal.logging.console.BuildStatusRenderer::renderNow@25 (line 123)
                      ; - org.gradle.internal.logging.console.BuildStatusRenderer::onOutput@321 (line 115)
  0x00000288997e6b20: dcfd 79ff | 498b f841 | 8bdb 498b | d7c5 f877 | 49ba 50ce | 2afa f87f | 0000 41ff | d244 8bdb 
  0x00000288997e6b40: 4c8b c7e9 | 95bc ffff | 498b d7c5 | f877 49ba | 50ce 2afa | f87f 0000 | 41ff d2e9 | bebd ffff 
  0x00000288997e6b60: 498b d7c5 | f877 49ba | 50ce 2afa | f87f 0000 | 41ff d2e9 | b6be ffff | ba45 ffff | ff48 8b6c 
  0x00000288997e6b80: 2428 448b | 5424 3c44 | 8954 2420 | 448b 5c24 | 4844 895c | 2424 448b | 5c24 4c44 | 895c 2428 
  0x00000288997e6ba0: 4c8b 5424 | 504c 8954 | 2430 448b | 5424 5844 | 8954 242c | 448b 5424 | 5c44 8954 | 2438 4c8b 
  0x00000288997e6bc0: 5424 604c | 8954 2440 | 448b 5c24 | 7444 895c | 244c 4c8b | 9424 8800 | 0000 4c89 | 5424 584c 
  0x00000288997e6be0: 8b54 2478 | 4c89 5424 | 6044 8b94 | 2480 0000 | 004c 8944 | 2470 8944 | 246c 4489 | 5424 7890 
  0x00000288997e6c00: ;   {runtime_call UncommonTrapBlob}
  0x00000288997e6c00: c5f8 77e8 

  0x00000288997e6c04: ; ImmutableOopMap {rbp=Oop [32]=NarrowOop [36]=NarrowOop [48]=Oop [64]=Oop [88]=Oop [96]=Oop [112]=Oop [136]=Oop }
                      ;*if_icmpne {reexecute=1 rethrow=0 return_oop=0}
                      ; - (reexecute) java.lang.StringUTF16::compress@13 (line 162)
                      ; - java.lang.String::<init>@36 (line 4501)
                      ; - java.lang.String::<init>@6 (line 275)
                      ; - org.gradle.internal.logging.console.ProgressBar::fill@30 (line 123)
                      ; - org.gradle.internal.logging.console.ProgressBar::formatProgress@119 (line 104)
                      ; - org.gradle.internal.logging.console.BuildStatusRenderer::renderNow@25 (line 123)
                      ; - org.gradle.internal.logging.console.BuildStatusRenderer::onOutput@321 (line 115)
  0x00000288997e6c04: f8fc 79ff | ba45 ffff | ff48 8b6c | 2428 448b | 5424 3c44 | 8954 2420 | 448b 5c24 | 4844 895c 
  0x00000288997e6c24: 2424 448b | 5c24 4c44 | 895c 2428 | 4c8b 5424 | 504c 8954 | 2430 4c8b | 5424 604c | 8954 2438 
  0x00000288997e6c44: 4c8b 5424 | 784c 8954 | 2440 448b | 5424 5844 | 8954 2448 | 448b 5424 | 7044 8954 | 244c 4c8b 
  0x00000288997e6c64: 9424 8000 | 0000 4c89 | 5424 504c | 8b94 2498 | 0000 004c | 8954 2460 | 448b 9c24 | 9000 0000 
  0x00000288997e6c84: 4c89 4424 | 7889 4424 | 7444 899c | 2480 0000 | 0066 6690 

  0x00000288997e6c98: ;   {runtime_call UncommonTrapBlob}
  0x00000288997e6c98: c5f8 77e8 

  0x00000288997e6c9c: ; ImmutableOopMap {rbp=Oop [32]=NarrowOop [36]=NarrowOop [48]=Oop [56]=Oop [64]=Oop [80]=Oop [96]=Oop [120]=Oop [136]=Oop [152]=Oop }
                      ;*if_icmpne {reexecute=1 rethrow=0 return_oop=0}
                      ; - (reexecute) java.lang.StringUTF16::compress@13 (line 162)
                      ; - java.lang.String::<init>@36 (line 4501)
                      ; - java.lang.String::<init>@6 (line 275)
                      ; - org.gradle.internal.logging.console.ProgressBar::fill@30 (line 123)
                      ; - org.gradle.internal.logging.console.ProgressBar::formatProgress@149 (line 105)
                      ; - org.gradle.internal.logging.console.BuildStatusRenderer::renderNow@25 (line 123)
                      ; - org.gradle.internal.logging.console.BuildStatusRenderer::onOutput@321 (line 115)
  0x00000288997e6c9c: 60fc 79ff | ba45 ffff | ff4c 8b5c | 2428 4c89 | 5c24 2044 | 8b5c 243c | 4489 5c24 | 2844 8b44 
  0x00000288997e6cbc: 2438 4489 | 4424 2c44 | 8b44 244c | 4489 4424 | 304c 8b5c | 2450 4c89 | 5c24 3844 | 8b9c 2480 
  0x00000288997e6cdc: 0000 0044 | 895c 2434 | 4489 5424 | 5466 6690 

  0x00000288997e6cec: ;   {runtime_call UncommonTrapBlob}
  0x00000288997e6cec: c5f8 77e8 

  0x00000288997e6cf0: ; ImmutableOopMap {rbp=Oop [32]=Oop [40]=NarrowOop [44]=NarrowOop [52]=NarrowOop [56]=Oop [84]=NarrowOop [96]=Oop [112]=Oop }
                      ;*ifnull {reexecute=1 rethrow=0 return_oop=0}
                      ; - (reexecute) net.rubygrapefruit.platform.internal.FunctionResult::isFailed@4 (line 48)
                      ; - net.rubygrapefruit.platform.internal.WindowsTerminal::getTerminalSize@36 (line 83)
                      ; - org.gradle.internal.nativeintegration.console.NativePlatformConsoleMetaData::getCols@4 (line 44)
                      ; - org.gradle.internal.logging.console.ProgressBar::formatProgress@33 (line 91)
                      ; - org.gradle.internal.logging.console.BuildStatusRenderer::renderNow@25 (line 123)
                      ; - org.gradle.internal.logging.console.BuildStatusRenderer::onOutput@321 (line 115)
  0x00000288997e6cf0: 0cfc 79ff | ba45 ffff | ff4c 8b4c | 2428 4c89 | 4c24 2044 | 8b4c 243c | 4489 4c24 | 2848 8944 
  0x00000288997e6d10: 24f8 8b44 | 2438 8944 | 242c 488b | 4424 f844 | 8954 2434 | 4489 5c24 | 4066 6690 

  0x00000288997e6d2c: ;   {runtime_call UncommonTrapBlob}
  0x00000288997e6d2c: c5f8 77e8 

  0x00000288997e6d30: ; ImmutableOopMap {[32]=Oop [40]=NarrowOop [44]=NarrowOop [80]=Oop }
                      ;*if_icmple {reexecute=1 rethrow=0 return_oop=0}
                      ; - (reexecute) org.gradle.internal.logging.console.ProgressBar::formatProgress@48 (line 93)
                      ; - org.gradle.internal.logging.console.BuildStatusRenderer::renderNow@25 (line 123)
                      ; - org.gradle.internal.logging.console.BuildStatusRenderer::onOutput@321 (line 115)
  0x00000288997e6d30: ccfb 79ff | ba45 ffff | ff48 8b6c | 2428 448b | 5424 3c44 | 8954 2420 | 448b 5c24 | 484c 8b54 
  0x00000288997e6d50: 2450 4c89 | 5424 2844 | 895c 2440 

  0x00000288997e6d5c: ;   {runtime_call UncommonTrapBlob}
  0x00000288997e6d5c: c5f8 77e8 

  0x00000288997e6d60: ; ImmutableOopMap {rbp=Oop [32]=NarrowOop [40]=Oop [64]=NarrowOop [96]=Oop [120]=Oop [128]=Oop }
                      ;*ifeq {reexecute=1 rethrow=0 return_oop=0}
                      ; - (reexecute) org.gradle.internal.logging.console.ProgressBar::formatProgress@204 (line 107)
                      ; - org.gradle.internal.logging.console.BuildStatusRenderer::renderNow@25 (line 123)
                      ; - org.gradle.internal.logging.console.BuildStatusRenderer::onOutput@321 (line 115)
  0x00000288997e6d60: 9cfb 79ff | ba45 ffff | ff48 8b6c | 2428 448b | 4c24 3c44 | 894c 2420 | 4c89 4424 | 3044 895c 
  0x00000288997e6d80: 2438 4889 | 4c24 4048 | 8974 2450 | 4489 5424 | 3c66 6690 

  0x00000288997e6d94: ;   {runtime_call UncommonTrapBlob}
  0x00000288997e6d94: c5f8 77e8 

  0x00000288997e6d98: ; ImmutableOopMap {rbp=Oop [32]=NarrowOop [48]=Oop [56]=NarrowOop [64]=Oop [80]=Oop [120]=Oop }
                      ;*ifeq {reexecute=1 rethrow=0 return_oop=0}
                      ; - (reexecute) org.gradle.internal.logging.console.ProgressBar::formatProgress@275 (line 112)
                      ; - org.gradle.internal.logging.console.BuildStatusRenderer::renderNow@25 (line 123)
                      ; - org.gradle.internal.logging.console.BuildStatusRenderer::onOutput@321 (line 115)
  0x00000288997e6d98: 64fb 79ff | ba75 0000 | 0048 8b6c | 2428 448b | 5424 3c44 | 8954 2420 | 448b 5c24 | 3844 895c 
  0x00000288997e6db8: 2424 448b | 5424 4c44 | 8954 2428 | 4c8b 5424 | 704c 8954 | 2430 4c8b | 5424 504c | 8954 2448 
  0x00000288997e6dd8: 448b 5c24 | 6044 895c | 242c 448b | 5424 6444 | 8954 2450 

  0x00000288997e6dec: ;   {runtime_call UncommonTrapBlob}
  0x00000288997e6dec: c5f8 77e8 

  0x00000288997e6df0: ; ImmutableOopMap {rbp=Oop [32]=NarrowOop [36]=NarrowOop [48]=Oop [120]=NarrowOop }
                      ;*new {reexecute=0 rethrow=0 return_oop=0}
                      ; - java.lang.AbstractStringBuilder::newCapacity@41 (line 259)
                      ; - java.lang.AbstractStringBuilder::ensureCapacityInternal@24 (line 229)
                      ; - java.lang.AbstractStringBuilder::append@16 (line 854)
                      ; - java.lang.StringBuilder::append@2 (line 259)
                      ; - org.gradle.internal.time.TimeFormatting::formatDurationTerse@92 (line 58)
                      ; - org.gradle.internal.logging.format.TersePrettyDurationFormatter::format@1 (line 25)
                      ; - org.gradle.internal.logging.console.ProgressBar::formatProgress@5 (line 89)
                      ; - org.gradle.internal.logging.console.BuildStatusRenderer::renderNow@25 (line 123)
                      ; - org.gradle.internal.logging.console.BuildStatusRenderer::onOutput@321 (line 115)
  0x00000288997e6df0: 0cfb 79ff | 4d63 d04d | 8bda e94a | c6ff ff4d | 8bd1 4983 | c2fe 498b | ca48 8bfa | 4833 c048 
  0x00000288997e6e10: 83f9 087f | 1048 ffc9 | 784f 4889 | 04cf 48ff | c97d f7eb | 44c5 fdef | c0e9 0d00 | 0000 c5fe 
  0x00000288997e6e30: 7f07 c5fe | 7f47 2048 | 83c7 4048 | 83e9 087d | ed48 83c1 | 047c 0cc5 | fe7f 0748 | 83c7 2048 
  0x00000288997e6e50: 83e9 0448 | 83c1 047e | 1048 ffc9 | c5f9 d607 | 4883 c708 | 48ff c97d | f3e9 c6c6 | ffff bacc 
  0x00000288997e6e70: ffff ff48 | 8b6c 2428 | 448b 5c24 | 3c44 895c | 2420 448b | 5424 3844 | 8954 2424 | 448b 5c24 
  0x00000288997e6e90: 4c44 895c | 2428 4c8b | 5424 704c | 8954 2430 | 4c8b 5424 | 504c 8954 | 2448 448b | 5c24 6044 
  0x00000288997e6eb0: 895c 242c | 448b 5424 | 6444 8954 | 2450 4489 | 4424 6490 

  0x00000288997e6ec4: ;   {runtime_call UncommonTrapBlob}
  0x00000288997e6ec4: c5f8 77e8 

  0x00000288997e6ec8: ; ImmutableOopMap {rbp=Oop [32]=NarrowOop [36]=NarrowOop [48]=Oop [120]=NarrowOop }
                      ;*newarray {reexecute=1 rethrow=0 return_oop=0}
                      ; - (reexecute) java.util.Arrays::copyOf@1 (line 3537)
                      ; - java.lang.AbstractStringBuilder::ensureCapacityInternal@32 (line 228)
                      ; - java.lang.AbstractStringBuilder::append@16 (line 854)
                      ; - java.lang.StringBuilder::append@2 (line 259)
                      ; - org.gradle.internal.time.TimeFormatting::formatDurationTerse@92 (line 58)
                      ; - org.gradle.internal.logging.format.TersePrettyDurationFormatter::format@1 (line 25)
                      ; - org.gradle.internal.logging.console.ProgressBar::formatProgress@5 (line 89)
                      ; - org.gradle.internal.logging.console.BuildStatusRenderer::renderNow@25 (line 123)
                      ; - org.gradle.internal.logging.console.BuildStatusRenderer::onOutput@321 (line 115)
  0x00000288997e6ec8: 34fa 79ff | ba75 0000 | 0048 8b6c | 2428 448b | 5424 3c44 | 8954 2420 | 448b 5c24 | 3844 895c 
  0x00000288997e6ee8: 2424 448b | 5424 4c44 | 8954 2428 | 4c8b 5424 | 504c 8954 | 2430 4c8b | 5424 704c | 8954 2438 
  0x00000288997e6f08: 4c8b 5424 | 604c 8954 | 2450 6690 

  0x00000288997e6f14: ;   {runtime_call UncommonTrapBlob}
  0x00000288997e6f14: c5f8 77e8 

  0x00000288997e6f18: ; ImmutableOopMap {rbp=Oop [32]=NarrowOop [36]=NarrowOop [56]=Oop [124]=NarrowOop }
                      ;*new {reexecute=0 rethrow=0 return_oop=0}
                      ; - java.lang.AbstractStringBuilder::newCapacity@41 (line 259)
                      ; - java.lang.AbstractStringBuilder::ensureCapacityInternal@24 (line 229)
                      ; - java.lang.AbstractStringBuilder::append@16 (line 854)
                      ; - java.lang.StringBuilder::append@2 (line 259)
                      ; - org.gradle.internal.time.TimeFormatting::formatDurationTerse@57 (line 52)
                      ; - org.gradle.internal.logging.format.TersePrettyDurationFormatter::format@1 (line 25)
                      ; - org.gradle.internal.logging.console.ProgressBar::formatProgress@5 (line 89)
                      ; - org.gradle.internal.logging.console.BuildStatusRenderer::renderNow@25 (line 123)
                      ; - org.gradle.internal.logging.console.BuildStatusRenderer::onOutput@321 (line 115)
  0x00000288997e6f18: e4f9 79ff | 4d63 d14d | 8bda e9bd | c6ff ff4d | 8bd1 4983 | c2fe 498b | ca48 8bfa | 4833 c048 
  0x00000288997e6f38: 83f9 087f | 1048 ffc9 | 784f 4889 | 04cf 48ff | c97d f7eb | 44c5 fdef | c0e9 0d00 | 0000 c5fe 
  0x00000288997e6f58: 7f07 c5fe | 7f47 2048 | 83c7 4048 | 83e9 087d | ed48 83c1 | 047c 0cc5 | fe7f 0748 | 83c7 2048 
  0x00000288997e6f78: 83e9 0448 | 83c1 047e | 1048 ffc9 | c5f9 d607 | 4883 c708 | 48ff c97d | f3e9 3cc7 | ffff bacc 
  0x00000288997e6f98: ffff ff48 | 8b6c 2428 | 448b 5c24 | 3c44 895c | 2420 448b | 5424 3844 | 8954 2424 | 448b 5c24 
  0x00000288997e6fb8: 4c44 895c | 2428 4c8b | 5424 504c | 8954 2430 | 4c8b 5424 | 704c 8954 | 2438 4c8b | 5424 604c 
  0x00000288997e6fd8: 8954 2450 | 4489 4c24 | 6c66 6690 

  0x00000288997e6fe4: ;   {runtime_call UncommonTrapBlob}
  0x00000288997e6fe4: c5f8 77e8 

  0x00000288997e6fe8: ; ImmutableOopMap {rbp=Oop [32]=NarrowOop [36]=NarrowOop [56]=Oop [124]=NarrowOop }
                      ;*newarray {reexecute=1 rethrow=0 return_oop=0}
                      ; - (reexecute) java.util.Arrays::copyOf@1 (line 3537)
                      ; - java.lang.AbstractStringBuilder::ensureCapacityInternal@32 (line 228)
                      ; - java.lang.AbstractStringBuilder::append@16 (line 854)
                      ; - java.lang.StringBuilder::append@2 (line 259)
                      ; - org.gradle.internal.time.TimeFormatting::formatDurationTerse@57 (line 52)
                      ; - org.gradle.internal.logging.format.TersePrettyDurationFormatter::format@1 (line 25)
                      ; - org.gradle.internal.logging.console.ProgressBar::formatProgress@5 (line 89)
                      ; - org.gradle.internal.logging.console.BuildStatusRenderer::renderNow@25 (line 123)
                      ; - org.gradle.internal.logging.console.BuildStatusRenderer::onOutput@321 (line 115)
  0x00000288997e6fe8: 14f9 79ff | ba45 ffff | ff48 8b6c | 2438 6690 

  0x00000288997e6ff8: ;   {runtime_call UncommonTrapBlob}
  0x00000288997e6ff8: c5f8 77e8 

  0x00000288997e6ffc: ; ImmutableOopMap {rbp=Oop [48]=Oop }
                      ;*ifne {reexecute=1 rethrow=0 return_oop=0}
                      ; - (reexecute) org.gradle.internal.logging.console.BuildStatusRenderer::onOutput@331 (line 116)
  0x00000288997e6ffc: 00f9 79ff | ba45 ffff | ff48 8bee | 4c89 5424 | 2866 6690 

  0x00000288997e7010: ;   {runtime_call UncommonTrapBlob}
  0x00000288997e7010: c5f8 77e8 

  0x00000288997e7014: ; ImmutableOopMap {rbp=Oop [40]=Oop }
                      ;*ifeq {reexecute=1 rethrow=0 return_oop=0}
                      ; - (reexecute) org.gradle.internal.logging.console.BuildStatusRenderer::onOutput@257 (line 104)
  0x00000288997e7014: e8f8 79ff | bade ffff | ff48 8bee | 4c89 5424 | 2889 4c24 | 3044 8944 | 2434 6690 

  0x00000288997e7030: ;   {runtime_call UncommonTrapBlob}
  0x00000288997e7030: c5f8 77e8 

  0x00000288997e7034: ; ImmutableOopMap {rbp=Oop [40]=Oop [48]=NarrowOop [52]=NarrowOop }
                      ;*invokeinterface remove {reexecute=0 rethrow=0 return_oop=0}
                      ; - org.gradle.internal.logging.console.BuildStatusRenderer::onOutput@275 (line 106)
  0x00000288997e7034: c8f8 79ff | bade ffff | ff48 8bee | 4c89 5424 | 2844 895c | 2430 4489 | 4424 3490 

  0x00000288997e7050: ;   {runtime_call UncommonTrapBlob}
  0x00000288997e7050: c5f8 77e8 

  0x00000288997e7054: ; ImmutableOopMap {rbp=Oop [40]=Oop [48]=NarrowOop [52]=NarrowOop }
                      ;*invokevirtual remove {reexecute=0 rethrow=0 return_oop=0}
                      ; - java.util.HashSet::remove@5 (line 237)
                      ; - org.gradle.internal.logging.console.BuildStatusRenderer::onOutput@275 (line 106)
  0x00000288997e7054: a8f8 79ff | 4533 c0e9 | 43d2 ffff | 498b d7c5 | f877 49ba | 50ce 2afa | f87f 0000 | 41ff d2e9 
  0x00000288997e7074: c7c4 ffff | ba3d ffff | ff4c 8b54 | 2428 498b | ea44 8b5c | 243c 4489 | 5c24 2044 | 8b54 2438 
  0x00000288997e7094: 4489 5424 | 2444 8b5c | 244c 4489 | 5c24 284c | 8b54 2470 | 4c89 5424 | 304c 8b54 | 2450 4c89 
  0x00000288997e70b4: 5424 4844 | 8b54 2460 | 4489 5424 | 2c44 8b5c | 2464 4489 | 5c24 5044 | 8b54 2478 | 4489 5424 
  0x00000288997e70d4: 5444 894c | 2470 895c | 2474 4489 | 4424 7c90 

  0x00000288997e70e4: ;   {runtime_call UncommonTrapBlob}
  0x00000288997e70e4: c5f8 77e8 

  0x00000288997e70e8: ; ImmutableOopMap {rbp=Oop [32]=NarrowOop [36]=NarrowOop [48]=Oop [84]=NarrowOop }
                      ;*if_icmpge {reexecute=1 rethrow=0 return_oop=0}
                      ; - (reexecute) jdk.internal.util.ArraysSupport::newLength@10 (line 638)
                      ; - java.lang.AbstractStringBuilder::newCapacity@29 (line 257)
                      ; - java.lang.AbstractStringBuilder::ensureCapacityInternal@24 (line 229)
                      ; - java.lang.AbstractStringBuilder::append@16 (line 854)
                      ; - java.lang.StringBuilder::append@2 (line 259)
                      ; - org.gradle.internal.time.TimeFormatting::formatDurationTerse@92 (line 58)
                      ; - org.gradle.internal.logging.format.TersePrettyDurationFormatter::format@1 (line 25)
                      ; - org.gradle.internal.logging.console.ProgressBar::formatProgress@5 (line 89)
                      ; - org.gradle.internal.logging.console.BuildStatusRenderer::renderNow@25 (line 123)
                      ; - org.gradle.internal.logging.console.BuildStatusRenderer::onOutput@321 (line 115)
  0x00000288997e70e8: 14f8 79ff | baf6 ffff | ff66 6690 

  0x00000288997e70f4: ;   {runtime_call UncommonTrapBlob}
  0x00000288997e70f4: c5f8 77e8 

  0x00000288997e70f8: ; ImmutableOopMap {}
                      ;*invokevirtual length {reexecute=0 rethrow=0 return_oop=0}
                      ; - org.gradle.internal.logging.console.ProgressBar::formatProgress@132 (line 105)
                      ; - org.gradle.internal.logging.console.BuildStatusRenderer::renderNow@25 (line 123)
                      ; - org.gradle.internal.logging.console.BuildStatusRenderer::onOutput@321 (line 115)
  0x00000288997e70f8: 04f8 79ff | 498b d7c5 | f877 49ba | 50ce 2afa | f87f 0000 | 41ff d2e9 | c9c5 ffff | ba3d ffff 
  0x00000288997e7118: ff4c 8b54 | 2428 498b | ea44 8b5c | 243c 4489 | 5c24 2044 | 8b54 2438 | 4489 5424 | 2444 8b5c 
  0x00000288997e7138: 244c 4489 | 5c24 284c | 8b54 2450 | 4c89 5424 | 304c 8b54 | 2470 4c89 | 5424 384c | 8b54 2460 
  0x00000288997e7158: 4c89 5424 | 5044 8b5c | 247c 4489 | 5c24 5c44 | 8944 2478 | 895c 247c | 4489 8c24 | 8400 0000 
  0x00000288997e7178: ;   {runtime_call UncommonTrapBlob}
  0x00000288997e7178: c5f8 77e8 

  0x00000288997e717c: ; ImmutableOopMap {rbp=Oop [32]=NarrowOop [36]=NarrowOop [56]=Oop [92]=NarrowOop }
                      ;*if_icmpge {reexecute=1 rethrow=0 return_oop=0}
                      ; - (reexecute) jdk.internal.util.ArraysSupport::newLength@10 (line 638)
                      ; - java.lang.AbstractStringBuilder::newCapacity@29 (line 257)
                      ; - java.lang.AbstractStringBuilder::ensureCapacityInternal@24 (line 229)
                      ; - java.lang.AbstractStringBuilder::append@16 (line 854)
                      ; - java.lang.StringBuilder::append@2 (line 259)
                      ; - org.gradle.internal.time.TimeFormatting::formatDurationTerse@57 (line 52)
                      ; - org.gradle.internal.logging.format.TersePrettyDurationFormatter::format@1 (line 25)
                      ; - org.gradle.internal.logging.console.ProgressBar::formatProgress@5 (line 89)
                      ; - org.gradle.internal.logging.console.BuildStatusRenderer::renderNow@25 (line 123)
                      ; - org.gradle.internal.logging.console.BuildStatusRenderer::onOutput@321 (line 115)
  0x00000288997e717c: 80f7 79ff | bade ffff | ff48 8b6c | 2438 4c8b | 4424 304c | 8944 2420 | 4c8b 4424 | 404c 8944 
  0x00000288997e719c: 2428 4c8b | 4424 484c | 8944 2430 | 4489 5c24 | 3c4c 8954 | 2448 6690 

  0x00000288997e71b4: ;   {runtime_call UncommonTrapBlob}
  0x00000288997e71b4: c5f8 77e8 

  0x00000288997e71b8: ; ImmutableOopMap {rbp=Oop [32]=Oop [40]=Oop [48]=Oop [60]=NarrowOop [72]=Oop [80]=NarrowOop }
                      ;*invokeinterface put {reexecute=0 rethrow=0 return_oop=0}
                      ; - org.gradle.internal.logging.sink.GroupingProgressLogEventGenerator::onStart@58 (line 91)
                      ; - org.gradle.internal.logging.sink.GroupingProgressLogEventGenerator::onOutput@12 (line 72)
                      ; - org.gradle.internal.logging.console.BuildLogLevelFilterRenderer::onOutput@47 (line 41)
                      ; - org.gradle.internal.logging.console.WorkInProgressRenderer::onOutput@47 (line 76)
                      ; - org.gradle.internal.logging.console.BuildStatusRenderer::onOutput@293 (line 111)
  0x00000288997e71b8: 44f7 79ff | 4c8b d149 | 83c2 fe49 | 8bca 498b | f948 33c0 | 4883 f908 | 7f10 48ff | c978 4f48 
  0x00000288997e71d8: 8904 cf48 | ffc9 7df7 | eb44 c5fd | efc0 e90d | 0000 00c5 | fe7f 07c5 | fe7f 4720 | 4883 c740 
  0x00000288997e71f8: 4883 e908 | 7ded 4883 | c104 7c0c | c5fe 7f07 | 4883 c720 | 4883 e904 | 4883 c104 | 7e10 48ff 
  0x00000288997e7218: c9c5 f9d6 | 0748 83c7 | 0848 ffc9 | 7df3 e943 | c9ff ffba | ceff ffff | 488b ee4c | 8b54 2448 
  0x00000288997e7238: 4c89 5424 | 2844 8b54 | 2460 4489 | 5424 4844 | 8b5c 2458 | 4489 5c24 | 4c89 4c24 | 584c 8944 
  0x00000288997e7258: 2460 6690 

  0x00000288997e725c: ;   {runtime_call UncommonTrapBlob}
  0x00000288997e725c: c5f8 77e8 

  0x00000288997e7260: ; ImmutableOopMap {rbp=Oop [40]=Oop [48]=Oop [76]=NarrowOop [80]=Oop [96]=Oop }
                      ;*invokestatic copyOf {reexecute=1 rethrow=0 return_oop=0}
                      ; - (reexecute) java.util.Arrays::copyOf@6 (line 3481)
                      ; - java.util.ArrayList::grow@37 (line 237)
                      ; - java.util.ArrayList::grow@7 (line 244)
                      ; - java.util.ArrayList::add@7 (line 454)
                      ; - java.util.ArrayList::add@20 (line 467)
                      ; - org.gradle.internal.logging.console.WorkInProgressRenderer::onOutput@5 (line 68)
                      ; - org.gradle.internal.logging.console.BuildStatusRenderer::onOutput@293 (line 111)
  0x00000288997e7260: 9cf6 79ff | bade ffff | ff48 8bee | 4889 7c24 | 2089 4c24 | 2844 8944 | 242c 6690 

  0x00000288997e727c: ;   {runtime_call UncommonTrapBlob}
  0x00000288997e727c: c5f8 77e8 

  0x00000288997e7280: ; ImmutableOopMap {rbp=Oop [32]=Oop [40]=NarrowOop [44]=NarrowOop }
                      ;*invokeinterface add {reexecute=0 rethrow=0 return_oop=0}
                      ; - org.gradle.internal.logging.console.BuildStatusRenderer::onOutput@225 (line 99)
  0x00000288997e7280: 7cf6 79ff | 4889 5424 | 3844 8954 | 2434 4489 | 5c24 304c | 896c 2428 | 4c89 4c24 | 208b eb49 
  0x00000288997e72a0: 8bd7 c5f8 | 7749 ba50 | ce2a faf8 | 7f00 0041 | ffd2 8bdd | 4c8b 4c24 | 204c 8b6c | 2428 448b 
  0x00000288997e72c0: 5c24 3044 | 8b54 2434 | 488b 5424 | 38e9 c9c6 | ffff 498b | d7c5 f877 | 49ba 50ce | 2afa f87f 
  0x00000288997e72e0: 0000 41ff | d2e9 48e1 | ffff 498b | d7c5 f877 | 49ba 50ce | 2afa f87f | 0000 41ff | d2e9 23cb 
  0x00000288997e7300: ffff 498b | d7c5 f877 | 49ba 50ce | 2afa f87f | 0000 41ff | d2e9 b5ca | ffff 498b | d7c5 f877 
  0x00000288997e7320: 49ba 50ce | 2afa f87f | 0000 41ff | d2e9 58ca | ffff 498b | d7c5 f877 | 49ba 50ce | 2afa f87f 
  0x00000288997e7340: 0000 41ff | d2e9 a7c9 | ffff bade | ffff ff4c | 8b44 2438 | 4c89 4424 | 204c 894c | 2430 4489 
  0x00000288997e7360: 5c24 3844 | 8954 243c 

  0x00000288997e7368: ;   {runtime_call UncommonTrapBlob}
  0x00000288997e7368: c5f8 77e8 

  0x00000288997e736c: ; ImmutableOopMap {rbp=Oop [32]=Oop [40]=Oop [48]=Oop [56]=NarrowOop [60]=NarrowOop }
                      ;*invokeinterface remove {reexecute=0 rethrow=0 return_oop=0}
                      ; - org.gradle.internal.logging.sink.GroupingProgressLogEventGenerator::onComplete@8 (line 113)
                      ; - org.gradle.internal.logging.sink.GroupingProgressLogEventGenerator::onOutput@48 (line 76)
                      ; - org.gradle.internal.logging.console.BuildLogLevelFilterRenderer::onOutput@47 (line 41)
                      ; - org.gradle.internal.logging.console.WorkInProgressRenderer::onOutput@47 (line 76)
                      ; - org.gradle.internal.logging.console.BuildStatusRenderer::onOutput@293 (line 111)
  0x00000288997e736c: 90f5 79ff | bade ffff | ff48 8be8 

  0x00000288997e7378: ;   {runtime_call UncommonTrapBlob}
  0x00000288997e7378: c5f8 77e8 

  0x00000288997e737c: ; ImmutableOopMap {rbp=Oop }
                      ;*checkcast {reexecute=0 rethrow=0 return_oop=0}
                      ; - org.gradle.internal.logging.sink.GroupingProgressLogEventGenerator::onComplete@13 (line 113)
                      ; - org.gradle.internal.logging.sink.GroupingProgressLogEventGenerator::onOutput@48 (line 76)
                      ; - org.gradle.internal.logging.console.BuildLogLevelFilterRenderer::onOutput@47 (line 41)
                      ; - org.gradle.internal.logging.console.WorkInProgressRenderer::onOutput@47 (line 76)
                      ; - org.gradle.internal.logging.console.BuildStatusRenderer::onOutput@293 (line 111)
  0x00000288997e737c: 80f5 79ff | 4533 c0e9 | 7fe3 ffff | 498b d7c5 | f877 49ba | 50ce 2afa | f87f 0000 | 41ff d2e9 
  0x00000288997e739c: dec7 ffff | ba3d ffff | ff48 8bee | 4c8b 5424 | 484c 8954 | 2428 448b | 5c24 6044 | 895c 2448 
  0x00000288997e73bc: 448b 5424 | 5c44 8954 | 244c 4489 | 4c24 5844 | 8b54 2464 | 4489 5424 | 6066 6690 

  0x00000288997e73d8: ;   {runtime_call UncommonTrapBlob}
  0x00000288997e73d8: c5f8 77e8 

  0x00000288997e73dc: ; ImmutableOopMap {rbp=Oop [40]=Oop [48]=Oop [80]=Oop }
                      ;*if_icmpge {reexecute=1 rethrow=0 return_oop=0}
                      ; - (reexecute) jdk.internal.util.ArraysSupport::newLength@10 (line 638)
                      ; - java.util.ArrayList::grow@27 (line 234)
                      ; - java.util.ArrayList::grow@7 (line 244)
                      ; - java.util.ArrayList::add@7 (line 454)
                      ; - java.util.ArrayList::add@20 (line 467)
                      ; - org.gradle.internal.logging.console.WorkInProgressRenderer::onOutput@5 (line 68)
                      ; - org.gradle.internal.logging.console.BuildStatusRenderer::onOutput@293 (line 111)
  0x00000288997e73dc: 20f5 79ff | bade ffff | ff66 6690 

  0x00000288997e73e8: ;   {runtime_call UncommonTrapBlob}
  0x00000288997e73e8: c5f8 77e8 

  0x00000288997e73ec: ; ImmutableOopMap {rbp=NarrowOop }
                      ;*checkcast {reexecute=0 rethrow=0 return_oop=0}
                      ; - org.gradle.internal.logging.sink.GroupingProgressLogEventGenerator::onUpdateNow@38 (line 134)
                      ; - org.gradle.internal.logging.sink.GroupingProgressLogEventGenerator::onOutput@84 (line 80)
                      ; - org.gradle.internal.logging.console.BuildLogLevelFilterRenderer::onOutput@47 (line 41)
                      ; - org.gradle.internal.logging.console.WorkInProgressRenderer::onOutput@47 (line 76)
                      ; - org.gradle.internal.logging.console.BuildStatusRenderer::onOutput@293 (line 111)
  0x00000288997e73ec: 10f5 79ff | ba45 ffff | ff4c 8b44 | 2438 4c89 | 4424 204c | 8b44 2430 | 4c89 4424 | 284c 8954 
  0x00000288997e740c: 2430 4489 | 5c24 4089 | 7424 4448 | 894c 2448 | 895c 2454 

  0x00000288997e7420: ;   {runtime_call UncommonTrapBlob}
  0x00000288997e7420: c5f8 77e8 

  0x00000288997e7424: ; ImmutableOopMap {[32]=Oop [40]=Oop [48]=Oop [68]=NarrowOop [72]=Oop [84]=NarrowOop }
                      ;*if_icmpeq {reexecute=1 rethrow=0 return_oop=0}
                      ; - (reexecute) java.util.LinkedHashMap$LinkedHashIterator::nextNode@16 (line 755)
                      ; - java.util.LinkedHashMap$LinkedValueIterator::next@1 (line 783)
                      ; - org.gradle.internal.logging.sink.GroupingProgressLogEventGenerator::onUpdateNow@33 (line 134)
                      ; - org.gradle.internal.logging.sink.GroupingProgressLogEventGenerator::onOutput@84 (line 80)
                      ; - org.gradle.internal.logging.console.BuildLogLevelFilterRenderer::onOutput@47 (line 41)
                      ; - org.gradle.internal.logging.console.WorkInProgressRenderer::onOutput@47 (line 76)
                      ; - org.gradle.internal.logging.console.BuildStatusRenderer::onOutput@293 (line 111)
  0x00000288997e7424: d8f4 79ff | ba45 ffff | ff49 b800 | 0000 a588 | 0200 004c | 03c1 4d8b | 4070 498b | 284c 8b44 
  0x00000288997e7444: 2438 4c89 | 4424 204c | 8b44 2430 | 4c89 4424 | 2844 8954 | 2438 4489 | 5c24 3c90 

  0x00000288997e7460: ;   {runtime_call UncommonTrapBlob}
  0x00000288997e7460: c5f8 77e8 

  0x00000288997e7464: ; ImmutableOopMap {rbp=Oop [32]=Oop [40]=Oop [56]=NarrowOop [60]=NarrowOop [64]=Oop }
                      ;*if_acmpeq {reexecute=1 rethrow=0 return_oop=0}
                      ; - (reexecute) org.gradle.internal.operations.OperationIdentifier::equals@19 (line 46)
                      ; - org.gradle.internal.logging.sink.GroupingProgressLogEventGenerator$OperationGroup::hasForeground@11 (line 265)
                      ; - org.gradle.internal.logging.sink.GroupingProgressLogEventGenerator$OperationGroup::access$100@1 (line 187)
                      ; - org.gradle.internal.logging.sink.GroupingProgressLogEventGenerator::onComplete@46 (line 118)
                      ; - org.gradle.internal.logging.sink.GroupingProgressLogEventGenerator::onOutput@48 (line 76)
                      ; - org.gradle.internal.logging.console.BuildLogLevelFilterRenderer::onOutput@47 (line 41)
                      ; - org.gradle.internal.logging.console.WorkInProgressRenderer::onOutput@47 (line 76)
                      ; - org.gradle.internal.logging.console.BuildStatusRenderer::onOutput@293 (line 111)
  0x00000288997e7464: 98f4 79ff | bac6 ffff | ff48 8bee | 4889 7c24 | 2044 895c | 2428 4489 | 4424 2c90 

  0x00000288997e7480: ;   {runtime_call UncommonTrapBlob}
  0x00000288997e7480: c5f8 77e8 

  0x00000288997e7484: ; ImmutableOopMap {rbp=Oop [32]=Oop [40]=NarrowOop [44]=NarrowOop }
                      ;*invokevirtual put {reexecute=0 rethrow=0 return_oop=0}
                      ; - java.util.HashSet::add@8 (line 221)
                      ; - org.gradle.internal.logging.console.BuildStatusRenderer::onOutput@225 (line 99)
  0x00000288997e7484: 78f4 79ff | 4c8b 4424 | 6045 8b50 | 3045 85d2 | 0f84 a2e5 | ffff 498b | d84d 8b5f | 2049 8bca 
  0x00000288997e74a4: 4d85 db0f | 8447 0400 | 004d 8b57 | 304b 894c | 1af8 4983 | c3f8 4d89 | 5f20 4c8b | c3e9 76e5 
  0x00000288997e74c4: ffff 4d8b | 5740 4d8b | 5f50 f083 | 4424 c000 | 8039 000f | 84a2 e5ff | ff44 8821 | 4d85 d275 
  0x00000288997e74e4: 1849 8bd7 | c5f8 7749 | ba30 ce2a | faf8 7f00 | 0041 ffd2 | e982 e5ff | ff4b 894c | 13f8 4983 
  0x00000288997e7504: c2f8 4d89 | 5740 e970 | e5ff ffba | 45ff ffff | 488b 6c24 | 384c 894c | 2428 6690 

  0x00000288997e7520: ;   {runtime_call UncommonTrapBlob}
  0x00000288997e7520: c5f8 77e8 

  0x00000288997e7524: ; ImmutableOopMap {rbp=Oop [40]=Oop [48]=Oop }
                      ;*ifeq {reexecute=1 rethrow=0 return_oop=0}
                      ; - (reexecute) org.gradle.internal.logging.sink.GroupingProgressLogEventGenerator::onOutput@58 (line 77)
                      ; - org.gradle.internal.logging.console.BuildLogLevelFilterRenderer::onOutput@47 (line 41)
                      ; - org.gradle.internal.logging.console.WorkInProgressRenderer::onOutput@47 (line 76)
                      ; - org.gradle.internal.logging.console.BuildStatusRenderer::onOutput@293 (line 111)
  0x00000288997e7524: d8f3 79ff | bac6 ffff | ff48 8b6c | 2438 4c8b | 4424 304c | 8944 2420 | 4c8b 4424 | 404c 8944 
  0x00000288997e7544: 2428 4c89 | 5424 304c | 895c 2438 | 448b 5c24 | 5044 895c | 2440 6690 

  0x00000288997e755c: ;   {runtime_call UncommonTrapBlob}
  0x00000288997e755c: c5f8 77e8 

  0x00000288997e7560: ; ImmutableOopMap {rbp=Oop [32]=Oop [40]=Oop [48]=Oop [72]=NarrowOop [76]=NarrowOop [84]=NarrowOop }
                      ;*invokevirtual maybeFlushOutput {reexecute=0 rethrow=0 return_oop=0}
                      ; - org.gradle.internal.logging.sink.GroupingProgressLogEventGenerator::onUpdateNow@47 (line 135)
                      ; - org.gradle.internal.logging.sink.GroupingProgressLogEventGenerator::onOutput@84 (line 80)
                      ; - org.gradle.internal.logging.console.BuildLogLevelFilterRenderer::onOutput@47 (line 41)
                      ; - org.gradle.internal.logging.console.WorkInProgressRenderer::onOutput@47 (line 76)
                      ; - org.gradle.internal.logging.console.BuildStatusRenderer::onOutput@293 (line 111)
  0x00000288997e7560: 9cf3 79ff | bade ffff | ff48 8b6c | 2438 4c8b | 4424 284c | 8944 2420 | 4489 5c24 | 284c 8954 
  0x00000288997e7580: 2430 6690 

  0x00000288997e7584: ;   {runtime_call UncommonTrapBlob}
  0x00000288997e7584: c5f8 77e8 

  0x00000288997e7588: ; ImmutableOopMap {rbp=Oop [32]=Oop [40]=NarrowOop [48]=Oop }
                      ;*invokeinterface values {reexecute=0 rethrow=0 return_oop=0}
                      ; - org.gradle.internal.logging.sink.GroupingProgressLogEventGenerator::onUpdateNow@12 (line 134)
                      ; - org.gradle.internal.logging.sink.GroupingProgressLogEventGenerator::onOutput@84 (line 80)
                      ; - org.gradle.internal.logging.console.BuildLogLevelFilterRenderer::onOutput@47 (line 41)
                      ; - org.gradle.internal.logging.console.WorkInProgressRenderer::onOutput@47 (line 76)
                      ; - org.gradle.internal.logging.console.BuildStatusRenderer::onOutput@293 (line 111)
  0x00000288997e7588: 74f3 79ff | bade ffff | ff4c 8954 | 2430 6690 

  0x00000288997e7598: ;   {runtime_call UncommonTrapBlob}
  0x00000288997e7598: c5f8 77e8 

  0x00000288997e759c: ; ImmutableOopMap {rbp=NarrowOop [40]=Oop [48]=Oop [56]=Oop }
                      ;*invokeinterface iterator {reexecute=0 rethrow=0 return_oop=0}
                      ; - org.gradle.internal.logging.sink.GroupingProgressLogEventGenerator::onUpdateNow@17 (line 134)
                      ; - org.gradle.internal.logging.sink.GroupingProgressLogEventGenerator::onOutput@84 (line 80)
                      ; - org.gradle.internal.logging.console.BuildLogLevelFilterRenderer::onOutput@47 (line 41)
                      ; - org.gradle.internal.logging.console.WorkInProgressRenderer::onOutput@47 (line 76)
                      ; - org.gradle.internal.logging.console.BuildStatusRenderer::onOutput@293 (line 111)
  0x00000288997e759c: 60f3 79ff | bade ffff | ff48 8b6c | 2438 4c8b | 5424 304c | 8954 2420 | 4c8b 5424 | 404c 8954 
  0x00000288997e75bc: 2428 4c8b | 5424 604c | 8954 2438 | 897c 2440 | 448b 5424 | 5044 8954 | 2444 4489 | 6c24 5090 
  0x00000288997e75dc: ;   {runtime_call UncommonTrapBlob}
  0x00000288997e75dc: c5f8 77e8 

  0x00000288997e75e0: ; ImmutableOopMap {rbp=Oop [32]=Oop [40]=Oop [56]=Oop [64]=NarrowOop [72]=NarrowOop [76]=NarrowOop [80]=NarrowOop [96]=Oop }
                      ;*invokeinterface isEmpty {reexecute=0 rethrow=0 return_oop=0}
                      ; - org.gradle.internal.logging.sink.GroupingProgressLogEventGenerator$OperationGroup::shouldForward@4 (line 290)
                      ; - org.gradle.internal.logging.sink.GroupingProgressLogEventGenerator$OperationGroup::flushOutput@1 (line 226)
                      ; - org.gradle.internal.logging.sink.GroupingProgressLogEventGenerator$OperationGroup::maybeFlushOutput@30 (line 252)
                      ; - org.gradle.internal.logging.sink.GroupingProgressLogEventGenerator::onUpdateNow@47 (line 135)
                      ; - org.gradle.internal.logging.sink.GroupingProgressLogEventGenerator::onOutput@84 (line 80)
                      ; - org.gradle.internal.logging.console.BuildLogLevelFilterRenderer::onOutput@47 (line 41)
                      ; - org.gradle.internal.logging.console.WorkInProgressRenderer::onOutput@47 (line 76)
                      ; - org.gradle.internal.logging.console.BuildStatusRenderer::onOutput@293 (line 111)
  0x00000288997e75e0: 1cf3 79ff | ba45 ffff | ff4c 8b54 | 2438 4c89 | 5424 204c | 8b54 2430 | 4c89 5424 | 284c 8b54 
  0x00000288997e7600: 2440 4c89 | 5424 304c | 8b54 2460 | 4c89 5424 | 404c 8954 | 2458 6690 

  0x00000288997e7618: ;   {runtime_call UncommonTrapBlob}
  0x00000288997e7618: c5f8 77e8 

  0x00000288997e761c: ; ImmutableOopMap {[32]=Oop [40]=Oop [48]=Oop [64]=Oop [72]=NarrowOop [76]=NarrowOop [84]=NarrowOop [88]=Oop }
                      ;*ifne {reexecute=1 rethrow=0 return_oop=0}
                      ; - (reexecute) org.gradle.internal.logging.sink.GroupingProgressLogEventGenerator$OperationGroup::shouldPrintHeader@7 (line 282)
                      ; - org.gradle.internal.logging.sink.GroupingProgressLogEventGenerator$OperationGroup::shouldForward@23 (line 290)
                      ; - org.gradle.internal.logging.sink.GroupingProgressLogEventGenerator$OperationGroup::flushOutput@1 (line 226)
                      ; - org.gradle.internal.logging.sink.GroupingProgressLogEventGenerator$OperationGroup::maybeFlushOutput@30 (line 252)
                      ; - org.gradle.internal.logging.sink.GroupingProgressLogEventGenerator::onUpdateNow@47 (line 135)
                      ; - org.gradle.internal.logging.sink.GroupingProgressLogEventGenerator::onOutput@84 (line 80)
                      ; - org.gradle.internal.logging.console.BuildLogLevelFilterRenderer::onOutput@47 (line 41)
                      ; - org.gradle.internal.logging.console.WorkInProgressRenderer::onOutput@47 (line 76)
                      ; - org.gradle.internal.logging.console.BuildStatusRenderer::onOutput@293 (line 111)
  0x00000288997e761c: e0f2 79ff | ba45 ffff | ff4c 8b54 | 2438 4c89 | 5424 204c | 8b54 2430 | 4c89 5424 | 284c 8b54 
  0x00000288997e763c: 2440 4c89 | 5424 304c | 895c 2440 

  0x00000288997e7648: ;   {runtime_call UncommonTrapBlob}
  0x00000288997e7648: c5f8 77e8 

  0x00000288997e764c: ; ImmutableOopMap {[32]=Oop [40]=Oop [48]=Oop [64]=Oop [72]=NarrowOop [76]=NarrowOop [84]=NarrowOop }
                      ;*ifeq {reexecute=1 rethrow=0 return_oop=0}
                      ; - (reexecute) org.gradle.internal.logging.sink.GroupingProgressLogEventGenerator$OperationGroup::statusIsFailed@4 (line 286)
                      ; - org.gradle.internal.logging.sink.GroupingProgressLogEventGenerator$OperationGroup::shouldForward@30 (line 290)
                      ; - org.gradle.internal.logging.sink.GroupingProgressLogEventGenerator$OperationGroup::flushOutput@1 (line 226)
                      ; - org.gradle.internal.logging.sink.GroupingProgressLogEventGenerator$OperationGroup::maybeFlushOutput@30 (line 252)
                      ; - org.gradle.internal.logging.sink.GroupingProgressLogEventGenerator::onUpdateNow@47 (line 135)
                      ; - org.gradle.internal.logging.sink.GroupingProgressLogEventGenerator::onOutput@84 (line 80)
                      ; - org.gradle.internal.logging.console.BuildLogLevelFilterRenderer::onOutput@47 (line 41)
                      ; - org.gradle.internal.logging.console.WorkInProgressRenderer::onOutput@47 (line 76)
                      ; - org.gradle.internal.logging.console.BuildStatusRenderer::onOutput@293 (line 111)
  0x00000288997e764c: b0f2 79ff | bade ffff | ff48 8b6c | 2438 4c8b | 5424 304c | 8954 2420 | 4c8b 5424 | 404c 8954 
  0x00000288997e766c: 2428 4c8b | 5424 604c | 8954 2438 | 897c 2440 | 448b 5c24 | 5044 895c | 2444 4489 | 6c24 5090 
  0x00000288997e768c: ;   {runtime_call UncommonTrapBlob}
  0x00000288997e768c: c5f8 77e8 

  0x00000288997e7690: ; ImmutableOopMap {rbp=Oop [32]=Oop [40]=Oop [56]=Oop [64]=NarrowOop [72]=NarrowOop [76]=NarrowOop [80]=NarrowOop [96]=Oop }
                      ;*invokeinterface isEmpty {reexecute=0 rethrow=0 return_oop=0}
                      ; - org.gradle.internal.logging.sink.GroupingProgressLogEventGenerator$OperationGroup::canClaimForeground@11 (line 261)
                      ; - org.gradle.internal.logging.sink.GroupingProgressLogEventGenerator$OperationGroup::maybeFlushOutput@23 (line 251)
                      ; - org.gradle.internal.logging.sink.GroupingProgressLogEventGenerator::onUpdateNow@47 (line 135)
                      ; - org.gradle.internal.logging.sink.GroupingProgressLogEventGenerator::onOutput@84 (line 80)
                      ; - org.gradle.internal.logging.console.BuildLogLevelFilterRenderer::onOutput@47 (line 41)
                      ; - org.gradle.internal.logging.console.WorkInProgressRenderer::onOutput@47 (line 76)
                      ; - org.gradle.internal.logging.console.BuildStatusRenderer::onOutput@293 (line 111)
  0x00000288997e7690: 6cf2 79ff 

  0x00000288997e7694: ;   {metadata('java/util/ArrayList$Itr')}
  0x00000288997e7694: 48ba 70af | 1aa5 8802 | 0000 488b | 6c24 3890 

  0x00000288997e76a4: ;   {runtime_call _new_instance_Java}
  0x00000288997e76a4: c5f8 77e8 

  0x00000288997e76a8: ; ImmutableOopMap {rbp=Oop [48]=Oop [56]=Oop [64]=Oop [72]=NarrowOop [76]=NarrowOop [84]=NarrowOop [88]=Oop [96]=Oop [104]=Oop [120]=Oop }
                      ;*new {reexecute=0 rethrow=0 return_oop=1}
                      ; - java.util.ArrayList::iterator@0 (line 947)
                      ; - org.gradle.internal.logging.sink.GroupingProgressLogEventGenerator$OperationGroup::flushOutput@109 (line 237)
                      ; - org.gradle.internal.logging.sink.GroupingProgressLogEventGenerator$OperationGroup::maybeFlushOutput@30 (line 252)
                      ; - org.gradle.internal.logging.sink.GroupingProgressLogEventGenerator::onUpdateNow@47 (line 135)
                      ; - org.gradle.internal.logging.sink.GroupingProgressLogEventGenerator::onOutput@84 (line 80)
                      ; - org.gradle.internal.logging.console.BuildLogLevelFilterRenderer::onOutput@47 (line 41)
                      ; - org.gradle.internal.logging.console.WorkInProgressRenderer::onOutput@47 (line 76)
                      ; - org.gradle.internal.logging.console.BuildStatusRenderer::onOutput@293 (line 111)
  0x00000288997e76a8: 548a 84ff | e930 e4ff | ff49 8bd7 | c5f8 7749 | ba50 ce2a | faf8 7f00 | 0041 ffd2 | e9fb d1ff 
  0x00000288997e76c8: ffba deff | ffff 488b | ee48 897c | 2420 894c | 2428 4489 | 4424 2c90 

  0x00000288997e76e0: ;   {runtime_call UncommonTrapBlob}
  0x00000288997e76e0: c5f8 77e8 

  0x00000288997e76e4: ; ImmutableOopMap {rbp=Oop [32]=Oop [40]=NarrowOop [44]=NarrowOop }
                      ;*invokeinterface add {reexecute=0 rethrow=0 return_oop=0}
                      ; - org.gradle.internal.logging.console.BuildStatusRenderer::onOutput@139 (line 91)
  0x00000288997e76e4: 18f2 79ff | ba45 ffff | ff49 ba00 | 0000 a588 | 0200 004d | 03d0 4d8b | 5270 498b | 2a4c 8b54 
  0x00000288997e7704: 2438 4c89 | 5424 204c | 8b54 2430 | 4c89 5424 | 284c 8b54 | 2440 4c89 | 5424 304c | 8b54 2460 
  0x00000288997e7724: 4c89 5424 | 4089 5c24 | 5844 895c | 245c 6690 

  0x00000288997e7734: ;   {runtime_call UncommonTrapBlob}
  0x00000288997e7734: c5f8 77e8 

  0x00000288997e7738: ; ImmutableOopMap {rbp=Oop [32]=Oop [40]=Oop [48]=Oop [64]=Oop [72]=NarrowOop [76]=NarrowOop [84]=NarrowOop [88]=NarrowOop [92]=NarrowOop }
                      ;*if_acmpeq {reexecute=1 rethrow=0 return_oop=0}
                      ; - (reexecute) org.gradle.internal.operations.OperationIdentifier::equals@19 (line 46)
                      ; - org.gradle.internal.logging.sink.GroupingProgressLogEventGenerator$OperationGroup::hasForeground@11 (line 265)
                      ; - org.gradle.internal.logging.sink.GroupingProgressLogEventGenerator$OperationGroup::canClaimForeground@1 (line 261)
                      ; - org.gradle.internal.logging.sink.GroupingProgressLogEventGenerator$OperationGroup::maybeFlushOutput@23 (line 251)
                      ; - org.gradle.internal.logging.sink.GroupingProgressLogEventGenerator::onUpdateNow@47 (line 135)
                      ; - org.gradle.internal.logging.sink.GroupingProgressLogEventGenerator::onOutput@84 (line 80)
                      ; - org.gradle.internal.logging.console.BuildLogLevelFilterRenderer::onOutput@47 (line 41)
                      ; - org.gradle.internal.logging.console.WorkInProgressRenderer::onOutput@47 (line 76)
                      ; - org.gradle.internal.logging.console.BuildStatusRenderer::onOutput@293 (line 111)
  0x00000288997e7738: c4f1 79ff | bac6 ffff | ff48 8974 | 2420 4889 | 7c24 2844 | 8944 2430 

  0x00000288997e7750: ;   {runtime_call UncommonTrapBlob}
  0x00000288997e7750: c5f8 77e8 

  0x00000288997e7754: ; ImmutableOopMap {rbp=NarrowOop [32]=Oop [40]=Oop [48]=NarrowOop }
                      ;*invokevirtual put {reexecute=0 rethrow=0 return_oop=0}
                      ; - java.util.HashSet::add@8 (line 221)
                      ; - org.gradle.internal.logging.console.BuildStatusRenderer::onOutput@139 (line 91)
  0x00000288997e7754: a8f1 79ff | bade ffff | ff4c 8b5c | 2438 4c89 | 5c24 204c | 8b5c 2430 | 4c89 5c24 | 284c 8b5c 
  0x00000288997e7774: 2440 4c89 | 5c24 304c | 8944 2438 | 4c89 5424 | 6044 8b54 | 2450 4489 | 5424 4444 | 8b5c 2454 
  0x00000288997e7794: 4489 5c24 | 5066 6690 

  0x00000288997e779c: ;   {runtime_call UncommonTrapBlob}
  0x00000288997e779c: c5f8 77e8 

  0x00000288997e77a0: ; ImmutableOopMap {rbp=NarrowOop [32]=Oop [40]=Oop [48]=Oop [56]=Oop [72]=NarrowOop [76]=NarrowOop [80]=NarrowOop [96]=Oop [128]=Oop }
                      ;*invokeinterface onOutput {reexecute=0 rethrow=0 return_oop=0}
                      ; - org.gradle.internal.logging.sink.GroupingProgressLogEventGenerator$OperationGroup::flushOutput@147 (line 239)
                      ; - org.gradle.internal.logging.sink.GroupingProgressLogEventGenerator$OperationGroup::maybeFlushOutput@30 (line 252)
                      ; - org.gradle.internal.logging.sink.GroupingProgressLogEventGenerator::onUpdateNow@47 (line 135)
                      ; - org.gradle.internal.logging.sink.GroupingProgressLogEventGenerator::onOutput@84 (line 80)
                      ; - org.gradle.internal.logging.console.BuildLogLevelFilterRenderer::onOutput@47 (line 41)
                      ; - org.gradle.internal.logging.console.WorkInProgressRenderer::onOutput@47 (line 76)
                      ; - org.gradle.internal.logging.console.BuildStatusRenderer::onOutput@293 (line 111)
  0x00000288997e77a0: 5cf1 79ff | bade ffff | ff4c 8b54 | 2438 4c89 | 5424 204c | 8b54 2430 | 4c89 5424 | 284c 8b54 
  0x00000288997e77c0: 2440 4c89 | 5424 3044 | 8b54 2450 | 4489 5424 | 4444 8b5c | 2454 4489 | 5c24 5090 

  0x00000288997e77dc: ;   {runtime_call UncommonTrapBlob}
  0x00000288997e77dc: c5f8 77e8 

  0x00000288997e77e0: ; ImmutableOopMap {rbp=NarrowOop [32]=Oop [40]=Oop [48]=Oop [72]=NarrowOop [76]=NarrowOop [80]=NarrowOop [96]=Oop }
                      ;*invokeinterface iterator {reexecute=0 rethrow=0 return_oop=0}
                      ; - org.gradle.internal.logging.sink.GroupingProgressLogEventGenerator$OperationGroup::flushOutput@109 (line 237)
                      ; - org.gradle.internal.logging.sink.GroupingProgressLogEventGenerator$OperationGroup::maybeFlushOutput@30 (line 252)
                      ; - org.gradle.internal.logging.sink.GroupingProgressLogEventGenerator::onUpdateNow@47 (line 135)
                      ; - org.gradle.internal.logging.sink.GroupingProgressLogEventGenerator::onOutput@84 (line 80)
                      ; - org.gradle.internal.logging.console.BuildLogLevelFilterRenderer::onOutput@47 (line 41)
                      ; - org.gradle.internal.logging.console.WorkInProgressRenderer::onOutput@47 (line 76)
                      ; - org.gradle.internal.logging.console.BuildStatusRenderer::onOutput@293 (line 111)
  0x00000288997e77e0: 1cf1 79ff | bade ffff | ff4c 8b54 | 2438 4c89 | 5424 204c | 8b54 2430 | 4c89 5424 | 284c 8b54 
  0x00000288997e7800: 2440 4c89 | 5424 3044 | 8b54 2450 | 4489 5424 | 4444 8b5c | 2454 4489 | 5c24 5090 

  0x00000288997e781c: ;   {runtime_call UncommonTrapBlob}
  0x00000288997e781c: c5f8 77e8 

  0x00000288997e7820: ; ImmutableOopMap {rbp=Oop [32]=Oop [40]=Oop [48]=Oop [72]=NarrowOop [76]=NarrowOop [80]=NarrowOop [96]=Oop }
                      ;*invokeinterface hasNext {reexecute=0 rethrow=0 return_oop=0}
                      ; - org.gradle.internal.logging.sink.GroupingProgressLogEventGenerator$OperationGroup::flushOutput@116 (line 237)
                      ; - org.gradle.internal.logging.sink.GroupingProgressLogEventGenerator$OperationGroup::maybeFlushOutput@30 (line 252)
                      ; - org.gradle.internal.logging.sink.GroupingProgressLogEventGenerator::onUpdateNow@47 (line 135)
                      ; - org.gradle.internal.logging.sink.GroupingProgressLogEventGenerator::onOutput@84 (line 80)
                      ; - org.gradle.internal.logging.console.BuildLogLevelFilterRenderer::onOutput@47 (line 41)
                      ; - org.gradle.internal.logging.console.WorkInProgressRenderer::onOutput@47 (line 76)
                      ; - org.gradle.internal.logging.console.BuildStatusRenderer::onOutput@293 (line 111)
  0x00000288997e7820: dcf0 79ff | bade ffff | ff4c 8b54 | 2438 4c89 | 5424 204c | 8b54 2430 | 4c89 5424 | 284c 8b54 
  0x00000288997e7840: 2440 4c89 | 5424 3044 | 8b54 2450 | 4489 5424 | 4066 6690 

  0x00000288997e7854: ;   {runtime_call UncommonTrapBlob}
  0x00000288997e7854: c5f8 77e8 

  0x00000288997e7858: ; ImmutableOopMap {rbp=NarrowOop [32]=Oop [40]=Oop [48]=Oop [72]=NarrowOop [76]=NarrowOop [84]=NarrowOop [96]=Oop }
                      ;*invokeinterface clear {reexecute=0 rethrow=0 return_oop=0}
                      ; - org.gradle.internal.logging.sink.GroupingProgressLogEventGenerator$OperationGroup::flushOutput@168 (line 243)
                      ; - org.gradle.internal.logging.sink.GroupingProgressLogEventGenerator$OperationGroup::maybeFlushOutput@30 (line 252)
                      ; - org.gradle.internal.logging.sink.GroupingProgressLogEventGenerator::onUpdateNow@47 (line 135)
                      ; - org.gradle.internal.logging.sink.GroupingProgressLogEventGenerator::onOutput@84 (line 80)
                      ; - org.gradle.internal.logging.console.BuildLogLevelFilterRenderer::onOutput@47 (line 41)
                      ; - org.gradle.internal.logging.console.WorkInProgressRenderer::onOutput@47 (line 76)
                      ; - org.gradle.internal.logging.console.BuildStatusRenderer::onOutput@293 (line 111)
  0x00000288997e7858: a4f0 79ff | bade ffff | ff4c 8b5c | 2438 4c89 | 5c24 204c | 8b5c 2430 | 4c89 5c24 | 284c 8b5c 
  0x00000288997e7878: 2440 4c89 | 5c24 3048 | 8944 2458 | 448b 5c24 | 5044 895c | 2444 448b | 5424 5444 | 8954 2450 
  0x00000288997e7898: ;   {runtime_call UncommonTrapBlob}
  0x00000288997e7898: c5f8 77e8 

  0x00000288997e789c: ; ImmutableOopMap {rbp=NarrowOop [32]=Oop [40]=Oop [48]=Oop [72]=NarrowOop [76]=NarrowOop [80]=NarrowOop [88]=Oop [96]=Oop }
                      ;*invokeinterface onOutput {reexecute=0 rethrow=0 return_oop=0}
                      ; - org.gradle.internal.logging.sink.GroupingProgressLogEventGenerator$OperationGroup::flushOutput@71 (line 230)
                      ; - org.gradle.internal.logging.sink.GroupingProgressLogEventGenerator$OperationGroup::maybeFlushOutput@30 (line 252)
                      ; - org.gradle.internal.logging.sink.GroupingProgressLogEventGenerator::onUpdateNow@47 (line 135)
                      ; - org.gradle.internal.logging.sink.GroupingProgressLogEventGenerator::onOutput@84 (line 80)
                      ; - org.gradle.internal.logging.console.BuildLogLevelFilterRenderer::onOutput@47 (line 41)
                      ; - org.gradle.internal.logging.console.WorkInProgressRenderer::onOutput@47 (line 76)
                      ; - org.gradle.internal.logging.console.BuildStatusRenderer::onOutput@293 (line 111)
  0x00000288997e789c: 60f0 79ff | bade ffff | ff4c 8b5c | 2438 4c89 | 5c24 204c | 8b5c 2430 | 4c89 5c24 | 284c 8b5c 
  0x00000288997e78bc: 2440 4c89 | 5c24 3048 | 8944 2458 | 448b 5c24 | 5044 895c | 2444 448b | 5424 5444 | 8954 2450 
  0x00000288997e78dc: ;   {runtime_call UncommonTrapBlob}
  0x00000288997e78dc: c5f8 77e8 

  0x00000288997e78e0: ; ImmutableOopMap {rbp=NarrowOop [32]=Oop [40]=Oop [48]=Oop [72]=NarrowOop [76]=NarrowOop [80]=NarrowOop [88]=Oop [96]=Oop }
                      ;*invokeinterface onOutput {reexecute=0 rethrow=0 return_oop=0}
                      ; - org.gradle.internal.logging.sink.GroupingProgressLogEventGenerator$OperationGroup::flushOutput@87 (line 232)
                      ; - org.gradle.internal.logging.sink.GroupingProgressLogEventGenerator$OperationGroup::maybeFlushOutput@30 (line 252)
                      ; - org.gradle.internal.logging.sink.GroupingProgressLogEventGenerator::onUpdateNow@47 (line 135)
                      ; - org.gradle.internal.logging.sink.GroupingProgressLogEventGenerator::onOutput@84 (line 80)
                      ; - org.gradle.internal.logging.console.BuildLogLevelFilterRenderer::onOutput@47 (line 41)
                      ; - org.gradle.internal.logging.console.WorkInProgressRenderer::onOutput@47 (line 76)
                      ; - org.gradle.internal.logging.console.BuildStatusRenderer::onOutput@293 (line 111)
  0x00000288997e78e0: 1cf0 79ff | baf6 ffff | ff66 6690 

  0x00000288997e78ec: ;   {runtime_call UncommonTrapBlob}
  0x00000288997e78ec: c5f8 77e8 

  0x00000288997e78f0: ; ImmutableOopMap {}
                      ;*getfield needHeaderSeparator {reexecute=1 rethrow=0 return_oop=0}
                      ; - (reexecute) org.gradle.internal.logging.sink.GroupingProgressLogEventGenerator::access$600@1 (line 49)
                      ; - org.gradle.internal.logging.sink.GroupingProgressLogEventGenerator$OperationGroup::flushOutput@43 (line 229)
                      ; - org.gradle.internal.logging.sink.GroupingProgressLogEventGenerator$OperationGroup::maybeFlushOutput@30 (line 252)
                      ; - org.gradle.internal.logging.sink.GroupingProgressLogEventGenerator::onUpdateNow@47 (line 135)
                      ; - org.gradle.internal.logging.sink.GroupingProgressLogEventGenerator::onOutput@84 (line 80)
                      ; - org.gradle.internal.logging.console.BuildLogLevelFilterRenderer::onOutput@47 (line 41)
                      ; - org.gradle.internal.logging.console.WorkInProgressRenderer::onOutput@47 (line 76)
                      ; - org.gradle.internal.logging.console.BuildStatusRenderer::onOutput@293 (line 111)
  0x00000288997e78f0: 0cf0 79ff | 498b d7c5 | f877 49ba | 50ce 2afa | f87f 0000 | 41ff d2e9 | b2fb ffff | ba45 ffff 
  0x00000288997e7910: ff49 ba00 | 0000 a588 | 0200 004d | 03d0 4d8b | 5270 498b | 2a4c 8b54 | 2438 4c89 | 5424 204c 
  0x00000288997e7930: 8b54 2430 | 4c89 5424 | 284c 8b54 | 2440 4c89 | 5424 3089 | 5c24 4489 | 4c24 5890 

  0x00000288997e794c: ;   {runtime_call UncommonTrapBlob}
  0x00000288997e794c: c5f8 77e8 

  0x00000288997e7950: ; ImmutableOopMap {rbp=Oop [32]=Oop [40]=Oop [48]=Oop [68]=NarrowOop [72]=NarrowOop [76]=NarrowOop [84]=NarrowOop [88]=NarrowOop [96]=Oop }
                      ;*if_acmpeq {reexecute=1 rethrow=0 return_oop=0}
                      ; - (reexecute) org.gradle.internal.operations.OperationIdentifier::equals@19 (line 46)
                      ; - org.gradle.internal.logging.sink.GroupingProgressLogEventGenerator$OperationGroup::hasForeground@11 (line 265)
                      ; - org.gradle.internal.logging.sink.GroupingProgressLogEventGenerator$OperationGroup::flushOutput@26 (line 228)
                      ; - org.gradle.internal.logging.sink.GroupingProgressLogEventGenerator$OperationGroup::maybeFlushOutput@30 (line 252)
                      ; - org.gradle.internal.logging.sink.GroupingProgressLogEventGenerator::onUpdateNow@47 (line 135)
                      ; - org.gradle.internal.logging.sink.GroupingProgressLogEventGenerator::onOutput@84 (line 80)
                      ; - org.gradle.internal.logging.console.BuildLogLevelFilterRenderer::onOutput@47 (line 41)
                      ; - org.gradle.internal.logging.console.WorkInProgressRenderer::onOutput@47 (line 76)
                      ; - org.gradle.internal.logging.console.BuildStatusRenderer::onOutput@293 (line 111)
  0x00000288997e7950: acef 79ff | bade ffff | ff48 8b6c | 2438 4c89 | 4c24 2890 

  0x00000288997e7964: ;   {runtime_call UncommonTrapBlob}
  0x00000288997e7964: c5f8 77e8 

  0x00000288997e7968: ; ImmutableOopMap {rbp=Oop [40]=Oop [48]=Oop }
                      ;*instanceof {reexecute=0 rethrow=0 return_oop=0}
                      ; - org.gradle.internal.logging.sink.GroupingProgressLogEventGenerator::onOutput@91 (line 81)
                      ; - org.gradle.internal.logging.console.BuildLogLevelFilterRenderer::onOutput@47 (line 41)
                      ; - org.gradle.internal.logging.console.WorkInProgressRenderer::onOutput@47 (line 76)
                      ; - org.gradle.internal.logging.console.BuildStatusRenderer::onOutput@293 (line 111)
  0x00000288997e7968: 94ef 79ff | bade ffff | ff4c 8954 | 2420 4c89 | 5c24 2848 | 8944 2430 

  0x00000288997e7980: ;   {runtime_call UncommonTrapBlob}
  0x00000288997e7980: c5f8 77e8 

  0x00000288997e7984: ; ImmutableOopMap {rbp=NarrowOop [32]=Oop [40]=Oop [48]=Oop }
                      ;*checkcast {reexecute=0 rethrow=0 return_oop=0}
                      ; - org.fusesource.jansi.Ansi::isEnabled@6 (line 187)
                      ; - org.fusesource.jansi.Ansi::ansi@0 (line 191)
                      ; - org.gradle.internal.logging.console.DefaultAnsiFactory::create@15 (line 33)
                      ; - org.gradle.internal.logging.console.DefaultAnsiExecutor::write@4 (line 47)
                      ; - org.gradle.internal.logging.console.AnsiConsole::redraw@58 (line 79)
                      ; - org.gradle.internal.logging.console.AnsiConsole::flush@1 (line 55)
                      ; - org.gradle.internal.logging.console.BuildStatusRenderer::renderNow@37 (line 125)
                      ; - org.gradle.internal.logging.console.BuildStatusRenderer::onOutput@321 (line 115)
  0x00000288997e7984: 78ef 79ff | bade ffff | ff48 8bee | 4c89 4424 | 2866 6690 

  0x00000288997e7998: ;   {runtime_call UncommonTrapBlob}
  0x00000288997e7998: c5f8 77e8 

  0x00000288997e799c: ; ImmutableOopMap {rbp=Oop [40]=Oop }
                      ;*checkcast {reexecute=0 rethrow=0 return_oop=0}
                      ; - org.gradle.internal.logging.console.BuildStatusRenderer::onOutput@8 (line 75)
  0x00000288997e799c: 60ef 79ff | bade ffff | ff48 8bee | 4c89 4424 | 2866 6690 

  0x00000288997e79b0: ;   {runtime_call UncommonTrapBlob}
  0x00000288997e79b0: c5f8 77e8 

  0x00000288997e79b4: ; ImmutableOopMap {rbp=Oop [40]=Oop }
                      ;*checkcast {reexecute=0 rethrow=0 return_oop=0}
                      ; - org.gradle.internal.logging.console.BuildStatusRenderer::onOutput@242 (line 103)
  0x00000288997e79b4: 48ef 79ff | bade ffff | ff4c 8b5c | 2430 4c89 | 5c24 204c | 8b5c 2440 | 4c89 5c24 | 2848 8944 
  0x00000288997e79d4: 2458 448b | 5424 5044 | 8954 243c | 448b 5c24 | 5444 895c | 2450 6690 

  0x00000288997e79ec: ;   {runtime_call UncommonTrapBlob}
  0x00000288997e79ec: c5f8 77e8 

  0x00000288997e79f0: ; ImmutableOopMap {rbp=Oop [32]=Oop [40]=Oop [72]=NarrowOop [76]=NarrowOop [80]=NarrowOop [88]=Oop [96]=Oop [128]=Oop }
                      ;*checkcast {reexecute=0 rethrow=0 return_oop=0}
                      ; - org.gradle.internal.logging.sink.GroupingProgressLogEventGenerator$OperationGroup::flushOutput@130 (line 237)
                      ; - org.gradle.internal.logging.sink.GroupingProgressLogEventGenerator$OperationGroup::maybeFlushOutput@30 (line 252)
                      ; - org.gradle.internal.logging.sink.GroupingProgressLogEventGenerator::onUpdateNow@47 (line 135)
                      ; - org.gradle.internal.logging.sink.GroupingProgressLogEventGenerator::onOutput@84 (line 80)
                      ; - org.gradle.internal.logging.console.BuildLogLevelFilterRenderer::onOutput@47 (line 41)
                      ; - org.gradle.internal.logging.console.WorkInProgressRenderer::onOutput@47 (line 76)
                      ; - org.gradle.internal.logging.console.BuildStatusRenderer::onOutput@293 (line 111)
  0x00000288997e79f0: 0cef 79ff | bade ffff | ff48 8b6c | 2438 4c89 | 4c24 2890 

  0x00000288997e7a04: ;   {runtime_call UncommonTrapBlob}
  0x00000288997e7a04: c5f8 77e8 

  0x00000288997e7a08: ; ImmutableOopMap {rbp=Oop [40]=Oop [48]=Oop }
                      ;*checkcast {reexecute=0 rethrow=0 return_oop=0}
                      ; - org.gradle.internal.logging.sink.GroupingProgressLogEventGenerator::onOutput@27 (line 74)
                      ; - org.gradle.internal.logging.console.BuildLogLevelFilterRenderer::onOutput@47 (line 41)
                      ; - org.gradle.internal.logging.console.WorkInProgressRenderer::onOutput@47 (line 76)
                      ; - org.gradle.internal.logging.console.BuildStatusRenderer::onOutput@293 (line 111)
  0x00000288997e7a08: f4ee 79ff | baf4 ffff | ff49 8bea 

  0x00000288997e7a14: ;   {runtime_call UncommonTrapBlob}
  0x00000288997e7a14: c5f8 77e8 

  0x00000288997e7a18: ; ImmutableOopMap {rbp=Oop }
                      ;*instanceof {reexecute=0 rethrow=0 return_oop=0}
                      ; - org.gradle.internal.logging.console.BuildStatusRenderer::onOutput@1 (line 74)
  0x00000288997e7a18: e4ee 79ff | baf6 ffff | ff49 8bee 

  0x00000288997e7a24: ;   {runtime_call UncommonTrapBlob}
  0x00000288997e7a24: c5f8 77e8 

  0x00000288997e7a28: ; ImmutableOopMap {rbp=Oop }
                      ;*invokeinterface onOutput {reexecute=0 rethrow=0 return_oop=0}
                      ; - org.gradle.internal.logging.console.BuildStatusRenderer::onOutput@293 (line 111)
  0x00000288997e7a28: d4ee 79ff | baf6 ffff | ff49 8bee 

  0x00000288997e7a34: ;   {runtime_call UncommonTrapBlob}
  0x00000288997e7a34: c5f8 77e8 

  0x00000288997e7a38: ; ImmutableOopMap {rbp=Oop }
                      ;*invokeinterface add {reexecute=0 rethrow=0 return_oop=0}
                      ; - org.gradle.internal.logging.console.WorkInProgressRenderer::onOutput@5 (line 68)
                      ; - org.gradle.internal.logging.console.BuildStatusRenderer::onOutput@293 (line 111)
  0x00000288997e7a38: c4ee 79ff | baf6 ffff | ff66 6690 

  0x00000288997e7a44: ;   {runtime_call UncommonTrapBlob}
  0x00000288997e7a44: c5f8 77e8 

  0x00000288997e7a48: ; ImmutableOopMap {}
                      ;*arraylength {reexecute=0 rethrow=0 return_oop=0}
                      ; - java.util.ArrayList::add@2 (line 453)
                      ; - java.util.ArrayList::add@20 (line 467)
                      ; - org.gradle.internal.logging.console.WorkInProgressRenderer::onOutput@5 (line 68)
                      ; - org.gradle.internal.logging.console.BuildStatusRenderer::onOutput@293 (line 111)
  0x00000288997e7a48: b4ee 79ff | baf6 ffff | ff49 8bee 

  0x00000288997e7a54: ;   {runtime_call UncommonTrapBlob}
  0x00000288997e7a54: c5f8 77e8 

  0x00000288997e7a58: ; ImmutableOopMap {rbp=Oop }
                      ;*invokeinterface onOutput {reexecute=0 rethrow=0 return_oop=0}
                      ; - org.gradle.internal.logging.console.WorkInProgressRenderer::onOutput@47 (line 76)
                      ; - org.gradle.internal.logging.console.BuildStatusRenderer::onOutput@293 (line 111)
  0x00000288997e7a58: a4ee 79ff | baf6 ffff | ff48 8b6c | 2428 6690 

  0x00000288997e7a68: ;   {runtime_call UncommonTrapBlob}
  0x00000288997e7a68: c5f8 77e8 

  0x00000288997e7a6c: ; ImmutableOopMap {rbp=Oop }
                      ;*invokeinterface onOutput {reexecute=0 rethrow=0 return_oop=0}
                      ; - org.gradle.internal.logging.console.BuildLogLevelFilterRenderer::onOutput@47 (line 41)
                      ; - org.gradle.internal.logging.console.WorkInProgressRenderer::onOutput@47 (line 76)
                      ; - org.gradle.internal.logging.console.BuildStatusRenderer::onOutput@293 (line 111)
  0x00000288997e7a6c: 90ee 79ff | baf6 ffff | ff66 6690 

  0x00000288997e7a78: ;   {runtime_call UncommonTrapBlob}
  0x00000288997e7a78: c5f8 77e8 

  0x00000288997e7a7c: ; ImmutableOopMap {}
                      ;*invokevirtual isGrouped {reexecute=0 rethrow=0 return_oop=0}
                      ; - org.gradle.internal.logging.sink.GroupingProgressLogEventGenerator::onStart@4 (line 87)
                      ; - org.gradle.internal.logging.sink.GroupingProgressLogEventGenerator::onOutput@12 (line 72)
                      ; - org.gradle.internal.logging.console.BuildLogLevelFilterRenderer::onOutput@47 (line 41)
                      ; - org.gradle.internal.logging.console.WorkInProgressRenderer::onOutput@47 (line 76)
                      ; - org.gradle.internal.logging.console.BuildStatusRenderer::onOutput@293 (line 111)
  0x00000288997e7a7c: 80ee 79ff | baf6 ffff | ff66 6690 

  0x00000288997e7a88: ;   {runtime_call UncommonTrapBlob}
  0x00000288997e7a88: c5f8 77e8 

  0x00000288997e7a8c: ; ImmutableOopMap {}
                      ;*invokevirtual trim {reexecute=0 rethrow=0 return_oop=0}
                      ; - org.gradle.internal.time.TimeFormatting::formatDurationTerse@119 (line 63)
                      ; - org.gradle.internal.logging.format.TersePrettyDurationFormatter::format@1 (line 25)
                      ; - org.gradle.internal.logging.console.ProgressBar::formatProgress@5 (line 89)
                      ; - org.gradle.internal.logging.console.BuildStatusRenderer::renderNow@25 (line 123)
                      ; - org.gradle.internal.logging.console.BuildStatusRenderer::onOutput@321 (line 115)
  0x00000288997e7a8c: 70ee 79ff | baf6 ffff | ff66 6690 

  0x00000288997e7a98: ;   {runtime_call UncommonTrapBlob}
  0x00000288997e7a98: c5f8 77e8 

  0x00000288997e7a9c: ; ImmutableOopMap {}
                      ;*arraylength {reexecute=0 rethrow=0 return_oop=0}
                      ; - java.lang.StringLatin1::trim@1 (line 588)
                      ; - java.lang.String::trim@11 (line 3534)
                      ; - org.gradle.internal.time.TimeFormatting::formatDurationTerse@119 (line 63)
                      ; - org.gradle.internal.logging.format.TersePrettyDurationFormatter::format@1 (line 25)
                      ; - org.gradle.internal.logging.console.ProgressBar::formatProgress@5 (line 89)
                      ; - org.gradle.internal.logging.console.BuildStatusRenderer::renderNow@25 (line 123)
                      ; - org.gradle.internal.logging.console.BuildStatusRenderer::onOutput@321 (line 115)
  0x00000288997e7a9c: 60ee 79ff | baf6 ffff | ff41 8bed 

  0x00000288997e7aa8: ;   {runtime_call UncommonTrapBlob}
  0x00000288997e7aa8: c5f8 77e8 

  0x00000288997e7aac: ; ImmutableOopMap {rbp=NarrowOop }
                      ;*invokeinterface setText {reexecute=0 rethrow=0 return_oop=0}
                      ; - org.gradle.internal.logging.console.BuildStatusRenderer::renderNow@28 (line 123)
                      ; - org.gradle.internal.logging.console.BuildStatusRenderer::onOutput@321 (line 115)
  0x00000288997e7aac: 50ee 79ff | baf6 ffff | ff66 6690 

  0x00000288997e7ab8: ;   {runtime_call UncommonTrapBlob}
  0x00000288997e7ab8: c5f8 77e8 

  0x00000288997e7abc: ; ImmutableOopMap {}
                      ;*invokeinterface flush {reexecute=0 rethrow=0 return_oop=0}
                      ; - org.gradle.internal.logging.console.BuildStatusRenderer::renderNow@37 (line 125)
                      ; - org.gradle.internal.logging.console.BuildStatusRenderer::onOutput@321 (line 115)
  0x00000288997e7abc: 40ee 79ff | baf6 ffff | ff49 8bea 

  0x00000288997e7ac8: ;   {runtime_call UncommonTrapBlob}
  0x00000288997e7ac8: c5f8 77e8 

  0x00000288997e7acc: ; ImmutableOopMap {rbp=Oop }
                      ;*invokevirtual getWritePosition {reexecute=0 rethrow=0 return_oop=0}
                      ; - org.gradle.internal.logging.console.AnsiConsole::redraw@4 (line 65)
                      ; - org.gradle.internal.logging.console.AnsiConsole::flush@1 (line 55)
                      ; - org.gradle.internal.logging.console.BuildStatusRenderer::renderNow@37 (line 125)
                      ; - org.gradle.internal.logging.console.BuildStatusRenderer::onOutput@321 (line 115)
  0x00000288997e7acc: 30ee 79ff | baf6 ffff | ff49 8bea 

  0x00000288997e7ad8: ;   {runtime_call UncommonTrapBlob}
  0x00000288997e7ad8: c5f8 77e8 

  0x00000288997e7adc: ; ImmutableOopMap {rbp=Oop }
                      ;*getfield row {reexecute=1 rethrow=0 return_oop=0}
                      ; - (reexecute) org.gradle.internal.logging.console.AnsiConsole::redraw@7 (line 65)
                      ; - org.gradle.internal.logging.console.AnsiConsole::flush@1 (line 55)
                      ; - org.gradle.internal.logging.console.BuildStatusRenderer::renderNow@37 (line 125)
                      ; - org.gradle.internal.logging.console.BuildStatusRenderer::onOutput@321 (line 115)
  0x00000288997e7adc: 20ee 79ff | baf6 ffff | ff49 8bea 

  0x00000288997e7ae8: ;   {runtime_call UncommonTrapBlob}
  0x00000288997e7ae8: c5f8 77e8 

  0x00000288997e7aec: ; ImmutableOopMap {rbp=Oop }
                      ;*invokevirtual getWritePosition {reexecute=0 rethrow=0 return_oop=0}
                      ; - org.gradle.internal.logging.console.AnsiConsole::redraw@14 (line 65)
                      ; - org.gradle.internal.logging.console.AnsiConsole::flush@1 (line 55)
                      ; - org.gradle.internal.logging.console.BuildStatusRenderer::renderNow@37 (line 125)
                      ; - org.gradle.internal.logging.console.BuildStatusRenderer::onOutput@321 (line 115)
  0x00000288997e7aec: 10ee 79ff | baf6 ffff | ff49 8bea 

  0x00000288997e7af8: ;   {runtime_call UncommonTrapBlob}
  0x00000288997e7af8: c5f8 77e8 

  0x00000288997e7afc: ; ImmutableOopMap {rbp=Oop }
                      ;*getfield row {reexecute=1 rethrow=0 return_oop=0}
                      ; - (reexecute) org.gradle.internal.logging.console.AnsiConsole::redraw@17 (line 65)
                      ; - org.gradle.internal.logging.console.AnsiConsole::flush@1 (line 55)
                      ; - org.gradle.internal.logging.console.BuildStatusRenderer::renderNow@37 (line 125)
                      ; - org.gradle.internal.logging.console.BuildStatusRenderer::onOutput@321 (line 115)
  0x00000288997e7afc: 00ee 79ff | baf6 ffff | ff4c 8954 | 2420 6690 

  0x00000288997e7b0c: ;   {runtime_call UncommonTrapBlob}
  0x00000288997e7b0c: c5f8 77e8 

  0x00000288997e7b10: ; ImmutableOopMap {rbp=NarrowOop [32]=Oop }
                      ;*invokeinterface write {reexecute=0 rethrow=0 return_oop=0}
                      ; - org.gradle.internal.logging.console.AnsiConsole::redraw@58 (line 79)
                      ; - org.gradle.internal.logging.console.AnsiConsole::flush@1 (line 55)
                      ; - org.gradle.internal.logging.console.BuildStatusRenderer::renderNow@37 (line 125)
                      ; - org.gradle.internal.logging.console.BuildStatusRenderer::onOutput@321 (line 115)
  0x00000288997e7b10: eced 79ff | baf6 ffff | ff49 8bea 

  0x00000288997e7b1c: ;   {runtime_call UncommonTrapBlob}
  0x00000288997e7b1c: c5f8 77e8 

  0x00000288997e7b20: ; ImmutableOopMap {rbp=Oop }
                      ;*invokeinterface create {reexecute=0 rethrow=0 return_oop=0}
                      ; - org.gradle.internal.logging.console.DefaultAnsiExecutor::write@4 (line 47)
                      ; - org.gradle.internal.logging.console.AnsiConsole::redraw@58 (line 79)
                      ; - org.gradle.internal.logging.console.AnsiConsole::flush@1 (line 55)
                      ; - org.gradle.internal.logging.console.BuildStatusRenderer::renderNow@37 (line 125)
                      ; - org.gradle.internal.logging.console.BuildStatusRenderer::onOutput@321 (line 115)
  0x00000288997e7b20: dced 79ff | baf4 ffff | ff4c 8954 | 2420 4c89 | 5c24 2890 

  0x00000288997e7b34: ;   {runtime_call UncommonTrapBlob}
  0x00000288997e7b34: c5f8 77e8 

  0x00000288997e7b38: ; ImmutableOopMap {rbp=NarrowOop [32]=Oop [40]=Oop }
                      ;*checkcast {reexecute=0 rethrow=0 return_oop=0}
                      ; - org.fusesource.jansi.Ansi::isEnabled@6 (line 187)
                      ; - org.fusesource.jansi.Ansi::ansi@0 (line 191)
                      ; - org.gradle.internal.logging.console.DefaultAnsiFactory::create@15 (line 33)
                      ; - org.gradle.internal.logging.console.DefaultAnsiExecutor::write@4 (line 47)
                      ; - org.gradle.internal.logging.console.AnsiConsole::redraw@58 (line 79)
                      ; - org.gradle.internal.logging.console.AnsiConsole::flush@1 (line 55)
                      ; - org.gradle.internal.logging.console.BuildStatusRenderer::renderNow@37 (line 125)
                      ; - org.gradle.internal.logging.console.BuildStatusRenderer::onOutput@321 (line 115)
  0x00000288997e7b38: c4ed 79ff | baf6 ffff | ff48 8944 | 2420 6690 

  0x00000288997e7b48: ;   {runtime_call UncommonTrapBlob}
  0x00000288997e7b48: c5f8 77e8 

  0x00000288997e7b4c: ; ImmutableOopMap {[32]=Oop [40]=Oop }
                      ;*invokeinterface execute {reexecute=0 rethrow=0 return_oop=0}
                      ; - org.gradle.internal.logging.console.DefaultAnsiExecutor::write@28 (line 48)
                      ; - org.gradle.internal.logging.console.AnsiConsole::redraw@58 (line 79)
                      ; - org.gradle.internal.logging.console.AnsiConsole::flush@1 (line 55)
                      ; - org.gradle.internal.logging.console.BuildStatusRenderer::renderNow@37 (line 125)
                      ; - org.gradle.internal.logging.console.BuildStatusRenderer::onOutput@321 (line 115)
  0x00000288997e7b4c: b0ed 79ff | baf6 ffff | ff66 6690 

  0x00000288997e7b58: ;   {runtime_call UncommonTrapBlob}
  0x00000288997e7b58: c5f8 77e8 

  0x00000288997e7b5c: ; ImmutableOopMap {[40]=Oop }
                      ;*getfield buildStatusArea {reexecute=1 rethrow=0 return_oop=0}
                      ; - (reexecute) org.gradle.internal.logging.console.AnsiConsole::access$000@1 (line 26)
                      ; - org.gradle.internal.logging.console.AnsiConsole$1::execute@4 (line 30)
                      ; - org.gradle.internal.logging.console.AnsiConsole$1::execute@5 (line 27)
                      ; - org.gradle.internal.logging.console.DefaultAnsiExecutor::write@28 (line 48)
                      ; - org.gradle.internal.logging.console.AnsiConsole::redraw@58 (line 79)
                      ; - org.gradle.internal.logging.console.AnsiConsole::flush@1 (line 55)
                      ; - org.gradle.internal.logging.console.BuildStatusRenderer::renderNow@37 (line 125)
                      ; - org.gradle.internal.logging.console.BuildStatusRenderer::onOutput@321 (line 115)
  0x00000288997e7b5c: a0ed 79ff | baf6 ffff | ff66 6690 

  0x00000288997e7b68: ;   {runtime_call UncommonTrapBlob}
  0x00000288997e7b68: c5f8 77e8 

  0x00000288997e7b6c: ; ImmutableOopMap {[40]=Oop }
                      ;*getfield buildStatusArea {reexecute=1 rethrow=0 return_oop=0}
                      ; - (reexecute) org.gradle.internal.logging.console.AnsiConsole::access$000@1 (line 26)
                      ; - org.gradle.internal.logging.console.AnsiConsole$1::execute@15 (line 32)
                      ; - org.gradle.internal.logging.console.AnsiConsole$1::execute@5 (line 27)
                      ; - org.gradle.internal.logging.console.DefaultAnsiExecutor::write@28 (line 48)
                      ; - org.gradle.internal.logging.console.AnsiConsole::redraw@58 (line 79)
                      ; - org.gradle.internal.logging.console.AnsiConsole::flush@1 (line 55)
                      ; - org.gradle.internal.logging.console.BuildStatusRenderer::renderNow@37 (line 125)
                      ; - org.gradle.internal.logging.console.BuildStatusRenderer::onOutput@321 (line 115)
  0x00000288997e7b6c: 90ed 79ff | baf6 ffff | ff66 6690 

  0x00000288997e7b78: ;   {runtime_call UncommonTrapBlob}
  0x00000288997e7b78: c5f8 77e8 

  0x00000288997e7b7c: ; ImmutableOopMap {[40]=Oop }
                      ;*invokevirtual isVisible {reexecute=0 rethrow=0 return_oop=0}
                      ; - org.gradle.internal.logging.console.AnsiConsole$1::execute@18 (line 32)
                      ; - org.gradle.internal.logging.console.AnsiConsole$1::execute@5 (line 27)
                      ; - org.gradle.internal.logging.console.DefaultAnsiExecutor::write@28 (line 48)
                      ; - org.gradle.internal.logging.console.AnsiConsole::redraw@58 (line 79)
                      ; - org.gradle.internal.logging.console.AnsiConsole::flush@1 (line 55)
                      ; - org.gradle.internal.logging.console.BuildStatusRenderer::renderNow@37 (line 125)
                      ; - org.gradle.internal.logging.console.BuildStatusRenderer::onOutput@321 (line 115)
  0x00000288997e7b7c: 80ed 79ff | baf6 ffff | ff48 8944 | 2420 6690 

  0x00000288997e7b8c: ;   {runtime_call UncommonTrapBlob}
  0x00000288997e7b8c: c5f8 77e8 

  0x00000288997e7b90: ; ImmutableOopMap {[32]=Oop [40]=Oop }
                      ;*invokeinterface append {reexecute=0 rethrow=0 return_oop=0}
                      ; - org.gradle.internal.logging.console.DefaultAnsiExecutor::write@8 (line 106)
                      ; - org.gradle.internal.logging.console.DefaultAnsiExecutor::write@35 (line 49)
                      ; - org.gradle.internal.logging.console.AnsiConsole::redraw@58 (line 79)
                      ; - org.gradle.internal.logging.console.AnsiConsole::flush@1 (line 55)
                      ; - org.gradle.internal.logging.console.BuildStatusRenderer::renderNow@37 (line 125)
                      ; - org.gradle.internal.logging.console.BuildStatusRenderer::onOutput@321 (line 115)
  0x00000288997e7b90: 6ced 79ff | baf4 ffff | ff4c 896c | 2420 6690 

  0x00000288997e7ba0: ;   {runtime_call UncommonTrapBlob}
  0x00000288997e7ba0: c5f8 77e8 

  0x00000288997e7ba4: ; ImmutableOopMap {[32]=Oop [40]=Oop }
                      ;*instanceof {reexecute=0 rethrow=0 return_oop=0}
                      ; - java.io.OutputStreamWriter::append@1 (line 234)
                      ; - java.io.OutputStreamWriter::append@2 (line 76)
                      ; - org.gradle.internal.logging.console.DefaultAnsiExecutor::write@8 (line 106)
                      ; - org.gradle.internal.logging.console.DefaultAnsiExecutor::write@35 (line 49)
                      ; - org.gradle.internal.logging.console.AnsiConsole::redraw@58 (line 79)
                      ; - org.gradle.internal.logging.console.AnsiConsole::flush@1 (line 55)
                      ; - org.gradle.internal.logging.console.BuildStatusRenderer::renderNow@37 (line 125)
                      ; - org.gradle.internal.logging.console.BuildStatusRenderer::onOutput@321 (line 115)
  0x00000288997e7ba4: 58ed 79ff | baf6 ffff | ff48 8944 | 2420 6690 

  0x00000288997e7bb4: ;   {runtime_call UncommonTrapBlob}
  0x00000288997e7bb4: c5f8 77e8 

  0x00000288997e7bb8: ; ImmutableOopMap {[32]=Oop [40]=Oop }
                      ;*invokevirtual write {reexecute=0 rethrow=0 return_oop=0}
                      ; - java.io.OutputStreamWriter::append@29 (line 237)
                      ; - java.io.OutputStreamWriter::append@2 (line 76)
                      ; - org.gradle.internal.logging.console.DefaultAnsiExecutor::write@8 (line 106)
                      ; - org.gradle.internal.logging.console.DefaultAnsiExecutor::write@35 (line 49)
                      ; - org.gradle.internal.logging.console.AnsiConsole::redraw@58 (line 79)
                      ; - org.gradle.internal.logging.console.AnsiConsole::flush@1 (line 55)
                      ; - org.gradle.internal.logging.console.BuildStatusRenderer::renderNow@37 (line 125)
                      ; - org.gradle.internal.logging.console.BuildStatusRenderer::onOutput@321 (line 115)
  0x00000288997e7bb8: 44ed 79ff | baf6 ffff | ff66 6690 

  0x00000288997e7bc4: ;   {runtime_call UncommonTrapBlob}
  0x00000288997e7bc4: c5f8 77e8 

  0x00000288997e7bc8: ; ImmutableOopMap {[40]=Oop }
                      ;*arraylength {reexecute=0 rethrow=0 return_oop=0}
                      ; - java.lang.String::length@4 (line 1481)
                      ; - java.io.Writer::write@4 (line 249)
                      ; - java.io.OutputStreamWriter::append@29 (line 237)
                      ; - java.io.OutputStreamWriter::append@2 (line 76)
                      ; - org.gradle.internal.logging.console.DefaultAnsiExecutor::write@8 (line 106)
                      ; - org.gradle.internal.logging.console.DefaultAnsiExecutor::write@35 (line 49)
                      ; - org.gradle.internal.logging.console.AnsiConsole::redraw@58 (line 79)
                      ; - org.gradle.internal.logging.console.AnsiConsole::flush@1 (line 55)
                      ; - org.gradle.internal.logging.console.BuildStatusRenderer::renderNow@37 (line 125)
                      ; - org.gradle.internal.logging.console.BuildStatusRenderer::onOutput@321 (line 115)
  0x00000288997e7bc8: 34ed 79ff | baf6 ffff | ff66 6690 

  0x00000288997e7bd4: ;   {runtime_call UncommonTrapBlob}
  0x00000288997e7bd4: c5f8 77e8 

  0x00000288997e7bd8: ; ImmutableOopMap {}
                      ;*invokeinterface flush {reexecute=0 rethrow=0 return_oop=0}
                      ; - org.gradle.internal.logging.console.AnsiConsole::flush@8 (line 57)
                      ; - org.gradle.internal.logging.console.BuildStatusRenderer::renderNow@37 (line 125)
                      ; - org.gradle.internal.logging.console.BuildStatusRenderer::onOutput@321 (line 115)
  0x00000288997e7bd8: 24ed 79ff | baf6 ffff | ff49 8bea 

  0x00000288997e7be4: ;   {runtime_call UncommonTrapBlob}
  0x00000288997e7be4: c5f8 77e8 

  0x00000288997e7be8: ; ImmutableOopMap {rbp=Oop }
                      ;*arraylength {reexecute=0 rethrow=0 return_oop=0}
                      ; - java.lang.ThreadLocal$ThreadLocalMap::getEntry@8 (line 434)
                      ; - java.lang.ThreadLocal::get@16 (line 165)
                      ; - org.fusesource.jansi.Ansi::isEnabled@3 (line 187)
                      ; - org.fusesource.jansi.Ansi::ansi@0 (line 191)
                      ; - org.gradle.internal.logging.console.DefaultAnsiFactory::create@15 (line 33)
                      ; - org.gradle.internal.logging.console.DefaultAnsiExecutor::write@4 (line 47)
                      ; - org.gradle.internal.logging.console.AnsiConsole::redraw@58 (line 79)
                      ; - org.gradle.internal.logging.console.AnsiConsole::flush@1 (line 55)
                      ; - org.gradle.internal.logging.console.BuildStatusRenderer::renderNow@37 (line 125)
                      ; - org.gradle.internal.logging.console.BuildStatusRenderer::onOutput@321 (line 115)
  0x00000288997e7be8: 14ed 79ff | baf6 ffff | ff66 6690 

  0x00000288997e7bf4: ;   {runtime_call UncommonTrapBlob}
  0x00000288997e7bf4: c5f8 77e8 

  0x00000288997e7bf8: ; ImmutableOopMap {}
                      ;*arraylength {reexecute=0 rethrow=0 return_oop=0}
                      ; - java.lang.AbstractStringBuilder::ensureCapacityInternal@4 (line 226)
                      ; - java.lang.AbstractStringBuilder::append@16 (line 854)
                      ; - java.lang.StringBuilder::append@2 (line 259)
                      ; - org.gradle.internal.time.TimeFormatting::formatDurationTerse@92 (line 58)
                      ; - org.gradle.internal.logging.format.TersePrettyDurationFormatter::format@1 (line 25)
                      ; - org.gradle.internal.logging.console.ProgressBar::formatProgress@5 (line 89)
                      ; - org.gradle.internal.logging.console.BuildStatusRenderer::renderNow@25 (line 123)
                      ; - org.gradle.internal.logging.console.BuildStatusRenderer::onOutput@321 (line 115)
  0x00000288997e7bf8: 04ed 79ff | baf6 ffff | ff41 8beb | 4489 5424 | 2066 6690 

  0x00000288997e7c0c: ;   {runtime_call UncommonTrapBlob}
  0x00000288997e7c0c: c5f8 77e8 

  0x00000288997e7c10: ; ImmutableOopMap {}
                      ;*bastore {reexecute=0 rethrow=0 return_oop=0}
                      ; - java.lang.Long::getChars@172 (line 570)
                      ; - java.lang.AbstractStringBuilder::append@33 (line 856)
                      ; - java.lang.StringBuilder::append@2 (line 259)
                      ; - org.gradle.internal.time.TimeFormatting::formatDurationTerse@92 (line 58)
                      ; - org.gradle.internal.logging.format.TersePrettyDurationFormatter::format@1 (line 25)
                      ; - org.gradle.internal.logging.console.ProgressBar::formatProgress@5 (line 89)
                      ; - org.gradle.internal.logging.console.BuildStatusRenderer::renderNow@25 (line 123)
                      ; - org.gradle.internal.logging.console.BuildStatusRenderer::onOutput@321 (line 115)
  0x00000288997e7c10: ecec 79ff | baf6 ffff | ff41 8be8 | 4889 7c24 | 2066 6690 

  0x00000288997e7c24: ;   {runtime_call UncommonTrapBlob}
  0x00000288997e7c24: c5f8 77e8 

  0x00000288997e7c28: ; ImmutableOopMap {rbp=NarrowOop [32]=Oop }
                      ;*invokeinterface put {reexecute=0 rethrow=0 return_oop=0}
                      ; - org.gradle.internal.logging.sink.GroupingProgressLogEventGenerator::onStart@84 (line 93)
                      ; - org.gradle.internal.logging.sink.GroupingProgressLogEventGenerator::onOutput@12 (line 72)
                      ; - org.gradle.internal.logging.console.BuildLogLevelFilterRenderer::onOutput@47 (line 41)
                      ; - org.gradle.internal.logging.console.WorkInProgressRenderer::onOutput@47 (line 76)
                      ; - org.gradle.internal.logging.console.BuildStatusRenderer::onOutput@293 (line 111)
  0x00000288997e7c28: d4ec 79ff | baf6 ffff | ff66 6690 

  0x00000288997e7c34: ;   {runtime_call UncommonTrapBlob}
  0x00000288997e7c34: c5f8 77e8 

  0x00000288997e7c38: ; ImmutableOopMap {}
                      ;*invokevirtual isTopLevelWorkItem {reexecute=0 rethrow=0 return_oop=0}
                      ; - org.gradle.internal.logging.console.BuildStatusRenderer::onOutput@201 (line 97)
  0x00000288997e7c38: c4ec 79ff | baf6 ffff | ff41 8bea 

  0x00000288997e7c44: ;   {runtime_call UncommonTrapBlob}
  0x00000288997e7c44: c5f8 77e8 

  0x00000288997e7c48: ; ImmutableOopMap {rbp=NarrowOop }
                      ;*invokevirtual compareTo {reexecute=0 rethrow=0 return_oop=0}
                      ; - org.gradle.internal.logging.console.BuildLogLevelFilterRenderer::onOutput@15 (line 34)
                      ; - org.gradle.internal.logging.console.WorkInProgressRenderer::onOutput@47 (line 76)
                      ; - org.gradle.internal.logging.console.BuildStatusRenderer::onOutput@293 (line 111)
  0x00000288997e7c48: b4ec 79ff | baf6 ffff | ff66 6690 

  0x00000288997e7c54: ;   {runtime_call UncommonTrapBlob}
  0x00000288997e7c54: c5f8 77e8 

  0x00000288997e7c58: ; ImmutableOopMap {}
                      ;*invokevirtual getClass {reexecute=0 rethrow=0 return_oop=0}
                      ; - java.lang.Enum::compareTo@9 (line 198)
                      ; - org.gradle.internal.logging.console.BuildLogLevelFilterRenderer::onOutput@15 (line 34)
                      ; - org.gradle.internal.logging.console.WorkInProgressRenderer::onOutput@47 (line 76)
                      ; - org.gradle.internal.logging.console.BuildStatusRenderer::onOutput@293 (line 111)
  0x00000288997e7c58: a4ec 79ff | baf6 ffff | ff66 6690 

  0x00000288997e7c64: ;   {runtime_call UncommonTrapBlob}
  0x00000288997e7c64: c5f8 77e8 

  0x00000288997e7c68: ; ImmutableOopMap {}
                      ;*arraylength {reexecute=0 rethrow=0 return_oop=0}
                      ; - java.lang.AbstractStringBuilder::ensureCapacityInternal@4 (line 226)
                      ; - java.lang.AbstractStringBuilder::append@16 (line 854)
                      ; - java.lang.StringBuilder::append@2 (line 259)
                      ; - org.gradle.internal.time.TimeFormatting::formatDurationTerse@57 (line 52)
                      ; - org.gradle.internal.logging.format.TersePrettyDurationFormatter::format@1 (line 25)
                      ; - org.gradle.internal.logging.console.ProgressBar::formatProgress@5 (line 89)
                      ; - org.gradle.internal.logging.console.BuildStatusRenderer::renderNow@25 (line 123)
                      ; - org.gradle.internal.logging.console.BuildStatusRenderer::onOutput@321 (line 115)
  0x00000288997e7c68: 94ec 79ff | baf6 ffff | ff41 8beb | 894c 2420 

  0x00000288997e7c78: ;   {runtime_call UncommonTrapBlob}
  0x00000288997e7c78: c5f8 77e8 

  0x00000288997e7c7c: ; ImmutableOopMap {}
                      ;*bastore {reexecute=0 rethrow=0 return_oop=0}
                      ; - java.lang.Long::getChars@172 (line 570)
                      ; - java.lang.AbstractStringBuilder::append@33 (line 856)
                      ; - java.lang.StringBuilder::append@2 (line 259)
                      ; - org.gradle.internal.time.TimeFormatting::formatDurationTerse@57 (line 52)
                      ; - org.gradle.internal.logging.format.TersePrettyDurationFormatter::format@1 (line 25)
                      ; - org.gradle.internal.logging.console.ProgressBar::formatProgress@5 (line 89)
                      ; - org.gradle.internal.logging.console.BuildStatusRenderer::renderNow@25 (line 123)
                      ; - org.gradle.internal.logging.console.BuildStatusRenderer::onOutput@321 (line 115)
  0x00000288997e7c7c: 80ec 79ff | baf6 ffff | ff66 6690 

  0x00000288997e7c88: ;   {runtime_call UncommonTrapBlob}
  0x00000288997e7c88: c5f8 77e8 

  0x00000288997e7c8c: ; ImmutableOopMap {}
                      ;*arraylength {reexecute=0 rethrow=0 return_oop=0}
                      ; - java.lang.String::length@4 (line 1481)
                      ; - org.gradle.util.internal.GUtil::isTrue@42 (line 151)
                      ; - org.gradle.internal.logging.sink.GroupingProgressLogEventGenerator::onStart@98 (line 98)
                      ; - org.gradle.internal.logging.sink.GroupingProgressLogEventGenerator::onOutput@12 (line 72)
                      ; - org.gradle.internal.logging.console.BuildLogLevelFilterRenderer::onOutput@47 (line 41)
                      ; - org.gradle.internal.logging.console.WorkInProgressRenderer::onOutput@47 (line 76)
                      ; - org.gradle.internal.logging.console.BuildStatusRenderer::onOutput@293 (line 111)
  0x00000288997e7c8c: 70ec 79ff | baf6 ffff | ff66 6690 

  0x00000288997e7c98: ;   {runtime_call UncommonTrapBlob}
  0x00000288997e7c98: c5f8 77e8 

  0x00000288997e7c9c: ; ImmutableOopMap {}
                      ;*invokeinterface getCols {reexecute=0 rethrow=0 return_oop=0}
                      ; - org.gradle.internal.logging.console.ProgressBar::formatProgress@33 (line 91)
                      ; - org.gradle.internal.logging.console.BuildStatusRenderer::renderNow@25 (line 123)
                      ; - org.gradle.internal.logging.console.BuildStatusRenderer::onOutput@321 (line 115)
  0x00000288997e7c9c: 60ec 79ff | baf6 ffff | ff66 6690 

  0x00000288997e7ca8: ;   {runtime_call UncommonTrapBlob}
  0x00000288997e7ca8: c5f8 77e8 

  0x00000288997e7cac: ; ImmutableOopMap {}
                      ;*invokeinterface getTerminalSize {reexecute=0 rethrow=0 return_oop=0}
                      ; - org.gradle.internal.nativeintegration.console.NativePlatformConsoleMetaData::getCols@4 (line 44)
                      ; - org.gradle.internal.logging.console.ProgressBar::formatProgress@33 (line 91)
                      ; - org.gradle.internal.logging.console.BuildStatusRenderer::renderNow@25 (line 123)
                      ; - org.gradle.internal.logging.console.BuildStatusRenderer::onOutput@321 (line 115)
  0x00000288997e7cac: 50ec 79ff | baf6 ffff | ff4c 8b54 | 2428 4c89 | 5424 2044 | 8b5c 243c | 4489 5c24 | 2844 8b54 
  0x00000288997e7ccc: 2438 4489 | 5424 2c44 | 8b54 244c | 4489 5424 | 304c 8b54 | 2450 4c89 | 5424 3848 | 8944 2448 
  0x00000288997e7cec: 4489 4c24 | 5066 6690 

  0x00000288997e7cf4: ;   {runtime_call UncommonTrapBlob}
  0x00000288997e7cf4: c5f8 77e8 

  0x00000288997e7cf8: ; ImmutableOopMap {rbp=Oop [32]=Oop [40]=NarrowOop [44]=NarrowOop [56]=Oop [72]=Oop [80]=NarrowOop [96]=Oop }
                      ;*invokevirtual ordinal {reexecute=0 rethrow=0 return_oop=0}
                      ; - net.rubygrapefruit.platform.internal.WindowsTerminal::getTerminalSize@27 (line 82)
                      ; - org.gradle.internal.nativeintegration.console.NativePlatformConsoleMetaData::getCols@4 (line 44)
                      ; - org.gradle.internal.logging.console.ProgressBar::formatProgress@33 (line 91)
                      ; - org.gradle.internal.logging.console.BuildStatusRenderer::renderNow@25 (line 123)
                      ; - org.gradle.internal.logging.console.BuildStatusRenderer::onOutput@321 (line 115)
  0x00000288997e7cf8: 04ec 79ff | baf6 ffff | ff66 6690 

  0x00000288997e7d04: ;   {runtime_call UncommonTrapBlob}
  0x00000288997e7d04: c5f8 77e8 

  0x00000288997e7d08: ; ImmutableOopMap {}
                      ;*arraylength {reexecute=0 rethrow=0 return_oop=0}
                      ; - java.lang.String::length@4 (line 1481)
                      ; - org.gradle.internal.logging.console.ProgressBar::formatProgress@109 (line 104)
                      ; - org.gradle.internal.logging.console.BuildStatusRenderer::renderNow@25 (line 123)
                      ; - org.gradle.internal.logging.console.BuildStatusRenderer::onOutput@321 (line 115)
  0x00000288997e7d08: f4eb 79ff | baf6 ffff | ff66 6690 

  0x00000288997e7d14: ;   {runtime_call UncommonTrapBlob}
  0x00000288997e7d14: c5f8 77e8 

  0x00000288997e7d18: ; ImmutableOopMap {}
                      ;*arraylength {reexecute=0 rethrow=0 return_oop=0}
                      ; - java.lang.String::length@4 (line 1481)
                      ; - org.gradle.internal.logging.console.ProgressBar::formatProgress@132 (line 105)
                      ; - org.gradle.internal.logging.console.BuildStatusRenderer::renderNow@25 (line 123)
                      ; - org.gradle.internal.logging.console.BuildStatusRenderer::onOutput@321 (line 115)
  0x00000288997e7d18: e4eb 79ff | baf6 ffff | ff66 6690 

  0x00000288997e7d24: ;   {runtime_call UncommonTrapBlob}
  0x00000288997e7d24: c5f8 77e8 

  0x00000288997e7d28: ; ImmutableOopMap {}
                      ;*invokevirtual length {reexecute=0 rethrow=0 return_oop=0}
                      ; - org.gradle.internal.logging.console.ProgressBar::trimToConsole@29 (line 136)
                      ; - org.gradle.internal.logging.console.ProgressBar::formatProgress@99 (line 103)
                      ; - org.gradle.internal.logging.console.BuildStatusRenderer::renderNow@25 (line 123)
                      ; - org.gradle.internal.logging.console.BuildStatusRenderer::onOutput@321 (line 115)
  0x00000288997e7d28: d4eb 79ff | baf6 ffff | ff66 6690 

  0x00000288997e7d34: ;   {runtime_call UncommonTrapBlob}
  0x00000288997e7d34: c5f8 77e8 

  0x00000288997e7d38: ; ImmutableOopMap {}
                      ;*arraylength {reexecute=0 rethrow=0 return_oop=0}
                      ; - java.lang.String::length@4 (line 1481)
                      ; - org.gradle.internal.logging.console.ProgressBar::trimToConsole@29 (line 136)
                      ; - org.gradle.internal.logging.console.ProgressBar::formatProgress@99 (line 103)
                      ; - org.gradle.internal.logging.console.BuildStatusRenderer::renderNow@25 (line 123)
                      ; - org.gradle.internal.logging.console.BuildStatusRenderer::onOutput@321 (line 115)
  0x00000288997e7d38: c4eb 79ff | baf6 ffff | ff66 6690 

  0x00000288997e7d44: ;   {runtime_call UncommonTrapBlob}
  0x00000288997e7d44: c5f8 77e8 

  0x00000288997e7d48: ; ImmutableOopMap {}
                      ;*arraylength {reexecute=0 rethrow=0 return_oop=0}
                      ; - java.lang.String::length@4 (line 1481)
                      ; - org.gradle.internal.logging.console.ProgressBar::trimToConsole@29 (line 136)
                      ; - org.gradle.internal.logging.console.ProgressBar::formatProgress@122 (line 104)
                      ; - org.gradle.internal.logging.console.BuildStatusRenderer::renderNow@25 (line 123)
                      ; - org.gradle.internal.logging.console.BuildStatusRenderer::onOutput@321 (line 115)
  0x00000288997e7d48: b4eb 79ff | baf6 ffff | ff66 6690 

  0x00000288997e7d54: ;   {runtime_call UncommonTrapBlob}
  0x00000288997e7d54: c5f8 77e8 

  0x00000288997e7d58: ; ImmutableOopMap {}
                      ;*invokevirtual length {reexecute=0 rethrow=0 return_oop=0}
                      ; - org.gradle.internal.logging.console.ProgressBar::trimToConsole@29 (line 136)
                      ; - org.gradle.internal.logging.console.ProgressBar::formatProgress@243 (line 105)
                      ; - org.gradle.internal.logging.console.BuildStatusRenderer::renderNow@25 (line 123)
                      ; - org.gradle.internal.logging.console.BuildStatusRenderer::onOutput@321 (line 115)
  0x00000288997e7d58: a4eb 79ff | baf6 ffff | ff66 6690 

  0x00000288997e7d64: ;   {runtime_call UncommonTrapBlob}
  0x00000288997e7d64: c5f8 77e8 

  0x00000288997e7d68: ; ImmutableOopMap {}
                      ;*arraylength {reexecute=0 rethrow=0 return_oop=0}
                      ; - java.lang.String::length@4 (line 1481)
                      ; - org.gradle.internal.logging.console.ProgressBar::trimToConsole@29 (line 136)
                      ; - org.gradle.internal.logging.console.ProgressBar::formatProgress@243 (line 105)
                      ; - org.gradle.internal.logging.console.BuildStatusRenderer::renderNow@25 (line 123)
                      ; - org.gradle.internal.logging.console.BuildStatusRenderer::onOutput@321 (line 115)
  0x00000288997e7d68: 94eb 79ff | baf6 ffff | ff41 8beb 

  0x00000288997e7d74: ;   {runtime_call UncommonTrapBlob}
  0x00000288997e7d74: c5f8 77e8 

  0x00000288997e7d78: ; ImmutableOopMap {rbp=NarrowOop }
                      ;*invokevirtual equals {reexecute=0 rethrow=0 return_oop=0}
                      ; - org.gradle.internal.logging.console.BuildStatusRenderer::onOutput@254 (line 104)
  0x00000288997e7d78: 84eb 79ff | baf6 ffff | ff41 8be8 

  0x00000288997e7d84: ;   {runtime_call UncommonTrapBlob}
  0x00000288997e7d84: c5f8 77e8 

  0x00000288997e7d88: ; ImmutableOopMap {rbp=NarrowOop }
                      ;*invokeinterface remove {reexecute=0 rethrow=0 return_oop=0}
                      ; - org.gradle.internal.logging.console.BuildStatusRenderer::onOutput@275 (line 106)
  0x00000288997e7d88: 74eb 79ff | baf6 ffff | ff41 8be8 

  0x00000288997e7d94: ;   {runtime_call UncommonTrapBlob}
  0x00000288997e7d94: c5f8 77e8 

  0x00000288997e7d98: ; ImmutableOopMap {rbp=NarrowOop }
                      ;*invokevirtual remove {reexecute=0 rethrow=0 return_oop=0}
                      ; - java.util.HashSet::remove@5 (line 237)
                      ; - org.gradle.internal.logging.console.BuildStatusRenderer::onOutput@275 (line 106)
  0x00000288997e7d98: 64eb 79ff | baf6 ffff | ff8b 6c24 | 504c 8954 | 2420 6690 

  0x00000288997e7dac: ;   {runtime_call UncommonTrapBlob}
  0x00000288997e7dac: c5f8 77e8 

  0x00000288997e7db0: ; ImmutableOopMap {rbp=NarrowOop [32]=Oop }
                      ;*invokeinterface put {reexecute=0 rethrow=0 return_oop=0}
                      ; - org.gradle.internal.logging.sink.GroupingProgressLogEventGenerator::onStart@58 (line 91)
                      ; - org.gradle.internal.logging.sink.GroupingProgressLogEventGenerator::onOutput@12 (line 72)
                      ; - org.gradle.internal.logging.console.BuildLogLevelFilterRenderer::onOutput@47 (line 41)
                      ; - org.gradle.internal.logging.console.WorkInProgressRenderer::onOutput@47 (line 76)
                      ; - org.gradle.internal.logging.console.BuildStatusRenderer::onOutput@293 (line 111)
  0x00000288997e7db0: 4ceb 79ff | baf6 ffff | ff41 8be8 

  0x00000288997e7dbc: ;   {runtime_call UncommonTrapBlob}
  0x00000288997e7dbc: c5f8 77e8 

  0x00000288997e7dc0: ; ImmutableOopMap {rbp=NarrowOop }
                      ;*invokeinterface add {reexecute=0 rethrow=0 return_oop=0}
                      ; - org.gradle.internal.logging.console.BuildStatusRenderer::onOutput@225 (line 99)
  0x00000288997e7dc0: 3ceb 79ff | baf6 ffff | ff41 8be8 

  0x00000288997e7dcc: ;   {runtime_call UncommonTrapBlob}
  0x00000288997e7dcc: c5f8 77e8 

  0x00000288997e7dd0: ; ImmutableOopMap {rbp=NarrowOop }
                      ;*invokevirtual put {reexecute=0 rethrow=0 return_oop=0}
                      ; - java.util.HashSet::add@8 (line 221)
                      ; - org.gradle.internal.logging.console.BuildStatusRenderer::onOutput@225 (line 99)
  0x00000288997e7dd0: 2ceb 79ff | baf6 ffff | ff41 8bea 

  0x00000288997e7ddc: ;   {runtime_call UncommonTrapBlob}
  0x00000288997e7ddc: c5f8 77e8 

  0x00000288997e7de0: ; ImmutableOopMap {rbp=NarrowOop }
                      ;*invokeinterface remove {reexecute=0 rethrow=0 return_oop=0}
                      ; - org.gradle.internal.logging.sink.GroupingProgressLogEventGenerator::onComplete@8 (line 113)
                      ; - org.gradle.internal.logging.sink.GroupingProgressLogEventGenerator::onOutput@48 (line 76)
                      ; - org.gradle.internal.logging.console.BuildLogLevelFilterRenderer::onOutput@47 (line 41)
                      ; - org.gradle.internal.logging.console.WorkInProgressRenderer::onOutput@47 (line 76)
                      ; - org.gradle.internal.logging.console.BuildStatusRenderer::onOutput@293 (line 111)
  0x00000288997e7de0: 1ceb 79ff | baf4 ffff | ff4c 8b54 | 2430 4c89 | 5424 2890 

  0x00000288997e7df4: ;   {runtime_call UncommonTrapBlob}
  0x00000288997e7df4: c5f8 77e8 

  0x00000288997e7df8: ; ImmutableOopMap {rbp=Oop [40]=Oop [56]=Oop [64]=Oop }
                      ;*checkcast {reexecute=0 rethrow=0 return_oop=0}
                      ; - org.gradle.internal.logging.sink.GroupingProgressLogEventGenerator::onComplete@13 (line 113)
                      ; - org.gradle.internal.logging.sink.GroupingProgressLogEventGenerator::onOutput@48 (line 76)
                      ; - org.gradle.internal.logging.console.BuildLogLevelFilterRenderer::onOutput@47 (line 41)
                      ; - org.gradle.internal.logging.console.WorkInProgressRenderer::onOutput@47 (line 76)
                      ; - org.gradle.internal.logging.console.BuildStatusRenderer::onOutput@293 (line 111)
  0x00000288997e7df8: 04eb 79ff | baf6 ffff | ff66 6690 

  0x00000288997e7e04: ;   {runtime_call UncommonTrapBlob}
  0x00000288997e7e04: c5f8 77e8 

  0x00000288997e7e08: ; ImmutableOopMap {}
                      ;*getfield lastRenderedBuildOpId {reexecute=1 rethrow=0 return_oop=0}
                      ; - (reexecute) org.gradle.internal.logging.sink.GroupingProgressLogEventGenerator::access$300@1 (line 49)
                      ; - org.gradle.internal.logging.sink.GroupingProgressLogEventGenerator$OperationGroup::hasForeground@8 (line 265)
                      ; - org.gradle.internal.logging.sink.GroupingProgressLogEventGenerator$OperationGroup::access$100@1 (line 187)
                      ; - org.gradle.internal.logging.sink.GroupingProgressLogEventGenerator::onComplete@46 (line 118)
                      ; - org.gradle.internal.logging.sink.GroupingProgressLogEventGenerator::onOutput@48 (line 76)
                      ; - org.gradle.internal.logging.console.BuildLogLevelFilterRenderer::onOutput@47 (line 41)
                      ; - org.gradle.internal.logging.console.WorkInProgressRenderer::onOutput@47 (line 76)
                      ; - org.gradle.internal.logging.console.BuildStatusRenderer::onOutput@293 (line 111)
  0x00000288997e7e08: f4ea 79ff | baf6 ffff | ff41 8beb 

  0x00000288997e7e14: ;   {runtime_call UncommonTrapBlob}
  0x00000288997e7e14: c5f8 77e8 

  0x00000288997e7e18: ; ImmutableOopMap {rbp=NarrowOop }
                      ;*invokevirtual equals {reexecute=0 rethrow=0 return_oop=0}
                      ; - org.gradle.internal.logging.sink.GroupingProgressLogEventGenerator$OperationGroup::hasForeground@11 (line 265)
                      ; - org.gradle.internal.logging.sink.GroupingProgressLogEventGenerator$OperationGroup::access$100@1 (line 187)
                      ; - org.gradle.internal.logging.sink.GroupingProgressLogEventGenerator::onComplete@46 (line 118)
                      ; - org.gradle.internal.logging.sink.GroupingProgressLogEventGenerator::onOutput@48 (line 76)
                      ; - org.gradle.internal.logging.console.BuildLogLevelFilterRenderer::onOutput@47 (line 41)
                      ; - org.gradle.internal.logging.console.WorkInProgressRenderer::onOutput@47 (line 76)
                      ; - org.gradle.internal.logging.console.BuildStatusRenderer::onOutput@293 (line 111)
  0x00000288997e7e18: e4ea 79ff | baf4 ffff | ff48 8b6c | 2438 4c8b | 4424 304c | 8944 2420 | 4c89 5424 | 2844 895c 
  0x00000288997e7e38: 2430 4489 | 6c24 3489 | 7424 3889 | 5c24 4090 

  0x00000288997e7e48: ;   {runtime_call UncommonTrapBlob}
  0x00000288997e7e48: c5f8 77e8 

  0x00000288997e7e4c: ; ImmutableOopMap {rbp=Oop [32]=Oop [40]=Oop [52]=NarrowOop [56]=NarrowOop [64]=NarrowOop }
                      ;*checkcast {reexecute=0 rethrow=0 return_oop=0}
                      ; - org.gradle.internal.logging.sink.GroupingProgressLogEventGenerator::onUpdateNow@38 (line 134)
                      ; - org.gradle.internal.logging.sink.GroupingProgressLogEventGenerator::onOutput@84 (line 80)
                      ; - org.gradle.internal.logging.console.BuildLogLevelFilterRenderer::onOutput@47 (line 41)
                      ; - org.gradle.internal.logging.console.WorkInProgressRenderer::onOutput@47 (line 76)
                      ; - org.gradle.internal.logging.console.BuildStatusRenderer::onOutput@293 (line 111)
  0x00000288997e7e4c: b0ea 79ff | ba45 ffff | ff48 8b6c | 2438 4c8b | 4424 304c | 8944 2420 | 4c89 5424 | 2889 7424 
  0x00000288997e7e6c: 3444 895c | 2438 8974 | 243c 4889 | 4c24 4089 | 5c24 4c90 

  0x00000288997e7e80: ;   {runtime_call UncommonTrapBlob}
  0x00000288997e7e80: c5f8 77e8 

  0x00000288997e7e84: ; ImmutableOopMap {rbp=Oop [32]=Oop [40]=Oop [52]=NarrowOop [60]=NarrowOop [64]=Oop [76]=NarrowOop }
                      ;*ifnonnull {reexecute=1 rethrow=0 return_oop=0}
                      ; - (reexecute) java.util.LinkedHashMap$LinkedHashIterator::nextNode@28 (line 757)
                      ; - java.util.LinkedHashMap$LinkedValueIterator::next@1 (line 783)
                      ; - org.gradle.internal.logging.sink.GroupingProgressLogEventGenerator::onUpdateNow@33 (line 134)
                      ; - org.gradle.internal.logging.sink.GroupingProgressLogEventGenerator::onOutput@84 (line 80)
                      ; - org.gradle.internal.logging.console.BuildLogLevelFilterRenderer::onOutput@47 (line 41)
                      ; - org.gradle.internal.logging.console.WorkInProgressRenderer::onOutput@47 (line 76)
                      ; - org.gradle.internal.logging.console.BuildStatusRenderer::onOutput@293 (line 111)
  0x00000288997e7e84: 78ea 79ff | baf6 ffff | ff66 6690 

  0x00000288997e7e90: ;   {runtime_call UncommonTrapBlob}
  0x00000288997e7e90: c5f8 77e8 

  0x00000288997e7e94: ; ImmutableOopMap {}
                      ;*invokeinterface values {reexecute=0 rethrow=0 return_oop=0}
                      ; - org.gradle.internal.logging.sink.GroupingProgressLogEventGenerator::onUpdateNow@12 (line 134)
                      ; - org.gradle.internal.logging.sink.GroupingProgressLogEventGenerator::onOutput@84 (line 80)
                      ; - org.gradle.internal.logging.console.BuildLogLevelFilterRenderer::onOutput@47 (line 41)
                      ; - org.gradle.internal.logging.console.WorkInProgressRenderer::onOutput@47 (line 76)
                      ; - org.gradle.internal.logging.console.BuildStatusRenderer::onOutput@293 (line 111)
  0x00000288997e7e94: 68ea 79ff | baf6 ffff | ff66 6690 

  0x00000288997e7ea0: ;   {runtime_call UncommonTrapBlob}
  0x00000288997e7ea0: c5f8 77e8 

  0x00000288997e7ea4: ; ImmutableOopMap {}
                      ;*getfield head {reexecute=1 rethrow=0 return_oop=0}
                      ; - (reexecute) java.util.LinkedHashMap$LinkedHashIterator::<init>@11 (line 744)
                      ; - java.util.LinkedHashMap$LinkedValueIterator::<init>@7 (line 781)
                      ; - java.util.LinkedHashMap$LinkedValues::iterator@8 (line 626)
                      ; - org.gradle.internal.logging.sink.GroupingProgressLogEventGenerator::onUpdateNow@17 (line 134)
                      ; - org.gradle.internal.logging.sink.GroupingProgressLogEventGenerator::onOutput@84 (line 80)
                      ; - org.gradle.internal.logging.console.BuildLogLevelFilterRenderer::onOutput@47 (line 41)
                      ; - org.gradle.internal.logging.console.WorkInProgressRenderer::onOutput@47 (line 76)
                      ; - org.gradle.internal.logging.console.BuildStatusRenderer::onOutput@293 (line 111)
  0x00000288997e7ea4: 58ea 79ff | baf6 ffff | ff66 6690 

  0x00000288997e7eb0: ;   {runtime_call UncommonTrapBlob}
  0x00000288997e7eb0: c5f8 77e8 

  0x00000288997e7eb4: ; ImmutableOopMap {}
                      ;*invokeinterface isEmpty {reexecute=0 rethrow=0 return_oop=0}
                      ; - org.gradle.internal.logging.sink.GroupingProgressLogEventGenerator$OperationGroup::shouldForward@4 (line 290)
                      ; - org.gradle.internal.logging.sink.GroupingProgressLogEventGenerator$OperationGroup::flushOutput@1 (line 226)
                      ; - org.gradle.internal.logging.sink.GroupingProgressLogEventGenerator$OperationGroup::maybeFlushOutput@30 (line 252)
                      ; - org.gradle.internal.logging.sink.GroupingProgressLogEventGenerator::onUpdateNow@47 (line 135)
                      ; - org.gradle.internal.logging.sink.GroupingProgressLogEventGenerator::onOutput@84 (line 80)
                      ; - org.gradle.internal.logging.console.BuildLogLevelFilterRenderer::onOutput@47 (line 41)
                      ; - org.gradle.internal.logging.console.WorkInProgressRenderer::onOutput@47 (line 76)
                      ; - org.gradle.internal.logging.console.BuildStatusRenderer::onOutput@293 (line 111)
  0x00000288997e7eb4: 48ea 79ff | baf6 ffff | ff66 6690 

  0x00000288997e7ec0: ;   {runtime_call UncommonTrapBlob}
  0x00000288997e7ec0: c5f8 77e8 

  0x00000288997e7ec4: ; ImmutableOopMap {}
                      ;*invokevirtual isShowHeader {reexecute=0 rethrow=0 return_oop=0}
                      ; - org.gradle.internal.logging.sink.GroupingProgressLogEventGenerator$OperationGroup::shouldForward@16 (line 290)
                      ; - org.gradle.internal.logging.sink.GroupingProgressLogEventGenerator$OperationGroup::flushOutput@1 (line 226)
                      ; - org.gradle.internal.logging.sink.GroupingProgressLogEventGenerator$OperationGroup::maybeFlushOutput@30 (line 252)
                      ; - org.gradle.internal.logging.sink.GroupingProgressLogEventGenerator::onUpdateNow@47 (line 135)
                      ; - org.gradle.internal.logging.sink.GroupingProgressLogEventGenerator::onOutput@84 (line 80)
                      ; - org.gradle.internal.logging.console.BuildLogLevelFilterRenderer::onOutput@47 (line 41)
                      ; - org.gradle.internal.logging.console.WorkInProgressRenderer::onOutput@47 (line 76)
                      ; - org.gradle.internal.logging.console.BuildStatusRenderer::onOutput@293 (line 111)
  0x00000288997e7ec4: 38ea 79ff | baf6 ffff | ff66 6690 

  0x00000288997e7ed0: ;   {runtime_call UncommonTrapBlob}
  0x00000288997e7ed0: c5f8 77e8 

  0x00000288997e7ed4: ; ImmutableOopMap {}
                      ;*getfield verbose {reexecute=1 rethrow=0 return_oop=0}
                      ; - (reexecute) org.gradle.internal.logging.sink.GroupingProgressLogEventGenerator::access$1000@1 (line 49)
                      ; - org.gradle.internal.logging.sink.GroupingProgressLogEventGenerator$OperationGroup::shouldPrintHeader@4 (line 282)
                      ; - org.gradle.internal.logging.sink.GroupingProgressLogEventGenerator$OperationGroup::shouldForward@23 (line 290)
                      ; - org.gradle.internal.logging.sink.GroupingProgressLogEventGenerator$OperationGroup::flushOutput@1 (line 226)
                      ; - org.gradle.internal.logging.sink.GroupingProgressLogEventGenerator$OperationGroup::maybeFlushOutput@30 (line 252)
                      ; - org.gradle.internal.logging.sink.GroupingProgressLogEventGenerator::onUpdateNow@47 (line 135)
                      ; - org.gradle.internal.logging.sink.GroupingProgressLogEventGenerator::onOutput@84 (line 80)
                      ; - org.gradle.internal.logging.console.BuildLogLevelFilterRenderer::onOutput@47 (line 41)
                      ; - org.gradle.internal.logging.console.WorkInProgressRenderer::onOutput@47 (line 76)
                      ; - org.gradle.internal.logging.console.BuildStatusRenderer::onOutput@293 (line 111)
  0x00000288997e7ed4: 28ea 79ff | ba45 ffff | ff4c 8b5c | 2438 4c89 | 5c24 204c | 8954 2430 | 4c89 4c24 | 3866 6690 
  0x00000288997e7ef4: ;   {runtime_call UncommonTrapBlob}
  0x00000288997e7ef4: c5f8 77e8 

  0x00000288997e7ef8: ; ImmutableOopMap {rbp=NarrowOop [32]=Oop [40]=Oop [48]=Oop [56]=Oop }
                      ;*ifnonnull {reexecute=1 rethrow=0 return_oop=0}
                      ; - (reexecute) java.util.LinkedHashMap::values@6 (line 615)
                      ; - org.gradle.internal.logging.sink.GroupingProgressLogEventGenerator::onUpdateNow@12 (line 134)
                      ; - org.gradle.internal.logging.sink.GroupingProgressLogEventGenerator::onOutput@84 (line 80)
                      ; - org.gradle.internal.logging.console.BuildLogLevelFilterRenderer::onOutput@47 (line 41)
                      ; - org.gradle.internal.logging.console.WorkInProgressRenderer::onOutput@47 (line 76)
                      ; - org.gradle.internal.logging.console.BuildStatusRenderer::onOutput@293 (line 111)
  0x00000288997e7ef8: 04ea 79ff | baf6 ffff | ff66 6690 

  0x00000288997e7f04: ;   {runtime_call UncommonTrapBlob}
  0x00000288997e7f04: c5f8 77e8 

  0x00000288997e7f08: ; ImmutableOopMap {}
                      ;*getfield lastRenderedBuildOpId {reexecute=1 rethrow=0 return_oop=0}
                      ; - (reexecute) org.gradle.internal.logging.sink.GroupingProgressLogEventGenerator::access$300@1 (line 49)
                      ; - org.gradle.internal.logging.sink.GroupingProgressLogEventGenerator$OperationGroup::hasForeground@8 (line 265)
                      ; - org.gradle.internal.logging.sink.GroupingProgressLogEventGenerator$OperationGroup::canClaimForeground@1 (line 261)
                      ; - org.gradle.internal.logging.sink.GroupingProgressLogEventGenerator$OperationGroup::maybeFlushOutput@23 (line 251)
                      ; - org.gradle.internal.logging.sink.GroupingProgressLogEventGenerator::onUpdateNow@47 (line 135)
                      ; - org.gradle.internal.logging.sink.GroupingProgressLogEventGenerator::onOutput@84 (line 80)
                      ; - org.gradle.internal.logging.console.BuildLogLevelFilterRenderer::onOutput@47 (line 41)
                      ; - org.gradle.internal.logging.console.WorkInProgressRenderer::onOutput@47 (line 76)
                      ; - org.gradle.internal.logging.console.BuildStatusRenderer::onOutput@293 (line 111)
  0x00000288997e7f08: f4e9 79ff | baf6 ffff | ff41 8beb 

  0x00000288997e7f14: ;   {runtime_call UncommonTrapBlob}
  0x00000288997e7f14: c5f8 77e8 

  0x00000288997e7f18: ; ImmutableOopMap {rbp=NarrowOop }
                      ;*invokevirtual equals {reexecute=0 rethrow=0 return_oop=0}
                      ; - org.gradle.internal.logging.sink.GroupingProgressLogEventGenerator$OperationGroup::hasForeground@11 (line 265)
                      ; - org.gradle.internal.logging.sink.GroupingProgressLogEventGenerator$OperationGroup::canClaimForeground@1 (line 261)
                      ; - org.gradle.internal.logging.sink.GroupingProgressLogEventGenerator$OperationGroup::maybeFlushOutput@23 (line 251)
                      ; - org.gradle.internal.logging.sink.GroupingProgressLogEventGenerator::onUpdateNow@47 (line 135)
                      ; - org.gradle.internal.logging.sink.GroupingProgressLogEventGenerator::onOutput@84 (line 80)
                      ; - org.gradle.internal.logging.console.BuildLogLevelFilterRenderer::onOutput@47 (line 41)
                      ; - org.gradle.internal.logging.console.WorkInProgressRenderer::onOutput@47 (line 76)
                      ; - org.gradle.internal.logging.console.BuildStatusRenderer::onOutput@293 (line 111)
  0x00000288997e7f18: e4e9 79ff | baf6 ffff | ff66 6690 

  0x00000288997e7f24: ;   {runtime_call UncommonTrapBlob}
  0x00000288997e7f24: c5f8 77e8 

  0x00000288997e7f28: ; ImmutableOopMap {}
                      ;*invokeinterface isEmpty {reexecute=0 rethrow=0 return_oop=0}
                      ; - org.gradle.internal.logging.sink.GroupingProgressLogEventGenerator$OperationGroup::canClaimForeground@11 (line 261)
                      ; - org.gradle.internal.logging.sink.GroupingProgressLogEventGenerator$OperationGroup::maybeFlushOutput@23 (line 251)
                      ; - org.gradle.internal.logging.sink.GroupingProgressLogEventGenerator::onUpdateNow@47 (line 135)
                      ; - org.gradle.internal.logging.sink.GroupingProgressLogEventGenerator::onOutput@84 (line 80)
                      ; - org.gradle.internal.logging.console.BuildLogLevelFilterRenderer::onOutput@47 (line 41)
                      ; - org.gradle.internal.logging.console.WorkInProgressRenderer::onOutput@47 (line 76)
                      ; - org.gradle.internal.logging.console.BuildStatusRenderer::onOutput@293 (line 111)
  0x00000288997e7f28: d4e9 79ff | baf6 ffff | ff41 8be8 

  0x00000288997e7f34: ;   {runtime_call UncommonTrapBlob}
  0x00000288997e7f34: c5f8 77e8 

  0x00000288997e7f38: ; ImmutableOopMap {rbp=NarrowOop }
                      ;*invokeinterface add {reexecute=0 rethrow=0 return_oop=0}
                      ; - org.gradle.internal.logging.console.BuildStatusRenderer::onOutput@139 (line 91)
  0x00000288997e7f38: c4e9 79ff | baf6 ffff | ff41 8be8 

  0x00000288997e7f44: ;   {runtime_call UncommonTrapBlob}
  0x00000288997e7f44: c5f8 77e8 

  0x00000288997e7f48: ; ImmutableOopMap {rbp=NarrowOop }
                      ;*invokevirtual put {reexecute=0 rethrow=0 return_oop=0}
                      ; - java.util.HashSet::add@8 (line 221)
                      ; - org.gradle.internal.logging.console.BuildStatusRenderer::onOutput@139 (line 91)
  0x00000288997e7f48: b4e9 79ff | baf4 ffff | ff4c 8b54 | 2430 4c89 | 5424 204c | 8b54 2440 | 4c89 5424 | 2844 8b5c 
  0x00000288997e7f68: 2450 4489 | 5c24 3c44 | 8b54 2454 | 4489 5424 | 5066 6690 

  0x00000288997e7f7c: ;   {runtime_call UncommonTrapBlob}
  0x00000288997e7f7c: c5f8 77e8 

  0x00000288997e7f80: ; ImmutableOopMap {rbp=Oop [32]=Oop [40]=Oop [72]=NarrowOop [76]=NarrowOop [80]=NarrowOop [96]=Oop [128]=Oop }
                      ;*checkcast {reexecute=0 rethrow=0 return_oop=0}
                      ; - org.gradle.internal.logging.sink.GroupingProgressLogEventGenerator$OperationGroup::flushOutput@130 (line 237)
                      ; - org.gradle.internal.logging.sink.GroupingProgressLogEventGenerator$OperationGroup::maybeFlushOutput@30 (line 252)
                      ; - org.gradle.internal.logging.sink.GroupingProgressLogEventGenerator::onUpdateNow@47 (line 135)
                      ; - org.gradle.internal.logging.sink.GroupingProgressLogEventGenerator::onOutput@84 (line 80)
                      ; - org.gradle.internal.logging.console.BuildLogLevelFilterRenderer::onOutput@47 (line 41)
                      ; - org.gradle.internal.logging.console.WorkInProgressRenderer::onOutput@47 (line 76)
                      ; - org.gradle.internal.logging.console.BuildStatusRenderer::onOutput@293 (line 111)
  0x00000288997e7f80: 7ce9 79ff | baf6 ffff | ff66 6690 

  0x00000288997e7f8c: ;   {runtime_call UncommonTrapBlob}
  0x00000288997e7f8c: c5f8 77e8 

  0x00000288997e7f90: ; ImmutableOopMap {}
                      ;*getfield listener {reexecute=1 rethrow=0 return_oop=0}
                      ; - (reexecute) org.gradle.internal.logging.sink.GroupingProgressLogEventGenerator::access$400@1 (line 49)
                      ; - org.gradle.internal.logging.sink.GroupingProgressLogEventGenerator$OperationGroup::flushOutput@143 (line 239)
                      ; - org.gradle.internal.logging.sink.GroupingProgressLogEventGenerator$OperationGroup::maybeFlushOutput@30 (line 252)
                      ; - org.gradle.internal.logging.sink.GroupingProgressLogEventGenerator::onUpdateNow@47 (line 135)
                      ; - org.gradle.internal.logging.sink.GroupingProgressLogEventGenerator::onOutput@84 (line 80)
                      ; - org.gradle.internal.logging.console.BuildLogLevelFilterRenderer::onOutput@47 (line 41)
                      ; - org.gradle.internal.logging.console.WorkInProgressRenderer::onOutput@47 (line 76)
                      ; - org.gradle.internal.logging.console.BuildStatusRenderer::onOutput@293 (line 111)
  0x00000288997e7f90: 6ce9 79ff | baf6 ffff | ff49 8bea 

  0x00000288997e7f9c: ;   {runtime_call UncommonTrapBlob}
  0x00000288997e7f9c: c5f8 77e8 

  0x00000288997e7fa0: ; ImmutableOopMap {rbp=Oop }
                      ;*invokeinterface onOutput {reexecute=0 rethrow=0 return_oop=0}
                      ; - org.gradle.internal.logging.sink.GroupingProgressLogEventGenerator$OperationGroup::flushOutput@147 (line 239)
                      ; - org.gradle.internal.logging.sink.GroupingProgressLogEventGenerator$OperationGroup::maybeFlushOutput@30 (line 252)
                      ; - org.gradle.internal.logging.sink.GroupingProgressLogEventGenerator::onUpdateNow@47 (line 135)
                      ; - org.gradle.internal.logging.sink.GroupingProgressLogEventGenerator::onOutput@84 (line 80)
                      ; - org.gradle.internal.logging.console.BuildLogLevelFilterRenderer::onOutput@47 (line 41)
                      ; - org.gradle.internal.logging.console.WorkInProgressRenderer::onOutput@47 (line 76)
                      ; - org.gradle.internal.logging.console.BuildStatusRenderer::onOutput@293 (line 111)
  0x00000288997e7fa0: 5ce9 79ff | baf6 ffff | ff66 6690 

  0x00000288997e7fac: ;   {runtime_call UncommonTrapBlob}
  0x00000288997e7fac: c5f8 77e8 

  0x00000288997e7fb0: ; ImmutableOopMap {}
                      ;*getfield size {reexecute=1 rethrow=0 return_oop=0}
                      ; - (reexecute) java.util.ArrayList$Itr::hasNext@8 (line 962)
                      ; - org.gradle.internal.logging.sink.GroupingProgressLogEventGenerator$OperationGroup::flushOutput@116 (line 237)
                      ; - org.gradle.internal.logging.sink.GroupingProgressLogEventGenerator$OperationGroup::maybeFlushOutput@30 (line 252)
                      ; - org.gradle.internal.logging.sink.GroupingProgressLogEventGenerator::onUpdateNow@47 (line 135)
                      ; - org.gradle.internal.logging.sink.GroupingProgressLogEventGenerator::onOutput@84 (line 80)
                      ; - org.gradle.internal.logging.console.BuildLogLevelFilterRenderer::onOutput@47 (line 41)
                      ; - org.gradle.internal.logging.console.WorkInProgressRenderer::onOutput@47 (line 76)
                      ; - org.gradle.internal.logging.console.BuildStatusRenderer::onOutput@293 (line 111)
  0x00000288997e7fb0: 4ce9 79ff | baf6 ffff | ff66 6690 

  0x00000288997e7fbc: ;   {runtime_call UncommonTrapBlob}
  0x00000288997e7fbc: c5f8 77e8 

  0x00000288997e7fc0: ; ImmutableOopMap {}
                      ;*getfield lastRenderedBuildOpId {reexecute=1 rethrow=0 return_oop=0}
                      ; - (reexecute) org.gradle.internal.logging.sink.GroupingProgressLogEventGenerator::access$300@1 (line 49)
                      ; - org.gradle.internal.logging.sink.GroupingProgressLogEventGenerator$OperationGroup::hasForeground@8 (line 265)
                      ; - org.gradle.internal.logging.sink.GroupingProgressLogEventGenerator$OperationGroup::flushOutput@26 (line 228)
                      ; - org.gradle.internal.logging.sink.GroupingProgressLogEventGenerator$OperationGroup::maybeFlushOutput@30 (line 252)
                      ; - org.gradle.internal.logging.sink.GroupingProgressLogEventGenerator::onUpdateNow@47 (line 135)
                      ; - org.gradle.internal.logging.sink.GroupingProgressLogEventGenerator::onOutput@84 (line 80)
                      ; - org.gradle.internal.logging.console.BuildLogLevelFilterRenderer::onOutput@47 (line 41)
                      ; - org.gradle.internal.logging.console.WorkInProgressRenderer::onOutput@47 (line 76)
                      ; - org.gradle.internal.logging.console.BuildStatusRenderer::onOutput@293 (line 111)
  0x00000288997e7fc0: 3ce9 79ff | baf6 ffff | ff8b e990 

  0x00000288997e7fcc: ;   {runtime_call UncommonTrapBlob}
  0x00000288997e7fcc: c5f8 77e8 

  0x00000288997e7fd0: ; ImmutableOopMap {rbp=NarrowOop }
                      ;*invokevirtual equals {reexecute=0 rethrow=0 return_oop=0}
                      ; - org.gradle.internal.logging.sink.GroupingProgressLogEventGenerator$OperationGroup::hasForeground@11 (line 265)
                      ; - org.gradle.internal.logging.sink.GroupingProgressLogEventGenerator$OperationGroup::flushOutput@26 (line 228)
                      ; - org.gradle.internal.logging.sink.GroupingProgressLogEventGenerator$OperationGroup::maybeFlushOutput@30 (line 252)
                      ; - org.gradle.internal.logging.sink.GroupingProgressLogEventGenerator::onUpdateNow@47 (line 135)
                      ; - org.gradle.internal.logging.sink.GroupingProgressLogEventGenerator::onOutput@84 (line 80)
                      ; - org.gradle.internal.logging.console.BuildLogLevelFilterRenderer::onOutput@47 (line 41)
                      ; - org.gradle.internal.logging.console.WorkInProgressRenderer::onOutput@47 (line 76)
                      ; - org.gradle.internal.logging.console.BuildStatusRenderer::onOutput@293 (line 111)
  0x00000288997e7fd0: 2ce9 79ff | baf6 ffff | ff66 6690 

  0x00000288997e7fdc: ;   {runtime_call UncommonTrapBlob}
  0x00000288997e7fdc: c5f8 77e8 

  0x00000288997e7fe0: ; ImmutableOopMap {}
                      ;*invokeinterface iterator {reexecute=0 rethrow=0 return_oop=0}
                      ; - org.gradle.internal.logging.sink.GroupingProgressLogEventGenerator$OperationGroup::flushOutput@109 (line 237)
                      ; - org.gradle.internal.logging.sink.GroupingProgressLogEventGenerator$OperationGroup::maybeFlushOutput@30 (line 252)
                      ; - org.gradle.internal.logging.sink.GroupingProgressLogEventGenerator::onUpdateNow@47 (line 135)
                      ; - org.gradle.internal.logging.sink.GroupingProgressLogEventGenerator::onOutput@84 (line 80)
                      ; - org.gradle.internal.logging.console.BuildLogLevelFilterRenderer::onOutput@47 (line 41)
                      ; - org.gradle.internal.logging.console.WorkInProgressRenderer::onOutput@47 (line 76)
                      ; - org.gradle.internal.logging.console.BuildStatusRenderer::onOutput@293 (line 111)
  0x00000288997e7fe0: 1ce9 79ff | baf6 ffff | ff66 6690 

  0x00000288997e7fec: ;   {runtime_call UncommonTrapBlob}
  0x00000288997e7fec: c5f8 77e8 

  0x00000288997e7ff0: ; ImmutableOopMap {}
                      ;*invokeinterface clear {reexecute=0 rethrow=0 return_oop=0}
                      ; - org.gradle.internal.logging.sink.GroupingProgressLogEventGenerator$OperationGroup::flushOutput@168 (line 243)
                      ; - org.gradle.internal.logging.sink.GroupingProgressLogEventGenerator$OperationGroup::maybeFlushOutput@30 (line 252)
                      ; - org.gradle.internal.logging.sink.GroupingProgressLogEventGenerator::onUpdateNow@47 (line 135)
                      ; - org.gradle.internal.logging.sink.GroupingProgressLogEventGenerator::onOutput@84 (line 80)
                      ; - org.gradle.internal.logging.console.BuildLogLevelFilterRenderer::onOutput@47 (line 41)
                      ; - org.gradle.internal.logging.console.WorkInProgressRenderer::onOutput@47 (line 76)
                      ; - org.gradle.internal.logging.console.BuildStatusRenderer::onOutput@293 (line 111)
  0x00000288997e7ff0: 0ce9 79ff | baf6 ffff | ff66 6690 

  0x00000288997e7ffc: ;   {runtime_call UncommonTrapBlob}
  0x00000288997e7ffc: c5f8 77e8 

  0x00000288997e8000: ; ImmutableOopMap {}
                      ;*getfield currentTimePeriod {reexecute=1 rethrow=0 return_oop=0}
                      ; - (reexecute) org.gradle.internal.logging.sink.GroupingProgressLogEventGenerator::access$500@1 (line 49)
                      ; - org.gradle.internal.logging.sink.GroupingProgressLogEventGenerator$OperationGroup::flushOutput@178 (line 244)
                      ; - org.gradle.internal.logging.sink.GroupingProgressLogEventGenerator$OperationGroup::maybeFlushOutput@30 (line 252)
                      ; - org.gradle.internal.logging.sink.GroupingProgressLogEventGenerator::onUpdateNow@47 (line 135)
                      ; - org.gradle.internal.logging.sink.GroupingProgressLogEventGenerator::onOutput@84 (line 80)
                      ; - org.gradle.internal.logging.console.BuildLogLevelFilterRenderer::onOutput@47 (line 41)
                      ; - org.gradle.internal.logging.console.WorkInProgressRenderer::onOutput@47 (line 76)
                      ; - org.gradle.internal.logging.console.BuildStatusRenderer::onOutput@293 (line 111)
  0x00000288997e8000: fce8 79ff | baf6 ffff | ff48 8be8 

  0x00000288997e800c: ;   {runtime_call UncommonTrapBlob}
  0x00000288997e800c: c5f8 77e8 

  0x00000288997e8010: ; ImmutableOopMap {rbp=Oop }
                      ;*invokeinterface onOutput {reexecute=0 rethrow=0 return_oop=0}
                      ; - org.gradle.internal.logging.sink.GroupingProgressLogEventGenerator$OperationGroup::flushOutput@71 (line 230)
                      ; - org.gradle.internal.logging.sink.GroupingProgressLogEventGenerator$OperationGroup::maybeFlushOutput@30 (line 252)
                      ; - org.gradle.internal.logging.sink.GroupingProgressLogEventGenerator::onUpdateNow@47 (line 135)
                      ; - org.gradle.internal.logging.sink.GroupingProgressLogEventGenerator::onOutput@84 (line 80)
                      ; - org.gradle.internal.logging.console.BuildLogLevelFilterRenderer::onOutput@47 (line 41)
                      ; - org.gradle.internal.logging.console.WorkInProgressRenderer::onOutput@47 (line 76)
                      ; - org.gradle.internal.logging.console.BuildStatusRenderer::onOutput@293 (line 111)
  0x00000288997e8010: ece8 79ff | baf6 ffff | ff66 6690 

  0x00000288997e801c: ;   {runtime_call UncommonTrapBlob}
  0x00000288997e801c: c5f8 77e8 

  0x00000288997e8020: ; ImmutableOopMap {}
                      ;*getfield listener {reexecute=1 rethrow=0 return_oop=0}
                      ; - (reexecute) org.gradle.internal.logging.sink.GroupingProgressLogEventGenerator::access$400@1 (line 49)
                      ; - org.gradle.internal.logging.sink.GroupingProgressLogEventGenerator$OperationGroup::flushOutput@80 (line 232)
                      ; - org.gradle.internal.logging.sink.GroupingProgressLogEventGenerator$OperationGroup::maybeFlushOutput@30 (line 252)
                      ; - org.gradle.internal.logging.sink.GroupingProgressLogEventGenerator::onUpdateNow@47 (line 135)
                      ; - org.gradle.internal.logging.sink.GroupingProgressLogEventGenerator::onOutput@84 (line 80)
                      ; - org.gradle.internal.logging.console.BuildLogLevelFilterRenderer::onOutput@47 (line 41)
                      ; - org.gradle.internal.logging.console.WorkInProgressRenderer::onOutput@47 (line 76)
                      ; - org.gradle.internal.logging.console.BuildStatusRenderer::onOutput@293 (line 111)
  0x00000288997e8020: dce8 79ff | baf6 ffff | ff48 8be8 

  0x00000288997e802c: ;   {runtime_call UncommonTrapBlob}
  0x00000288997e802c: c5f8 77e8 

  0x00000288997e8030: ; ImmutableOopMap {rbp=Oop }
                      ;*invokeinterface onOutput {reexecute=0 rethrow=0 return_oop=0}
                      ; - org.gradle.internal.logging.sink.GroupingProgressLogEventGenerator$OperationGroup::flushOutput@87 (line 232)
                      ; - org.gradle.internal.logging.sink.GroupingProgressLogEventGenerator$OperationGroup::maybeFlushOutput@30 (line 252)
                      ; - org.gradle.internal.logging.sink.GroupingProgressLogEventGenerator::onUpdateNow@47 (line 135)
                      ; - org.gradle.internal.logging.sink.GroupingProgressLogEventGenerator::onOutput@84 (line 80)
                      ; - org.gradle.internal.logging.console.BuildLogLevelFilterRenderer::onOutput@47 (line 41)
                      ; - org.gradle.internal.logging.console.WorkInProgressRenderer::onOutput@47 (line 76)
                      ; - org.gradle.internal.logging.console.BuildStatusRenderer::onOutput@293 (line 111)
  0x00000288997e8030: cce8 79ff | e9a9 0400 | 00e9 a404 | 0000 e99f | 0400 00e9 | 9a04 0000 | e995 0400 | 00e9 9004 
  0x00000288997e8050: 0000 e98b | 0400 00e9 | 8604 0000 | e981 0400 | 00e9 7c04 | 0000 e977 | 0400 00e9 | 7204 0000 
  0x00000288997e8070: e96d 0400 | 00e9 6804 | 0000 e963 | 0400 0048 | 8bd8 e963 | 0400 0048 | 8bd8 e95b | 0400 0048 
  0x00000288997e8090: 8bd8 e953 | 0400 00e9 | 4604 0000 | 488b d0e9 | 9704 0000 | 488b d8e9 | 3e04 0000 | 488b d8e9 
  0x00000288997e80b0: 3604 0000 | 488b d8e9 | 2e04 0000 | 488b d8e9 | 2604 0000 | 488b d8e9 | 1e04 0000 | 488b d8e9 
  0x00000288997e80d0: 1604 0000 | 488b d8e9 | 0e04 0000 | 488b d8e9 | 0604 0000 | 488b d8e9 | b501 0000 | 488b d8e9 
  0x00000288997e80f0: ad01 0000 | 4c8b d0e9 | fb03 0000 | 488b d8e9 | e603 0000 | 488b d8e9 | de03 0000 | 488b d8e9 
  0x00000288997e8110: d603 0000 | 488b d8e9 | ce03 0000 | 488b d8e9 | c603 0000 | 488b d8e9 | be03 0000 | 488b d844 
  0x00000288997e8130: 8b50 0849 | bb00 0000 | a588 0200 | 004d 03da | 4d8b 5350 | 4c3b d50f | 85b5 0200 | 00ba 2500 
  0x00000288997e8150: 0000 488b | 6c24 2844 | 8b5c 2458 | 458b d344 | 8954 242c 

  0x00000288997e8164: ;   {runtime_call UncommonTrapBlob}
  0x00000288997e8164: c5f8 77e8 

  0x00000288997e8168: ; ImmutableOopMap {rbp=Oop [32]=Oop [44]=NarrowOop [48]=NarrowOop [88]=NarrowOop }
                      ;*new {reexecute=0 rethrow=0 return_oop=0}
                      ; - java.nio.CharBuffer::wrap@13 (line 410)
                      ; - sun.nio.cs.StreamEncoder::implWrite@3 (line 281)
                      ; - sun.nio.cs.StreamEncoder::write@60 (line 132)
                      ; - sun.nio.cs.StreamEncoder::write@33 (line 142)
                      ; - java.io.Writer::write@7 (line 249)
                      ; - java.io.OutputStreamWriter::append@29 (line 237)
                      ; - java.io.OutputStreamWriter::append@2 (line 76)
                      ; - org.gradle.internal.logging.console.DefaultAnsiExecutor::write@8 (line 106)
                      ; - org.gradle.internal.logging.console.DefaultAnsiExecutor::write@35 (line 49)
                      ; - org.gradle.internal.logging.console.AnsiConsole::redraw@58 (line 79)
                      ; - org.gradle.internal.logging.console.AnsiConsole::flush@1 (line 55)
                      ; - org.gradle.internal.logging.console.BuildStatusRenderer::renderNow@37 (line 125)
                      ; - org.gradle.internal.logging.console.BuildStatusRenderer::onOutput@321 (line 115)
  0x00000288997e8168: 94e7 79ff | e971 0300 | 0048 8bd8 | e9bf 0300 | 0048 8bd8 | e9b7 0300 | 0048 8bd8 | e9af 0300 
  0x00000288997e8188: 0048 8bd8 | e9a7 0300 | 0048 8bd8 | e99f 0300 | 0048 8bd8 | e949 0300 | 0048 8bd8 | 448b 5008 
  0x00000288997e81a8: e9fc 0200 | 0048 8bd0 | e986 0300 | 0048 8bd0 | e97e 0300 | 0048 8bd8 | e973 0300 | 0048 8bd0 
  0x00000288997e81c8: e96e 0300 | 0048 8bd0 | e966 0300 | 0048 8bd8 | e95b 0300 | 0048 8bd8 | e953 0300 | 0048 8bd0 
  0x00000288997e81e8: e94e 0300 | 00e9 f002 | 0000 e9eb | 0200 0048 | 8bd8 e9eb | 0200 00e9 | de02 0000 | 488b d0e9 
  0x00000288997e8208: 2f03 0000 | 488b d0e9 | 2703 0000 | e9c9 0200 | 0048 8bd8 | e9c9 0200 | 0048 8bd8 | e9c1 0200 
  0x00000288997e8228: 0048 8bd8 | e9b9 0200 | 00e9 ac02 | 0000 488b | d0e9 fd02 | 0000 488b | d8e9 a402 | 0000 488b 
  0x00000288997e8248: d8e9 9c02 | 0000 488b | d8e9 9402 | 0000 488b | d8e9 8c02 | 0000 488b | d8e9 8402 | 0000 488b 
  0x00000288997e8268: d8e9 7c02 | 0000 488b | d8e9 7402 | 0000 488b | d8e9 6c02 | 0000 488b | d8e9 6402 | 0000 488b 
  0x00000288997e8288: d8e9 5c02 | 0000 488b | d8e9 5402 | 0000 488b | d8e9 4c02 | 0000 488b | d84c 8b5c | 2458 488d 
  0x00000288997e82a8: 8424 c000 | 0000 4881 | 3800 0000 | 000f 8483 | 0000 004d | 8b13 49f7 | c202 0000 | 0074 6f49 
  0x00000288997e82c8: 81ba 8600 | 0000 0000 | 0000 7409 | 49ff 8a86 | 0000 00eb | 5149 8b82 | 9600 0000 | 490b 828e 
  0x00000288997e82e8: 0000 0075 | 0a49 c742 | 3e00 0000 | 00eb 4749 | 81ba 9e00 | 0000 0000 | 0000 7425 | 4833 c049 
  0x00000288997e8308: c742 3e00 | 0000 00f0 | 8304 2400 | 4981 ba9e | 0000 0000 | 0000 0075 | 0df0 4d0f | b17a 3e75 
  0x00000288997e8328: 0583 c801 | eb10 f7c0 | 0000 0000 | eb08 4c8b | 10f0 4d0f | b113 0f84 | a601 0000 | 498b cb48 
  0x00000288997e8348: 8d94 24c0 | 0000 004d | 8bc7 c5f8 | 7749 ba10 | 456c faf8 | 7f00 0041 | ffd2 e983 | 0100 0048 
  0x00000288997e8368: 8bd8 e97b | 0100 0048 | 8bd8 e973 | 0100 0048 | 8bd8 448b | 5808 49ba | 0000 00a5 | 8802 0000 
  0x00000288997e8388: 4d03 d34d 

  0x00000288997e838c: ;   {metadata('java/io/IOException')}
  0x00000288997e838c: 8b52 4849 | bbd8 4e04 | a688 0200 | 004d 3bd3 | 0f85 9601 | 0000 488b | e8ba 4d00 | 0000 6690 
  0x00000288997e83ac: ;   {runtime_call UncommonTrapBlob}
  0x00000288997e83ac: c5f8 77e8 

  0x00000288997e83b0: ; ImmutableOopMap {rbp=Oop }
                      ;*invokestatic throwAsUncheckedException {reexecute=0 rethrow=0 return_oop=0}
                      ; - org.gradle.internal.logging.console.AnsiConsole::flush@18 (line 59)
                      ; - org.gradle.internal.logging.console.BuildStatusRenderer::renderNow@37 (line 125)
                      ; - org.gradle.internal.logging.console.BuildStatusRenderer::onOutput@321 (line 115)
  0x00000288997e83b0: 4ce5 79ff | 488b d8e9 | 7c01 0000 | 488b d8e9 | 7401 0000 | 488b d8e9 | 1e01 0000 | 488b d8e9 
  0x00000288997e83d0: 1601 0000 | 488b ebe9 | f000 0000 | 488b d844 | 8b58 0849 | ba00 0000 | a588 0200 | 004d 03d3 
  0x00000288997e83f0: 4d8b 5250 | 4c3b d50f | 8450 fdff | ffeb 0348 | 8bd8 4c8b | 5c24 4848 | 8d84 24c0 | 0000 0048 
  0x00000288997e8410: 8138 0000 | 0000 0f84 | 8300 0000 | 4d8b 1349 | f7c2 0200 | 0000 746f | 4981 ba86 | 0000 0000 
  0x00000288997e8430: 0000 0074 | 0949 ff8a | 8600 0000 | eb51 498b | 8296 0000 | 0049 0b82 | 8e00 0000 | 750a 49c7 
  0x00000288997e8450: 423e 0000 | 0000 eb47 | 4981 ba9e | 0000 0000 | 0000 0074 | 2548 33c0 | 49c7 423e | 0000 0000 
  0x00000288997e8470: f083 0424 | 0049 81ba | 9e00 0000 | 0000 0000 | 750d f04d | 0fb1 7a3e | 7505 83c8 | 01eb 10f7 
  0x00000288997e8490: c000 0000 | 00eb 084c | 8b10 f04d | 0fb1 130f | 85a6 0000 | 0044 8b53 | 0849 bb00 | 0000 a588 
  0x00000288997e84b0: 0200 004d | 03da 4d8b 

  0x00000288997e84b8: ;   {metadata('java/io/IOException')}
  0x00000288997e84b8: 5348 49bb | d84e 04a6 | 8802 0000 | 4d3b d375 | 6f48 8beb | ba6a 0000 | 0066 6690 

  0x00000288997e84d4: ;   {runtime_call UncommonTrapBlob}
  0x00000288997e84d4: c5f8 77e8 

  0x00000288997e84d8: ; ImmutableOopMap {rbp=Oop [40]=Oop }
                      ;*invokestatic throwAsUncheckedException {reexecute=0 rethrow=0 return_oop=0}
                      ; - org.gradle.internal.logging.console.DefaultAnsiExecutor::write@19 (line 108)
                      ; - org.gradle.internal.logging.console.DefaultAnsiExecutor::write@35 (line 49)
                      ; - org.gradle.internal.logging.console.AnsiConsole::redraw@58 (line 79)
                      ; - org.gradle.internal.logging.console.AnsiConsole::flush@1 (line 55)
                      ; - org.gradle.internal.logging.console.BuildStatusRenderer::renderNow@37 (line 125)
                      ; - org.gradle.internal.logging.console.BuildStatusRenderer::onOutput@321 (line 115)
  0x00000288997e84d8: 24e4 79ff | eb04 eb02 | eb00 488b | d0eb 5448 | 8bd8 488b | d3eb 4c4c | 8bd0 eb03 | 4c8b d049 
  0x00000288997e84f8: 8bda 458b | 5a08 49ba | 0000 00a5 | 8802 0000 | 4d03 d3eb | 1448 8bd8 | 448b 4008 | 49ba 0000 
  0x00000288997e8518: 00a5 8802 | 0000 4d03 | d04d 8b52 

  0x00000288997e8524: ;   {metadata('java/io/IOException')}
  0x00000288997e8524: 4849 bbd8 | 4e04 a688 | 0200 004d | 3bd3 0f84 | 9cfe ffff | 488b d3c5 | f877 4881 | c4d0 0000 
  0x00000288997e8544: ;   {runtime_call _rethrow_Java}
  0x00000288997e8544: 005d e9b5 | a984 ff48 | 8b4c 2448 | 488d 9424 | c000 0000 | 4d8b c7c5 | f877 49ba | 1045 6cfa 
  0x00000288997e8564: f87f 0000 | 41ff d2e9 | 35ff ffff 

  0x00000288997e8570: ;   {internal_word}
  0x00000288997e8570: 49ba 9333 | 7e99 8802 | 0000 4d89 | 9760 0300 

  0x00000288997e8580: ;   {runtime_call SafepointBlob}
  0x00000288997e8580: 00e9 7af4 | 79ff f4f4 | f4f4 f4f4 | f4f4 f4f4 | f4f4 f4f4 | f4f4 f4f4 | f4f4 f4f4 | f4f4 f4f4 
[Stub Code]
  0x00000288997e85a0: ;   {no_reloc}
  0x00000288997e85a0: 48bb 0000 | 0000 0000 

  0x00000288997e85a8: ;   {runtime_call}
  0x00000288997e85a8: 0000 e9fb 

  0x00000288997e85ac: ;   {static_stub}
  0x00000288997e85ac: ffff ff48 | bb00 0000 | 0000 0000 

  0x00000288997e85b8: ;   {runtime_call}
  0x00000288997e85b8: 00e9 fbff 

  0x00000288997e85bc: ;   {static_stub}
  0x00000288997e85bc: ffff 48bb | 0000 0000 | 0000 0000 

  0x00000288997e85c8: ;   {runtime_call}
  0x00000288997e85c8: e9fb ffff 

  0x00000288997e85cc: ;   {static_stub}
  0x00000288997e85cc: ff48 bb00 | 0000 0000 

  0x00000288997e85d4: ;   {runtime_call}
  0x00000288997e85d4: 0000 00e9 | fbff ffff 

  0x00000288997e85dc: ;   {static_stub}
  0x00000288997e85dc: 48bb 0000 | 0000 0000 

  0x00000288997e85e4: ;   {runtime_call}
  0x00000288997e85e4: 0000 e9fb 

  0x00000288997e85e8: ;   {static_stub}
  0x00000288997e85e8: ffff ff48 | bb00 0000 | 0000 0000 

  0x00000288997e85f4: ;   {runtime_call}
  0x00000288997e85f4: 00e9 fbff 

  0x00000288997e85f8: ;   {static_stub}
  0x00000288997e85f8: ffff 48bb | 0000 0000 | 0000 0000 

  0x00000288997e8604: ;   {runtime_call}
  0x00000288997e8604: e9fb ffff 

  0x00000288997e8608: ;   {static_stub}
  0x00000288997e8608: ff48 bb00 | 0000 0000 

  0x00000288997e8610: ;   {runtime_call}
  0x00000288997e8610: 0000 00e9 | fbff ffff 

  0x00000288997e8618: ;   {static_stub}
  0x00000288997e8618: 48bb 0000 | 0000 0000 

  0x00000288997e8620: ;   {runtime_call}
  0x00000288997e8620: 0000 e9fb 

  0x00000288997e8624: ;   {static_stub}
  0x00000288997e8624: ffff ff48 | bb00 0000 | 0000 0000 

  0x00000288997e8630: ;   {runtime_call}
  0x00000288997e8630: 00e9 fbff 

  0x00000288997e8634: ;   {static_stub}
  0x00000288997e8634: ffff 48bb | 0000 0000 | 0000 0000 

  0x00000288997e8640: ;   {runtime_call}
  0x00000288997e8640: e9fb ffff 

  0x00000288997e8644: ;   {static_stub}
  0x00000288997e8644: ff48 bb00 | 0000 0000 

  0x00000288997e864c: ;   {runtime_call}
  0x00000288997e864c: 0000 00e9 | fbff ffff 

  0x00000288997e8654: ;   {static_stub}
  0x00000288997e8654: 48bb 0000 | 0000 0000 

  0x00000288997e865c: ;   {runtime_call}
  0x00000288997e865c: 0000 e9fb 

  0x00000288997e8660: ;   {static_stub}
  0x00000288997e8660: ffff ff48 | bb00 0000 | 0000 0000 

  0x00000288997e866c: ;   {runtime_call}
  0x00000288997e866c: 00e9 fbff 

  0x00000288997e8670: ;   {static_stub}
  0x00000288997e8670: ffff 48bb | 0000 0000 | 0000 0000 

  0x00000288997e867c: ;   {runtime_call}
  0x00000288997e867c: e9fb ffff 

  0x00000288997e8680: ;   {static_stub}
  0x00000288997e8680: ff48 bb00 | 0000 0000 

  0x00000288997e8688: ;   {runtime_call}
  0x00000288997e8688: 0000 00e9 | fbff ffff 

  0x00000288997e8690: ;   {static_stub}
  0x00000288997e8690: 48bb 0000 | 0000 0000 

  0x00000288997e8698: ;   {runtime_call}
  0x00000288997e8698: 0000 e9fb 

  0x00000288997e869c: ;   {static_stub}
  0x00000288997e869c: ffff ff48 | bb00 0000 | 0000 0000 

  0x00000288997e86a8: ;   {runtime_call}
  0x00000288997e86a8: 00e9 fbff 

  0x00000288997e86ac: ;   {static_stub}
  0x00000288997e86ac: ffff 48bb | 0000 0000 | 0000 0000 

  0x00000288997e86b8: ;   {runtime_call}
  0x00000288997e86b8: e9fb ffff 

  0x00000288997e86bc: ;   {static_stub}
  0x00000288997e86bc: ff48 bb00 | 0000 0000 

  0x00000288997e86c4: ;   {runtime_call}
  0x00000288997e86c4: 0000 00e9 | fbff ffff 

  0x00000288997e86cc: ;   {static_stub}
  0x00000288997e86cc: 48bb 0000 | 0000 0000 

  0x00000288997e86d4: ;   {runtime_call}
  0x00000288997e86d4: 0000 e9fb 

  0x00000288997e86d8: ;   {static_stub}
  0x00000288997e86d8: ffff ff48 | bb00 0000 | 0000 0000 

  0x00000288997e86e4: ;   {runtime_call}
  0x00000288997e86e4: 00e9 fbff 

  0x00000288997e86e8: ;   {static_stub}
  0x00000288997e86e8: ffff 48bb | 0000 0000 | 0000 0000 

  0x00000288997e86f4: ;   {runtime_call}
  0x00000288997e86f4: e9fb ffff 

  0x00000288997e86f8: ;   {static_stub}
  0x00000288997e86f8: ff48 bb00 | 0000 0000 

  0x00000288997e8700: ;   {runtime_call}
  0x00000288997e8700: 0000 00e9 | fbff ffff 

  0x00000288997e8708: ;   {static_stub}
  0x00000288997e8708: 48bb 0000 | 0000 0000 

  0x00000288997e8710: ;   {runtime_call}
  0x00000288997e8710: 0000 e9fb 

  0x00000288997e8714: ;   {static_stub}
  0x00000288997e8714: ffff ff48 | bb00 0000 | 0000 0000 

  0x00000288997e8720: ;   {runtime_call}
  0x00000288997e8720: 00e9 fbff 

  0x00000288997e8724: ;   {static_stub}
  0x00000288997e8724: ffff 48bb | 0000 0000 | 0000 0000 

  0x00000288997e8730: ;   {runtime_call}
  0x00000288997e8730: e9fb ffff 

  0x00000288997e8734: ;   {static_stub}
  0x00000288997e8734: ff48 bb00 | 0000 0000 

  0x00000288997e873c: ;   {runtime_call}
  0x00000288997e873c: 0000 00e9 | fbff ffff 

  0x00000288997e8744: ;   {static_stub}
  0x00000288997e8744: 48bb 0000 | 0000 0000 

  0x00000288997e874c: ;   {runtime_call}
  0x00000288997e874c: 0000 e9fb 

  0x00000288997e8750: ;   {static_stub}
  0x00000288997e8750: ffff ff48 | bb00 0000 | 0000 0000 

  0x00000288997e875c: ;   {runtime_call}
  0x00000288997e875c: 00e9 fbff 

  0x00000288997e8760: ;   {static_stub}
  0x00000288997e8760: ffff 48bb | 0000 0000 | 0000 0000 

  0x00000288997e876c: ;   {runtime_call}
  0x00000288997e876c: e9fb ffff 

  0x00000288997e8770: ;   {static_stub}
  0x00000288997e8770: ff48 bb00 | 0000 0000 

  0x00000288997e8778: ;   {runtime_call}
  0x00000288997e8778: 0000 00e9 | fbff ffff 

  0x00000288997e8780: ;   {static_stub}
  0x00000288997e8780: 48bb 8022 | 60e6 8802 

  0x00000288997e8788: ;   {runtime_call I2C/C2I adapters}
  0x00000288997e8788: 0000 e9ce 

  0x00000288997e878c: ;   {static_stub}
  0x00000288997e878c: de79 ff48 | bb80 6660 | e688 0200 

  0x00000288997e8798: ;   {runtime_call I2C/C2I adapters}
  0x00000288997e8798: 00e9 bfde 

  0x00000288997e879c: ;   {static_stub}
  0x00000288997e879c: 79ff 48bb | 0000 0000 | 0000 0000 

  0x00000288997e87a8: ;   {runtime_call}
  0x00000288997e87a8: e9fb ffff 

  0x00000288997e87ac: ;   {static_stub}
  0x00000288997e87ac: ff48 bb00 | 0000 0000 

  0x00000288997e87b4: ;   {runtime_call}
  0x00000288997e87b4: 0000 00e9 | fbff ffff 

  0x00000288997e87bc: ;   {static_stub}
  0x00000288997e87bc: 48bb 0000 | 0000 0000 

  0x00000288997e87c4: ;   {runtime_call}
  0x00000288997e87c4: 0000 e9fb 

  0x00000288997e87c8: ;   {static_stub}
  0x00000288997e87c8: ffff ff48 | bba0 ea7d | e688 0200 

  0x00000288997e87d4: ;   {runtime_call I2C/C2I adapters}
  0x00000288997e87d4: 00e9 0737 

  0x00000288997e87d8: ;   {static_stub}
  0x00000288997e87d8: 79ff 48bb | 0000 0000 | 0000 0000 

  0x00000288997e87e4: ;   {runtime_call}
  0x00000288997e87e4: e9fb ffff 

  0x00000288997e87e8: ;   {static_stub}
  0x00000288997e87e8: ff48 bb00 | 0000 0000 

  0x00000288997e87f0: ;   {runtime_call}
  0x00000288997e87f0: 0000 00e9 | fbff ffff 

  0x00000288997e87f8: ;   {static_stub}
  0x00000288997e87f8: 48bb 0000 | 0000 0000 

  0x00000288997e8800: ;   {runtime_call}
  0x00000288997e8800: 0000 e9fb 

  0x00000288997e8804: ;   {static_stub}
  0x00000288997e8804: ffff ff48 | bb00 0000 | 0000 0000 

  0x00000288997e8810: ;   {runtime_call}
  0x00000288997e8810: 00e9 fbff 

  0x00000288997e8814: ;   {static_stub}
  0x00000288997e8814: ffff 48bb | 0000 0000 | 0000 0000 

  0x00000288997e8820: ;   {runtime_call}
  0x00000288997e8820: e9fb ffff 

  0x00000288997e8824: ;   {static_stub}
  0x00000288997e8824: ff48 bb00 | 0000 0000 

  0x00000288997e882c: ;   {runtime_call}
  0x00000288997e882c: 0000 00e9 | fbff ffff 

  0x00000288997e8834: ;   {static_stub}
  0x00000288997e8834: 48bb 0000 | 0000 0000 

  0x00000288997e883c: ;   {runtime_call}
  0x00000288997e883c: 0000 e9fb 

  0x00000288997e8840: ;   {static_stub}
  0x00000288997e8840: ffff ff48 | bb00 0000 | 0000 0000 

  0x00000288997e884c: ;   {runtime_call}
  0x00000288997e884c: 00e9 fbff 

  0x00000288997e8850: ;   {static_stub}
  0x00000288997e8850: ffff 48bb | 0000 0000 | 0000 0000 

  0x00000288997e885c: ;   {runtime_call}
  0x00000288997e885c: e9fb ffff 

  0x00000288997e8860: ;   {static_stub}
  0x00000288997e8860: ff48 bb00 | 0000 0000 

  0x00000288997e8868: ;   {runtime_call}
  0x00000288997e8868: 0000 00e9 | fbff ffff 

  0x00000288997e8870: ;   {static_stub}
  0x00000288997e8870: 48bb 0000 | 0000 0000 

  0x00000288997e8878: ;   {runtime_call}
  0x00000288997e8878: 0000 e9fb 

  0x00000288997e887c: ;   {static_stub}
  0x00000288997e887c: ffff ff48 | bb00 0000 | 0000 0000 

  0x00000288997e8888: ;   {runtime_call}
  0x00000288997e8888: 00e9 fbff 

  0x00000288997e888c: ;   {static_stub}
  0x00000288997e888c: ffff 48bb | 0000 0000 | 0000 0000 

  0x00000288997e8898: ;   {runtime_call}
  0x00000288997e8898: e9fb ffff 

  0x00000288997e889c: ;   {static_stub}
  0x00000288997e889c: ff48 bb00 | 0000 0000 

  0x00000288997e88a4: ;   {runtime_call}
  0x00000288997e88a4: 0000 00e9 | fbff ffff 

  0x00000288997e88ac: ;   {static_stub}
  0x00000288997e88ac: 48bb 0000 | 0000 0000 

  0x00000288997e88b4: ;   {runtime_call}
  0x00000288997e88b4: 0000 e9fb 

  0x00000288997e88b8: ;   {static_stub}
  0x00000288997e88b8: ffff ff48 | bb00 0000 | 0000 0000 

  0x00000288997e88c4: ;   {runtime_call}
  0x00000288997e88c4: 00e9 fbff 

  0x00000288997e88c8: ;   {static_stub}
  0x00000288997e88c8: ffff 48bb | 0000 0000 | 0000 0000 

  0x00000288997e88d4: ;   {runtime_call}
  0x00000288997e88d4: e9fb ffff 

  0x00000288997e88d8: ;   {static_stub}
  0x00000288997e88d8: ff48 bb00 | 0000 0000 

  0x00000288997e88e0: ;   {runtime_call}
  0x00000288997e88e0: 0000 00e9 | fbff ffff 

  0x00000288997e88e8: ;   {static_stub}
  0x00000288997e88e8: 48bb 0000 | 0000 0000 

  0x00000288997e88f0: ;   {runtime_call}
  0x00000288997e88f0: 0000 e9fb 

  0x00000288997e88f4: ;   {static_stub}
  0x00000288997e88f4: ffff ff48 | bb00 0000 | 0000 0000 

  0x00000288997e8900: ;   {runtime_call}
  0x00000288997e8900: 00e9 fbff 

  0x00000288997e8904: ;   {static_stub}
  0x00000288997e8904: ffff 48bb | 0000 0000 | 0000 0000 

  0x00000288997e8910: ;   {runtime_call}
  0x00000288997e8910: e9fb ffff 

  0x00000288997e8914: ;   {static_stub}
  0x00000288997e8914: ff48 bb00 | 0000 0000 

  0x00000288997e891c: ;   {runtime_call}
  0x00000288997e891c: 0000 00e9 | fbff ffff 

  0x00000288997e8924: ;   {static_stub}
  0x00000288997e8924: 48bb 0000 | 0000 0000 

  0x00000288997e892c: ;   {runtime_call}
  0x00000288997e892c: 0000 e9fb 

  0x00000288997e8930: ;   {static_stub}
  0x00000288997e8930: ffff ff48 | bb00 0000 | 0000 0000 

  0x00000288997e893c: ;   {runtime_call}
  0x00000288997e893c: 00e9 fbff 

  0x00000288997e8940: ;   {static_stub}
  0x00000288997e8940: ffff 48bb | 0000 0000 | 0000 0000 

  0x00000288997e894c: ;   {runtime_call}
  0x00000288997e894c: e9fb ffff 

  0x00000288997e8950: ;   {runtime_call ExceptionBlob}
  0x00000288997e8950: ffe9 aaf8 | 7aff e800 | 0000 0048 | 832c 2405 

  0x00000288997e8960: ;   {runtime_call DeoptimizationBlob}
  0x00000288997e8960: e93b e379 | fff4 f4f4 
[/MachCode]


Compiled method (c2)  365722 2301   !   4       org.gradle.internal.logging.console.ThrottlingOutputEventListener::onOutput (85 bytes)
 total in heap  [0x000002889975c990,0x000002889975e470] = 6880
 relocation     [0x000002889975caf0,0x000002889975cba0] = 176
 main code      [0x000002889975cba0,0x000002889975dbe0] = 4160
 stub code      [0x000002889975dbe0,0x000002889975dc08] = 40
 oops           [0x000002889975dc08,0x000002889975dc18] = 16
 metadata       [0x000002889975dc18,0x000002889975dcc8] = 176
 scopes data    [0x000002889975dcc8,0x000002889975e110] = 1096
 scopes pcs     [0x000002889975e110,0x000002889975e3c0] = 688
 dependencies   [0x000002889975e3c0,0x000002889975e3d0] = 16
 handler table  [0x000002889975e3d0,0x000002889975e418] = 72
 nul chk table  [0x000002889975e418,0x000002889975e470] = 88

[Constant Pool (empty)]

[MachCode]
[Entry Point]
  # {method} {0x00000288e660c4a0} 'onOutput' '(Lorg/gradle/internal/logging/events/OutputEvent;)V' in 'org/gradle/internal/logging/console/ThrottlingOutputEventListener'
  # this:     rdx:rdx   = 'org/gradle/internal/logging/console/ThrottlingOutputEventListener'
  # parm0:    r8:r8     = 'org/gradle/internal/logging/events/OutputEvent'
  #           [sp+0xa0]  (sp of caller)
  0x000002889975cba0: 448b 5208 | 49bb 0000 | 00a5 8802 | 0000 4d03 | d349 3bc2 

  0x000002889975cbb4: ;   {runtime_call ic_miss_stub}
  0x000002889975cbb4: 0f85 c644 | 82ff 6690 | 0f1f 4000 
[Verified Entry Point]
  0x000002889975cbc0: 8984 2400 | 90ff ff55 | 4881 ec90 | 0000 004c | 8944 2420 | 4889 5424 | 6044 8b52 | 1c44 8954 
  0x000002889975cbe0: 245c 4585 | d20f 844d | 0c00 004c | 8954 2430 | 488d 9c24 | 8000 0000 | 4c8b 4424 | 3049 8b00 
  0x000002889975cc00: 48f7 c002 | 0000 0075 | 2448 83c8 | 0148 8903 | f049 0fb1 | 180f 843e | 0000 0048 | 2bc4 4881 
  0x000002889975cc20: e007 f0ff | ff48 8903 | e92c 0000 | 004c 8bd8 | 4833 c0f0 | 4d0f b17b | 3e48 c703 | 0300 0000 
  0x000002889975cc40: 0f84 1300 | 0000 4c3b | f80f 850a | 0000 0049 | ff83 8600 | 0000 4833 | c00f 8509 | 0c00 004c 
  0x000002889975cc60: 8b54 2460 | 418b 6a20 

  0x000002889975cc68: ; implicit exception: dispatches to 0x000002889975da94
  0x000002889975cc68: 448b 5508 

  0x000002889975cc6c: ;   {metadata('java/util/ArrayList')}
  0x000002889975cc6c: 4181 fa20 | df00 000f | 850c 0c00 | 004c 8bed | 458b 4d14 | 41ff 450c 

  0x000002889975cc84: ; implicit exception: dispatches to 0x000002889975dab0
  0x000002889975cc84: 418b 790c | 418b 7510 | 498b c98b | deff c33b | f70f 8448 | 0400 003b | f70f 83a9 | 0b00 0044 
  0x000002889975cca4: ;   {metadata('java/lang/Object'[])}
  0x000002889975cca4: 8b51 0841 | 81fa 2815 | 0000 0f85 | e80b 0000 | 488d 7cb1 | 1041 807f | 3800 0f85 | 8c07 0000 
  0x000002889975ccc4: 4c8b d748 | 8b74 2420 | 4c8b de44 | 891f 4c8b | de4d 33da | 49c1 eb14 | 4d85 db74 | 2048 85f6 
  0x000002889975cce4: 741b 49c1 | ea09 49b8 | 0000 6387 | 8802 0000 | 4d03 c241 | 8038 040f | 8581 0700 | 0041 895d 
  0x000002889975cd04: 104c 8b54 | 2460 458b | 5220 458b 

  0x000002889975cd10: ;   {metadata('java/util/ArrayList')}
  0x000002889975cd10: 5a08 4181 | fb20 df00 | 000f 8599 | 0b00 004d | 8bda 418b | 6b10 81fd | 1027 0000 | 0f84 db0b 
  0x000002889975cd30: 0000 448b 

  0x000002889975cd34: ;   {metadata('org/gradle/internal/logging/events/InteractiveEvent')}
  0x000002889975cd34: 4608 48b8 | 103b 01a6 | 8802 0000 | 48be 0000 | 00a5 8802 | 0000 4903 | f04c 8b5e | 204c 3bd8 
  0x000002889975cd54: 0f85 9602 | 0000 85ed | 0f85 0a02 | 0000 488d | 8424 8000 | 0000 4c8b | 5c24 3048 | 8138 0000 
  0x000002889975cd74: 0000 0f84 | 8300 0000 | 4d8b 1349 | f7c2 0200 | 0000 746f | 4981 ba86 | 0000 0000 | 0000 0074 
  0x000002889975cd94: 0949 ff8a | 8600 0000 | eb51 498b | 8296 0000 | 0049 0b82 | 8e00 0000 | 750a 49c7 | 423e 0000 
  0x000002889975cdb4: 0000 eb47 | 4981 ba9e | 0000 0000 | 0000 0074 | 2548 33c0 | 49c7 423e | 0000 0000 | f083 0424 
  0x000002889975cdd4: 0049 81ba | 9e00 0000 | 0000 0000 | 750d f04d | 0fb1 7a3e | 7505 83c8 | 01eb 10f7 | c000 0000 
  0x000002889975cdf4: 00eb 084c | 8b10 f04d | 0fb1 130f | 85cb 0a00 | 00c5 f877 | 4881 c490 | 0000 005d 

  0x000002889975ce10: ;   {poll_return}
  0x000002889975ce10: 493b a748 | 0300 000f | 87ad 0d00 | 00c3 6690 | 448b f349 | 8bdb 488d | 4d14 458b | ea4d 63c2 
  0x000002889975ce30: c5f8 7749 | ba20 8af6 | 9888 0200 | 0041 ffd2 | 4c8b db45 | 8bd5 418b | de45 8953 | 1044 3bd6 
  0x000002889975ce50: 0f83 5e08 | 0000 4180 | 7f38 000f | 85bb 0500 | 0044 8964 | bd0c 448b | 5b08 49ba | 0000 00a5 
  0x000002889975ce70: 8802 0000 | 4d03 d34d 

  0x000002889975ce78: ;   {metadata('org/gradle/internal/logging/events/OutputEvent')}
  0x000002889975ce78: 8b52 3849 | bbf0 3601 | a688 0200 | 004d 3bd3 | 0f85 f208 | 0000 4c8b | 5424 6041 | 8b6a 104c 
  0x000002889975ce98: 8bc3 448b 

  0x000002889975ce9c: ;   {metadata('org/gradle/internal/logging/console/UserInputConsoleRenderer')}
  0x000002889975ce9c: 5d08 4181 | fb18 d30a | 010f 85e9 | 0800 0045 | 8b48 084c 

  0x000002889975ceb0: ;   {metadata('org/gradle/internal/logging/events/UserInputRequestEvent')}
  0x000002889975ceb0: 8bd5 4181 | f9a8 3d0c | 010f 840d 

  0x000002889975cebc: ;   {metadata('org/gradle/internal/logging/events/UserInputResumeEvent')}
  0x000002889975cebc: 0800 0041 | 81f9 78d5 | 0a01 0f84 | 1808 0000 | 49bb 0000 | 00a5 8802 | 0000 4d03 | d94d 8b5b 
  0x000002889975cedc: ;   {metadata('org/gradle/internal/logging/events/PromptOutputEvent')}
  0x000002889975cedc: 5048 b9b8 | d70a a688 | 0200 004c | 3bd9 0f84 | 0c08 0000 

  0x000002889975cef0: ;   {metadata('org/gradle/internal/logging/events/UserInputValidationProblemEvent')}
  0x000002889975cef0: 4181 f908 | da0a 010f | 8417 0800 

  0x000002889975cefc: ;   {metadata('org/gradle/internal/logging/events/ReadStdInEvent')}
  0x000002889975cefc: 0041 81f9 | a841 0c01 | 0f84 2208 | 0000 410f | b66a 0c85 | ed0f 850a | 0900 0041 | 8b6a 1044 
  0x000002889975cf1c: ;   {metadata('org/gradle/internal/logging/console/BuildStatusRenderer')}
  0x000002889975cf1c: 8b55 0841 | 81fa 48dc | 0a01 0f85 | 7c08 0000 | 488b d590 

  0x000002889975cf30: ;   {optimized virtual_call}
  0x000002889975cf30: c5f8 77e8 

  0x000002889975cf34: ; ImmutableOopMap {[48]=Oop [92]=NarrowOop [96]=Oop }
                      ;*invokeinterface onOutput {reexecute=0 rethrow=0 return_oop=0}
                      ; - org.gradle.internal.logging.console.AbstractUserInputRenderer::onOutput@105 (line 67)
                      ; - org.gradle.internal.logging.console.ThrottlingOutputEventListener::renderNow@31 (line 106)
                      ; - org.gradle.internal.logging.console.ThrottlingOutputEventListener::onOutput@48 (line 88)
  0x000002889975cf34: 283b 0800 | 4d8b 9750 

  0x000002889975cf3c: ; ImmutableOopMap {[48]=Oop [92]=NarrowOop [96]=Oop }
                      ;*goto {reexecute=1 rethrow=0 return_oop=0}
                      ; - (reexecute) org.gradle.internal.logging.console.ThrottlingOutputEventListener::renderNow@36 (line 107)
                      ; - org.gradle.internal.logging.console.ThrottlingOutputEventListener::onOutput@48 (line 88)
                      ;   {poll}
  0x000002889975cf3c: 0300 0041 | 8502 4c8b | 5424 6045 | 8b52 2045 

  0x000002889975cf4c: ;   {metadata('java/util/ArrayList')}
  0x000002889975cf4c: 8b5a 0841 | 81fb 20df | 0000 0f85 | 6008 0000 | 4d8b da45 | 8b43 1045 | 85c0 0f84 | f6fd ffff 
  0x000002889975cf6c: ; implicit exception: dispatches to 0x000002889975da2c
  0x000002889975cf6c: 458b 4208 

  0x000002889975cf70: ;   {metadata('java/util/ArrayList')}
  0x000002889975cf70: 4181 f820 | df00 000f | 85c7 0700 | 004d 8bda | 418b 7b10 | 85ff 0f8c | c807 0000 | 8bef 85ed 
  0x000002889975cf90: 0f84 0907 | 0000 418b | 6b14 8b75 | 0c85 f60f | 86c7 0700 | 0045 8b4b | 0c44 8bd7 | 41ff ca41 
  0x000002889975cfb0: ffc1 4589 | 4b0c 4c8b | c548 8d55 | 108b 1a45 | 85d2 0f8e | 81fe ffff | 3bf7 0f82 | fc07 0000 
  0x000002889975cfd0: 413b f20f | 82f3 0700 | 0045 85d2 | 0f8c ea07 | 0000 83ff | 010f 8535 | feff ffe9 | 59fe ffff 
  0x000002889975cff0: 488b 7e28 | 8b0f 4883 | c708 4885 | c0f2 48af | 0f85 0400 | 0000 4889 | 4620 0f84 | 4afd ffff 
  0x000002889975d010: ;   {metadata('org/gradle/internal/logging/events/EndOutputEvent')}
  0x000002889975d010: 4181 f810 | 4e01 010f | 8403 0900 | 0048 8d84 | 2480 0000 | 004c 8b5c | 2430 4881 | 3800 0000 
  0x000002889975d030: 000f 8483 | 0000 004d | 8b13 49f7 | c202 0000 | 0074 6f49 | 81ba 8600 | 0000 0000 | 0000 7409 
  0x000002889975d050: 49ff 8a86 | 0000 00eb | 5149 8b82 | 9600 0000 | 490b 828e | 0000 0075 | 0a49 c742 | 3e00 0000 
  0x000002889975d070: 00eb 4749 | 81ba 9e00 | 0000 0000 | 0000 7425 | 4833 c049 | c742 3e00 | 0000 00f0 | 8304 2400 
  0x000002889975d090: 4981 ba9e | 0000 0000 | 0000 0075 | 0df0 4d0f | b17a 3e75 | 0583 c801 | eb10 f7c0 | 0000 0000 
  0x000002889975d0b0: eb08 4c8b | 10f0 4d0f | b113 0f84 | 45fd ffff | 498b cb48 | 8d94 2480 | 0000 004d | 8bc7 c5f8 
  0x000002889975d0d0: 7749 ba10 | 456c faf8 | 7f00 0041 | ffd2 e922 | fdff ff85 | ff0f 873b 

  0x000002889975d0e8: ;   {oop(a 'java/lang/Object'[0] {0x00000000fc6c72b0})}
  0x000002889975d0e8: 0100 0041 | 81f9 b072 | 6cfc 0f85 | 2e01 0000 | 41bb 0a00 | 0000 83fb | 0a44 8bc3 | 450f 4ec3 
  0x000002889975d108: 4181 f800 | 0004 000f | 873b 0500 | 0049 8baf | 0801 0000 | 4963 c848 | c1e1 0248 | 83c1 174c 
  0x000002889975d128: 8bd1 4983 | e2f8 4c8b | dd4d 03da | 4d3b 9f18 | 0100 000f | 830f 0500 | 004d 899f | 0801 0000 
  0x000002889975d148: 410f 1883 | 0001 0000 | 48c7 4500 | 0100 0000 | 410f 1883 | 4001 0000 

  0x000002889975d160: ;   {metadata('java/lang/Object'[])}
  0x000002889975d160: c745 0828 | 1500 0044 | 8945 0c41 | 0f18 8380 | 0100 0048 | 8bfd 4883 | c710 48c1 | e903 4883 
  0x000002889975d180: c1fe 4833 | c048 83f9 | 087f 1048 | ffc9 784f | 4889 04cf | 48ff c97d | f7eb 44c5 | fdef c0e9 
  0x000002889975d1a0: 0d00 0000 | c5fe 7f07 | c5fe 7f47 | 2048 83c7 | 4048 83e9 | 087d ed48 | 83c1 047c | 0cc5 fe7f 
  0x000002889975d1c0: 0748 83c7 | 2048 83e9 | 0448 83c1 | 047e 1048 | ffc9 c5f9 | d607 4883 | c708 48ff | c97d f341 
  0x000002889975d1e0: 807f 3800 | 0f85 e502 | 0000 4d8b | d54c 8bdd | 4589 5d14 | 4c8b dd4d | 33da 49c1 | eb14 4d85 
  0x000002889975d200: db0f 84e0 | 0100 0049 | c1ea 0948 | b900 0063 | 8788 0200 | 0049 03ca | 8039 040f | 85e1 0200 
  0x000002889975d220: 00e9 c101 | 0000 8bee | 2bef 448b | c741 d1f8 | ffc5 413b | e844 8bdd | 450f 4cd8 | 458b d344 
  0x000002889975d240: 03d7 458b | c241 ffc8 | 4181 f8f7 | ffff 7f0f | 83ab 0700 | 0045 8b41 | 0848 ba00 | 0000 a588 
  0x000002889975d260: 0200 0049 | 03d0 488b | 6a70 488b | 6d00 4585 | d20f 8c2f | 0700 0045 | 8bf2 895c | 2458 4889 
  0x000002889975d280: 4c24 5089 | 7424 4c89 | 7c24 4844 | 894c 243c | 4c89 6c24 | 4044 8b54 | 245c 4489 | 5424 384c 
  0x000002889975d2a0: 8b54 2460 | 4c89 5424 | 2844 8b52 | 144d 63ca | 4e8b 0c0a | 493b d10f | 8535 0100 | 004c 63d7 
  0x000002889975d2c0: 4d63 db4d | 03da 49c1 | e302 4983 | c317 458b | d641 81fa | 0000 0400 | 0f87 be06 | 0000 4c89 
  0x000002889975d2e0: 5c24 6041 | 8bda 4d8b | 9708 0100 | 004d 8bca | 4983 e3f8 | 4d03 d34d | 3b97 1801 | 0000 0f83 
  0x000002889975d300: e404 0000 | 4d89 9708 | 0100 0041 | 0f18 8200 | 0100 0049 | 8be9 48c7 | 4500 0100 | 0000 4489 
  0x000002889975d320: 4508 448b | cb44 894d | 0c41 0f18 | 8240 0100 | 0041 0f18 | 8280 0100 | 0044 8b5c | 2448 453b 
  0x000002889975d340: d941 8bc9 | 410f 4ccb | 488b d548 | 83c2 104c | 8b54 2460 | 49c1 ea03 | 488b dd85 | c90f 84cd 
  0x000002889975d360: 0500 0044 | 8b5c 243c | 4d8d 5b10 | 4c63 c141 | 3bc9 0f8c | d301 0000 | 498b cbc5 | f877 49ba 
  0x000002889975d380: e082 f698 | 8802 0000 | 41ff d241 | 807f 3800 | 0f85 3902 | 0000 4c8b | 6c24 4041 | 895d 144c 
  0x000002889975d3a0: 8bd5 4d8b | dd4d 33d3 | 49c1 ea14 | 4d85 d274 | 1a49 c1eb | 0948 b900 | 0063 8788 | 0200 0049 
  0x000002889975d3c0: 03cb 8039 | 040f 853c | 0200 004c | 8b54 2428 | 4c89 5424 | 6044 8b5c | 2438 4489 | 5c24 5c8b 
  0x000002889975d3e0: 7424 4c8b | 5c24 588b | 7d0c 488b | cde9 a9f8 | ffff 4183 | fa20 0f84 | c1fe ffff | badc ffff 
  0x000002889975d400: ff44 8b54 | 2438 4489 | 5424 3489 | 7424 3844 | 8974 2458 

  0x000002889975d414: ;   {runtime_call UncommonTrapBlob}
  0x000002889975d414: c5f8 77e8 

  0x000002889975d418: ; ImmutableOopMap {rbp=Oop [32]=Oop [40]=Oop [52]=NarrowOop [60]=NarrowOop [64]=Oop [92]=NarrowOop }
                      ;*invokestatic copyOf {reexecute=1 rethrow=0 return_oop=0}
                      ; - (reexecute) java.util.Arrays::copyOf@6 (line 3481)
                      ; - java.util.ArrayList::grow@37 (line 237)
                      ; - java.util.ArrayList::grow@7 (line 244)
                      ; - java.util.ArrayList::add@7 (line 454)
                      ; - java.util.ArrayList::add@20 (line 467)
                      ; - org.gradle.internal.logging.console.ThrottlingOutputEventListener::onOutput@12 (line 80)
  0x000002889975d418: e494 82ff | 448b 54bd | 0c45 85d2 | 0f84 37fa | ffff 4d8b | 5f20 498b | ca4d 85db | 0f84 cf03 
  0x000002889975d438: 0000 4d8b | 5730 4b89 | 4c1a f849 | 83c3 f84d | 895f 20e9 | 11fa ffff | 448b 1f45 | 85db 0f84 
  0x000002889975d458: 68f8 ffff | 4d8b 5720 | 498b cb4d | 85d2 0f84 | 8904 0000 | 4d8b 5f30 | 4b89 4c13 | f849 83c2 
  0x000002889975d478: f84d 8957 | 20e9 42f8 | ffff 4d8b | 5740 4d8b | 5f50 f083 | 4424 c000 | 4180 3800 | 0f84 67f8 
  0x000002889975d498: ffff 4588 | 204d 85d2 | 751b 498b | c849 8bd7 | c5f8 7749 | ba30 ce2a | faf8 7f00 | 0041 ffd2 
  0x000002889975d4b8: e944 f8ff | ff4f 8944 | 13f8 4983 | c2f8 4d89 | 5740 e932 | f8ff ff45 | 8b5d 1445 | 85db 0f84 
  0x000002889975d4d8: 0efd ffff | 4d8b 5720 | 498b cb4d | 85d2 0f84 | e404 0000 | 4d8b 5f30 | 4b89 4c13 | f849 83c2 
  0x000002889975d4f8: f84d 8957 | 20e9 e8fc | ffff 4d8b | 5740 4d8b | 5f50 f083 | 4424 c000 | 8039 000f | 84ce feff 
  0x000002889975d518: ff44 8821 | 4d85 d275 | 1849 8bd7 | c5f8 7749 | ba30 ce2a | faf8 7f00 | 0041 ffd2 | e9ae feff 
  0x000002889975d538: ff4b 894c | 13f8 4983 | c2f8 4d89 | 5740 e99c | feff ff4d | 8bc8 49c1 | e102 4983 | c110 498b 
  0x000002889975d558: c948 83e1 | fb48 8bfd | 4803 f949 | c1e9 034d | 2bd1 498b | ca48 33c0 | 4883 f908 | 7f10 48ff 
  0x000002889975d578: c978 4f48 | 8904 cf48 | ffc9 7df7 | eb44 c5fd | efc0 e90d | 0000 00c5 | fe7f 07c5 | fe7f 4720 
  0x000002889975d598: 4883 c740 | 4883 e908 | 7ded 4883 | c104 7c0c | c5fe 7f07 | 4883 c720 | 4883 e904 | 4883 c104 
  0x000002889975d5b8: 7e10 48ff | c9c5 f9d6 | 0748 83c7 | 0848 ffc9 | 7df3 e9a9 | fdff ff4c | 8b6c 2440 | 458b 5514 
  0x000002889975d5d8: 4585 d20f | 84ba fdff | ff4d 8b5f | 2049 8bca | 4d85 db0f | 84f7 0300 | 004d 8b57 | 304b 894c 
  0x000002889975d5f8: 1af8 4983 | c3f8 4d89 | 5f20 e994 | fdff ff4d | 8b57 404d | 8b5f 50f0 | 8344 24c0 | 0080 3900 
  0x000002889975d618: 0f84 adfd | ffff 4488 | 214d 85d2 | 7518 498b | d7c5 f877 | 49ba 30ce | 2afa f87f | 0000 41ff 
  0x000002889975d638: d2e9 8dfd | ffff 4b89 | 4c13 f849 | 83c2 f84d | 8957 40e9 | 7bfd ffff | 895c 2440 | 8974 242c 
  0x000002889975d658: 4c89 6c24 | 3844 8b5c | 245c 4489 | 5c24 2848 | 8b6c 2460 

  0x000002889975d66c: ;   {metadata('java/lang/Object'[])}
  0x000002889975d66c: 48ba 2815 | 00a5 8802 | 0000 6690 

  0x000002889975d678: ;   {runtime_call _new_array_Java}
  0x000002889975d678: c5f8 77e8 

  0x000002889975d67c: ; ImmutableOopMap {rbp=Oop [32]=Oop [40]=NarrowOop [48]=Oop [56]=Oop [96]=Oop }
                      ;*anewarray {reexecute=0 rethrow=0 return_oop=1}
                      ; - java.util.ArrayList::grow@52 (line 239)
                      ; - java.util.ArrayList::grow@7 (line 244)
                      ; - java.util.ArrayList::add@7 (line 454)
                      ; - java.util.ArrayList::add@20 (line 467)
                      ; - org.gradle.internal.logging.console.ThrottlingOutputEventListener::onOutput@12 (line 80)
  0x000002889975d67c: 802d 8dff | 448b 5c24 | 2844 895c | 245c 4c8b | 6c24 388b | 7424 2c8b | 5c24 4048 | 8be8 e940 
  0x000002889975d69c: fbff ffba | e4ff ffff | 4c89 5c24 | 3066 6690 

  0x000002889975d6ac: ;   {runtime_call UncommonTrapBlob}
  0x000002889975d6ac: c5f8 77e8 

  0x000002889975d6b0: ; ImmutableOopMap {[48]=Oop [92]=NarrowOop [96]=Oop }
                      ;*invokestatic checkIndex {reexecute=0 rethrow=0 return_oop=0}
                      ; - java.util.Objects::checkIndex@3 (line 361)
                      ; - java.util.ArrayList::remove@5 (line 504)
                      ; - org.gradle.internal.logging.console.ThrottlingOutputEventListener::renderNow@17 (line 105)
                      ; - org.gradle.internal.logging.console.ThrottlingOutputEventListener::onOutput@48 (line 88)
  0x000002889975d6b0: 4c92 82ff | bae4 ffff | ff89 5c24 | 3044 8954 | 2434 6690 

  0x000002889975d6c4: ;   {runtime_call UncommonTrapBlob}
  0x000002889975d6c4: c5f8 77e8 

  0x000002889975d6c8: ; ImmutableOopMap {rbp=NarrowOop [48]=NarrowOop [92]=NarrowOop [96]=Oop }
                      ;*aastore {reexecute=1 rethrow=0 return_oop=0}
                      ; - (reexecute) java.util.ArrayList::fastRemove@42 (line 642)
                      ; - java.util.ArrayList::remove@21 (line 508)
                      ; - org.gradle.internal.logging.console.ThrottlingOutputEventListener::renderNow@17 (line 105)
                      ; - org.gradle.internal.logging.console.ThrottlingOutputEventListener::onOutput@48 (line 88)
  0x000002889975d6c8: 3492 82ff | ba45 ffff | ff4c 8954 | 2430 4c89 | 4424 3890 

  0x000002889975d6dc: ;   {runtime_call UncommonTrapBlob}
  0x000002889975d6dc: c5f8 77e8 

  0x000002889975d6e0: ; ImmutableOopMap {[48]=Oop [56]=Oop [92]=NarrowOop [96]=Oop }
                      ;*ifeq {reexecute=1 rethrow=0 return_oop=0}
                      ; - (reexecute) org.gradle.internal.logging.console.AbstractUserInputRenderer::onOutput@4 (line 45)
                      ; - org.gradle.internal.logging.console.ThrottlingOutputEventListener::renderNow@31 (line 106)
                      ; - org.gradle.internal.logging.console.ThrottlingOutputEventListener::onOutput@48 (line 88)
  0x000002889975d6e0: 1c92 82ff | ba45 ffff | ff4c 8954 | 2430 4c89 | 4424 3890 

  0x000002889975d6f4: ;   {runtime_call UncommonTrapBlob}
  0x000002889975d6f4: c5f8 77e8 

  0x000002889975d6f8: ; ImmutableOopMap {[48]=Oop [56]=Oop [92]=NarrowOop [96]=Oop }
                      ;*ifeq {reexecute=1 rethrow=0 return_oop=0}
                      ; - (reexecute) org.gradle.internal.logging.console.AbstractUserInputRenderer::onOutput@16 (line 48)
                      ; - org.gradle.internal.logging.console.ThrottlingOutputEventListener::renderNow@31 (line 106)
                      ; - org.gradle.internal.logging.console.ThrottlingOutputEventListener::onOutput@48 (line 88)
  0x000002889975d6f8: 0492 82ff | ba45 ffff | ff4c 8954 | 2430 4c89 | 4424 3890 

  0x000002889975d70c: ;   {runtime_call UncommonTrapBlob}
  0x000002889975d70c: c5f8 77e8 

  0x000002889975d710: ; ImmutableOopMap {[48]=Oop [56]=Oop [92]=NarrowOop [96]=Oop }
                      ;*ifeq {reexecute=1 rethrow=0 return_oop=0}
                      ; - (reexecute) org.gradle.internal.logging.console.AbstractUserInputRenderer::onOutput@32 (line 51)
                      ; - org.gradle.internal.logging.console.ThrottlingOutputEventListener::renderNow@31 (line 106)
                      ; - org.gradle.internal.logging.console.ThrottlingOutputEventListener::onOutput@48 (line 88)
  0x000002889975d710: ec91 82ff | ba45 ffff | ff4c 8954 | 2430 4c89 | 4424 3890 

  0x000002889975d724: ;   {runtime_call UncommonTrapBlob}
  0x000002889975d724: c5f8 77e8 

  0x000002889975d728: ; ImmutableOopMap {[48]=Oop [56]=Oop [92]=NarrowOop [96]=Oop }
                      ;*ifeq {reexecute=1 rethrow=0 return_oop=0}
                      ; - (reexecute) org.gradle.internal.logging.console.AbstractUserInputRenderer::onOutput@48 (line 54)
                      ; - org.gradle.internal.logging.console.ThrottlingOutputEventListener::renderNow@31 (line 106)
                      ; - org.gradle.internal.logging.console.ThrottlingOutputEventListener::onOutput@48 (line 88)
  0x000002889975d728: d491 82ff | ba45 ffff | ff4c 8954 | 2430 4c89 | 4424 3890 

  0x000002889975d73c: ;   {runtime_call UncommonTrapBlob}
  0x000002889975d73c: c5f8 77e8 

  0x000002889975d740: ; ImmutableOopMap {[48]=Oop [56]=Oop [92]=NarrowOop [96]=Oop }
                      ;*ifeq {reexecute=1 rethrow=0 return_oop=0}
                      ; - (reexecute) org.gradle.internal.logging.console.AbstractUserInputRenderer::onOutput@64 (line 57)
                      ; - org.gradle.internal.logging.console.ThrottlingOutputEventListener::renderNow@31 (line 106)
                      ; - org.gradle.internal.logging.console.ThrottlingOutputEventListener::onOutput@48 (line 88)
  0x000002889975d740: bc91 82ff | bade ffff | ff41 8bea 

  0x000002889975d74c: ;   {runtime_call UncommonTrapBlob}
  0x000002889975d74c: c5f8 77e8 

  0x000002889975d750: ; ImmutableOopMap {rbp=NarrowOop [92]=NarrowOop [96]=Oop }
                      ;*invokeinterface remove {reexecute=0 rethrow=0 return_oop=0}
                      ; - org.gradle.internal.logging.console.ThrottlingOutputEventListener::renderNow@17 (line 105)
                      ; - org.gradle.internal.logging.console.ThrottlingOutputEventListener::onOutput@48 (line 88)
  0x000002889975d750: ac91 82ff | bacc ffff | ff4c 895c | 2430 897c | 2424 6690 

  0x000002889975d764: ;   {runtime_call UncommonTrapBlob}
  0x000002889975d764: c5f8 77e8 

  0x000002889975d768: ; ImmutableOopMap {[48]=Oop [92]=NarrowOop [96]=Oop }
                      ;*invokestatic checkIndex {reexecute=0 rethrow=0 return_oop=0}
                      ; - java.util.Objects::checkIndex@3 (line 361)
                      ; - java.util.ArrayList::remove@5 (line 504)
                      ; - org.gradle.internal.logging.console.ThrottlingOutputEventListener::renderNow@17 (line 105)
                      ; - org.gradle.internal.logging.console.ThrottlingOutputEventListener::onOutput@48 (line 88)
  0x000002889975d768: 9491 82ff | bae4 ffff | ff4c 895c | 2430 6690 

  0x000002889975d778: ;   {runtime_call UncommonTrapBlob}
  0x000002889975d778: c5f8 77e8 

  0x000002889975d77c: ; ImmutableOopMap {rbp=NarrowOop [48]=Oop [92]=NarrowOop [96]=Oop }
                      ;*aaload {reexecute=0 rethrow=0 return_oop=0}
                      ; - java.util.ArrayList::remove@16 (line 507)
                      ; - org.gradle.internal.logging.console.ThrottlingOutputEventListener::renderNow@17 (line 105)
                      ; - org.gradle.internal.logging.console.ThrottlingOutputEventListener::onOutput@48 (line 88)
  0x000002889975d77c: 8091 82ff | bade ffff | ff89 5c24 | 2466 6690 

  0x000002889975d78c: ;   {runtime_call UncommonTrapBlob}
  0x000002889975d78c: c5f8 77e8 

  0x000002889975d790: ; ImmutableOopMap {[36]=NarrowOop [92]=NarrowOop }
                      ;*checkcast {reexecute=0 rethrow=0 return_oop=0}
                      ; - org.gradle.internal.logging.console.ThrottlingOutputEventListener::renderNow@22 (line 105)
                      ; - org.gradle.internal.logging.console.ThrottlingOutputEventListener::onOutput@48 (line 88)
  0x000002889975d790: 6c91 82ff | bade ffff | ff4c 8944 | 2430 6690 

  0x000002889975d7a0: ;   {runtime_call UncommonTrapBlob}
  0x000002889975d7a0: c5f8 77e8 

  0x000002889975d7a4: ; ImmutableOopMap {rbp=NarrowOop [48]=Oop [92]=NarrowOop [96]=Oop }
                      ;*invokeinterface onOutput {reexecute=0 rethrow=0 return_oop=0}
                      ; - org.gradle.internal.logging.console.ThrottlingOutputEventListener::renderNow@31 (line 106)
                      ; - org.gradle.internal.logging.console.ThrottlingOutputEventListener::onOutput@48 (line 88)
  0x000002889975d7a4: 5891 82ff | bade ffff | ff4c 8944 | 2430 6690 

  0x000002889975d7b4: ;   {runtime_call UncommonTrapBlob}
  0x000002889975d7b4: c5f8 77e8 

  0x000002889975d7b8: ; ImmutableOopMap {rbp=NarrowOop [48]=Oop [92]=NarrowOop [96]=Oop }
                      ;*invokeinterface onOutput {reexecute=0 rethrow=0 return_oop=0}
                      ; - org.gradle.internal.logging.console.AbstractUserInputRenderer::onOutput@105 (line 67)
                      ; - org.gradle.internal.logging.console.ThrottlingOutputEventListener::renderNow@31 (line 106)
                      ; - org.gradle.internal.logging.console.ThrottlingOutputEventListener::onOutput@48 (line 88)
  0x000002889975d7b8: 4491 82ff | bade ffff | ff41 8bea 

  0x000002889975d7c4: ;   {runtime_call UncommonTrapBlob}
  0x000002889975d7c4: c5f8 77e8 

  0x000002889975d7c8: ; ImmutableOopMap {rbp=NarrowOop [92]=NarrowOop [96]=Oop }
                      ;*invokeinterface isEmpty {reexecute=0 rethrow=0 return_oop=0}
                      ; - org.gradle.internal.logging.console.ThrottlingOutputEventListener::renderNow@4 (line 104)
                      ; - org.gradle.internal.logging.console.ThrottlingOutputEventListener::onOutput@48 (line 88)
  0x000002889975d7c8: 3491 82ff | bacc ffff | ff89 5c24 | 304c 895c | 2438 4489 | 5424 4890 

  0x000002889975d7e0: ;   {runtime_call UncommonTrapBlob}
  0x000002889975d7e0: c5f8 77e8 

  0x000002889975d7e4: ; ImmutableOopMap {rbp=NarrowOop [48]=NarrowOop [56]=Oop [92]=NarrowOop [96]=Oop }
                      ;*invokestatic arraycopy {reexecute=0 rethrow=0 return_oop=0}
                      ; - java.util.ArrayList::fastRemove@31 (line 641)
                      ; - java.util.ArrayList::remove@21 (line 508)
                      ; - org.gradle.internal.logging.console.ThrottlingOutputEventListener::renderNow@17 (line 105)
                      ; - org.gradle.internal.logging.console.ThrottlingOutputEventListener::onOutput@48 (line 88)
  0x000002889975d7e4: 1891 82ff | 448b d344 | 8954 245c | 458b c290 

  0x000002889975d7f4: ;   {runtime_call _new_array_Java}
  0x000002889975d7f4: c5f8 77e8 

  0x000002889975d7f8: ; ImmutableOopMap {rbp=Oop [32]=Oop [40]=Oop [48]=Oop [56]=NarrowOop [60]=NarrowOop [64]=Oop [80]=Oop }
                      ;*invokestatic copyOf {reexecute=1 rethrow=0 return_oop=1}
                      ; - (reexecute) java.util.Arrays::copyOf@6 (line 3481)
                      ; - java.util.ArrayList::grow@37 (line 237)
                      ; - java.util.ArrayList::grow@7 (line 244)
                      ; - java.util.ArrayList::add@7 (line 454)
                      ; - java.util.ArrayList::add@20 (line 467)
                      ; - org.gradle.internal.logging.console.ThrottlingOutputEventListener::onOutput@12 (line 80)
  0x000002889975d7f8: 042c 8dff | 488b e844 | 8b4c 245c | e930 fbff | ff49 8bd7 | c5f8 7749 | ba50 ce2a | faf8 7f00 
  0x000002889975d818: 0041 ffd2 | e940 f6ff | ffba 45ff | ffff 4c89 | 5424 304c | 8944 2438 

  0x000002889975d830: ;   {runtime_call UncommonTrapBlob}
  0x000002889975d830: c5f8 77e8 

  0x000002889975d834: ; ImmutableOopMap {[48]=Oop [56]=Oop [92]=NarrowOop [96]=Oop }
                      ;*ifeq {reexecute=1 rethrow=0 return_oop=0}
                      ; - (reexecute) org.gradle.internal.logging.console.AbstractUserInputRenderer::onOutput@85 (line 62)
                      ; - org.gradle.internal.logging.console.ThrottlingOutputEventListener::renderNow@31 (line 106)
                      ; - org.gradle.internal.logging.console.ThrottlingOutputEventListener::onOutput@48 (line 88)
  0x000002889975d834: c890 82ff | baf6 ffff | ff48 8b6c | 2460 6690 

  0x000002889975d844: ;   {runtime_call UncommonTrapBlob}
  0x000002889975d844: c5f8 77e8 

  0x000002889975d848: ; ImmutableOopMap {rbp=Oop [32]=Oop }
                      ;*monitorenter {reexecute=0 rethrow=0 return_oop=0}
                      ; - org.gradle.internal.logging.console.ThrottlingOutputEventListener::onOutput@6 (line 79)
  0x000002889975d848: b490 82ff | bae4 ffff | ff4c 896c | 2430 4889 | 4c24 4089 | 7424 3c90 

  0x000002889975d860: ;   {runtime_call UncommonTrapBlob}
  0x000002889975d860: c5f8 77e8 

  0x000002889975d864: ; ImmutableOopMap {[32]=Oop [48]=Oop [64]=Oop [92]=NarrowOop [96]=Oop }
                      ;*aastore {reexecute=1 rethrow=0 return_oop=0}
                      ; - (reexecute) java.util.ArrayList::add@14 (line 455)
                      ; - java.util.ArrayList::add@20 (line 467)
                      ; - org.gradle.internal.logging.console.ThrottlingOutputEventListener::onOutput@12 (line 80)
  0x000002889975d864: 9890 82ff | 498b d04c | 8d84 2480 | 0000 0048 | 8b6c 2460 

  0x000002889975d878: ;   {runtime_call _complete_monitor_locking_Java}
  0x000002889975d878: c5f8 77e8 

  0x000002889975d87c: ; ImmutableOopMap {rbp=Oop [32]=Oop [48]=Oop [92]=NarrowOop [96]=Oop }
                      ;*monitorenter {reexecute=0 rethrow=0 return_oop=0}
                      ; - org.gradle.internal.logging.console.ThrottlingOutputEventListener::onOutput@6 (line 79)
  0x000002889975d87c: 804d 8dff | e9da f3ff | ffba deff | ffff 448b | 5424 5c44 | 8954 2430 

  0x000002889975d894: ;   {runtime_call UncommonTrapBlob}
  0x000002889975d894: c5f8 77e8 

  0x000002889975d898: ; ImmutableOopMap {rbp=NarrowOop [32]=Oop [48]=NarrowOop [96]=Oop }
                      ;*invokeinterface add {reexecute=0 rethrow=0 return_oop=0}
                      ; - org.gradle.internal.logging.console.ThrottlingOutputEventListener::onOutput@12 (line 80)
  0x000002889975d898: 6490 82ff | bad6 ffff | ff4c 896c | 2430 4889 | 4c24 4089 | 7424 3c90 

  0x000002889975d8b0: ;   {runtime_call UncommonTrapBlob}
  0x000002889975d8b0: c5f8 77e8 

  0x000002889975d8b4: ; ImmutableOopMap {[32]=Oop [48]=Oop [64]=Oop [92]=NarrowOop [96]=Oop }
                      ;*aastore {reexecute=1 rethrow=0 return_oop=0}
                      ; - (reexecute) java.util.ArrayList::add@14 (line 455)
                      ; - java.util.ArrayList::add@20 (line 467)
                      ; - org.gradle.internal.logging.console.ThrottlingOutputEventListener::onOutput@12 (line 80)
  0x000002889975d8b4: 4890 82ff | bade ffff | ff41 8bea | 4889 7424 | 2866 6690 

  0x000002889975d8c8: ;   {runtime_call UncommonTrapBlob}
  0x000002889975d8c8: c5f8 77e8 

  0x000002889975d8cc: ; ImmutableOopMap {rbp=NarrowOop [40]=Oop [92]=NarrowOop [96]=Oop }
                      ;*invokeinterface size {reexecute=0 rethrow=0 return_oop=0}
                      ; - org.gradle.internal.logging.console.ThrottlingOutputEventListener::onOutput@22 (line 82)
  0x000002889975d8cc: 3090 82ff | 488b 4c24 | 3048 8d94 | 2480 0000 | 004d 8bc7 | c5f8 7749 | ba10 456c | faf8 7f00 
  0x000002889975d8ec: 0041 ffd2 | e910 f5ff | ff49 8bd7 | c5f8 7749 | ba50 ce2a | faf8 7f00 | 0041 ffd2 | e9b7 f3ff 
  0x000002889975d90c: ffba 45ff | ffff 4889 | 7424 2890 

  0x000002889975d918: ;   {runtime_call UncommonTrapBlob}
  0x000002889975d918: c5f8 77e8 

  0x000002889975d91c: ; ImmutableOopMap {[40]=Oop [92]=NarrowOop [96]=Oop }
                      ;*if_icmpne {reexecute=1 rethrow=0 return_oop=0}
                      ; - (reexecute) org.gradle.internal.logging.console.ThrottlingOutputEventListener::onOutput@30 (line 82)
  0x000002889975d91c: e08f 82ff | ba45 ffff | ff66 6690 

  0x000002889975d928: ;   {runtime_call UncommonTrapBlob}
  0x000002889975d928: c5f8 77e8 

  0x000002889975d92c: ; ImmutableOopMap {[92]=NarrowOop [96]=Oop }
                      ;*ifeq {reexecute=1 rethrow=0 return_oop=0}
                      ; - (reexecute) org.gradle.internal.logging.console.ThrottlingOutputEventListener::onOutput@58 (line 92)
  0x000002889975d92c: d08f 82ff | 4983 c2fe | 498b ca48 | 8bfa 4833 | c048 83f9 | 087f 1048 | ffc9 784f | 4889 04cf 
  0x000002889975d94c: 48ff c97d | f7eb 44c5 | fdef c0e9 | 0d00 0000 | c5fe 7f07 | c5fe 7f47 | 2048 83c7 | 4048 83e9 
  0x000002889975d96c: 087d ed48 | 83c1 047c | 0cc5 fe7f | 0748 83c7 | 2048 83e9 | 0448 83c1 | 047e 1048 | ffc9 c5f9 
  0x000002889975d98c: d607 4883 | c708 48ff | c97d f3e9 | eff9 ffff | 4c89 5c24 | 60e9 45fe | ffff bace | ffff ff44 
  0x000002889975d9ac: 8b5c 245c | 4489 5c24 | 3489 7424 | 484c 896c | 2450 4489 | 4c24 4c44 | 8954 2458 

  0x000002889975d9c8: ;   {runtime_call UncommonTrapBlob}
  0x000002889975d9c8: c5f8 77e8 

  0x000002889975d9cc: ; ImmutableOopMap {rbp=Oop [32]=Oop [52]=NarrowOop [76]=NarrowOop [80]=Oop [92]=NarrowOop [96]=Oop }
                      ;*invokestatic copyOf {reexecute=1 rethrow=0 return_oop=0}
                      ; - (reexecute) java.util.Arrays::copyOf@6 (line 3481)
                      ; - java.util.ArrayList::grow@37 (line 237)
                      ; - java.util.ArrayList::grow@7 (line 244)
                      ; - java.util.ArrayList::add@7 (line 454)
                      ; - java.util.ArrayList::add@20 (line 467)
                      ; - org.gradle.internal.logging.console.ThrottlingOutputEventListener::onOutput@12 (line 80)
  0x000002889975d9cc: 308f 82ff | 498b d7c5 | f877 49ba | 50ce 2afa | f87f 0000 | 41ff d2e9 | 02f8 ffff | 498b d7c5 
  0x000002889975d9ec: f877 49ba | 50ce 2afa | f87f 0000 | 41ff d2e9 | 9bf9 ffff | ba3d ffff | ff44 8b44 | 245c 4489 
  0x000002889975da0c: 4424 3489 | 7424 484c | 896c 2450 | 897c 244c | 4489 5424 | 5c66 6690 

  0x000002889975da24: ;   {runtime_call UncommonTrapBlob}
  0x000002889975da24: c5f8 77e8 

  0x000002889975da28: ; ImmutableOopMap {[32]=Oop [52]=NarrowOop [80]=Oop [96]=Oop }
                      ;*if_icmpge {reexecute=1 rethrow=0 return_oop=0}
                      ; - (reexecute) jdk.internal.util.ArraysSupport::newLength@10 (line 638)
                      ; - java.util.ArrayList::grow@27 (line 234)
                      ; - java.util.ArrayList::grow@7 (line 244)
                      ; - java.util.ArrayList::add@7 (line 454)
                      ; - java.util.ArrayList::add@20 (line 467)
                      ; - org.gradle.internal.logging.console.ThrottlingOutputEventListener::onOutput@12 (line 80)
  0x000002889975da28: d48e 82ff | baf6 ffff | ff66 6690 

  0x000002889975da34: ;   {runtime_call UncommonTrapBlob}
  0x000002889975da34: c5f8 77e8 

  0x000002889975da38: ; ImmutableOopMap {[92]=NarrowOop }
                      ;*invokeinterface remove {reexecute=0 rethrow=0 return_oop=0}
                      ; - org.gradle.internal.logging.console.ThrottlingOutputEventListener::renderNow@17 (line 105)
                      ; - org.gradle.internal.logging.console.ThrottlingOutputEventListener::onOutput@48 (line 88)
  0x000002889975da38: c48e 82ff | baf6 ffff | ff66 6690 

  0x000002889975da44: ;   {runtime_call UncommonTrapBlob}
  0x000002889975da44: c5f8 77e8 

  0x000002889975da48: ; ImmutableOopMap {[92]=NarrowOop }
                      ;*aaload {reexecute=0 rethrow=0 return_oop=0}
                      ; - java.util.ArrayList::remove@16 (line 507)
                      ; - org.gradle.internal.logging.console.ThrottlingOutputEventListener::renderNow@17 (line 105)
                      ; - org.gradle.internal.logging.console.ThrottlingOutputEventListener::onOutput@48 (line 88)
  0x000002889975da48: b48e 82ff | baf4 ffff | ff66 6690 

  0x000002889975da54: ;   {runtime_call UncommonTrapBlob}
  0x000002889975da54: c5f8 77e8 

  0x000002889975da58: ; ImmutableOopMap {[92]=NarrowOop [96]=Oop }
                      ;*checkcast {reexecute=0 rethrow=0 return_oop=0}
                      ; - org.gradle.internal.logging.console.ThrottlingOutputEventListener::renderNow@22 (line 105)
                      ; - org.gradle.internal.logging.console.ThrottlingOutputEventListener::onOutput@48 (line 88)
  0x000002889975da58: a48e 82ff | baf6 ffff | ff4c 8944 | 2428 6690 

  0x000002889975da68: ;   {runtime_call UncommonTrapBlob}
  0x000002889975da68: c5f8 77e8 

  0x000002889975da6c: ; ImmutableOopMap {[40]=Oop [92]=NarrowOop }
                      ;*invokeinterface onOutput {reexecute=0 rethrow=0 return_oop=0}
                      ; - org.gradle.internal.logging.console.ThrottlingOutputEventListener::renderNow@31 (line 106)
                      ; - org.gradle.internal.logging.console.ThrottlingOutputEventListener::onOutput@48 (line 88)
  0x000002889975da6c: 908e 82ff | baf6 ffff | ff4c 8944 | 2428 6690 

  0x000002889975da7c: ;   {runtime_call UncommonTrapBlob}
  0x000002889975da7c: c5f8 77e8 

  0x000002889975da80: ; ImmutableOopMap {[40]=Oop [92]=NarrowOop }
                      ;*invokeinterface onOutput {reexecute=0 rethrow=0 return_oop=0}
                      ; - org.gradle.internal.logging.console.AbstractUserInputRenderer::onOutput@105 (line 67)
                      ; - org.gradle.internal.logging.console.ThrottlingOutputEventListener::renderNow@31 (line 106)
                      ; - org.gradle.internal.logging.console.ThrottlingOutputEventListener::onOutput@48 (line 88)
  0x000002889975da80: 7c8e 82ff | baf6 ffff | ff66 6690 

  0x000002889975da8c: ;   {runtime_call UncommonTrapBlob}
  0x000002889975da8c: c5f8 77e8 

  0x000002889975da90: ; ImmutableOopMap {[92]=NarrowOop }
                      ;*invokeinterface isEmpty {reexecute=0 rethrow=0 return_oop=0}
                      ; - org.gradle.internal.logging.console.ThrottlingOutputEventListener::renderNow@4 (line 104)
                      ; - org.gradle.internal.logging.console.ThrottlingOutputEventListener::onOutput@48 (line 88)
  0x000002889975da90: 6c8e 82ff | baf6 ffff | ff48 8b6c | 2460 448b | 5424 5c44 | 8954 2428 

  0x000002889975daa8: ;   {runtime_call UncommonTrapBlob}
  0x000002889975daa8: c5f8 77e8 

  0x000002889975daac: ; ImmutableOopMap {rbp=Oop [32]=Oop [40]=NarrowOop }
                      ;*invokeinterface add {reexecute=0 rethrow=0 return_oop=0}
                      ; - org.gradle.internal.logging.console.ThrottlingOutputEventListener::onOutput@12 (line 80)
  0x000002889975daac: 508e 82ff | baf6 ffff | ff48 8b6c | 2460 448b | 5424 5c44 | 8954 242c 

  0x000002889975dac4: ;   {runtime_call UncommonTrapBlob}
  0x000002889975dac4: c5f8 77e8 

  0x000002889975dac8: ; ImmutableOopMap {rbp=Oop [32]=Oop [44]=NarrowOop [92]=NarrowOop }
                      ;*arraylength {reexecute=0 rethrow=0 return_oop=0}
                      ; - java.util.ArrayList::add@2 (line 453)
                      ; - java.util.ArrayList::add@20 (line 467)
                      ; - org.gradle.internal.logging.console.ThrottlingOutputEventListener::onOutput@12 (line 80)
  0x000002889975dac8: 348e 82ff | baf6 ffff | ff66 6690 

  0x000002889975dad4: ;   {runtime_call UncommonTrapBlob}
  0x000002889975dad4: c5f8 77e8 

  0x000002889975dad8: ; ImmutableOopMap {[32]=Oop [92]=NarrowOop [96]=Oop }
                      ;*invokeinterface size {reexecute=0 rethrow=0 return_oop=0}
                      ; - org.gradle.internal.logging.console.ThrottlingOutputEventListener::onOutput@22 (line 82)
  0x000002889975dad8: 248e 82ff | baf4 ffff | ff66 6690 

  0x000002889975dae4: ;   {runtime_call UncommonTrapBlob}
  0x000002889975dae4: c5f8 77e8 

  0x000002889975dae8: ; ImmutableOopMap {[92]=NarrowOop [96]=Oop }
                      ;*instanceof {reexecute=0 rethrow=0 return_oop=0}
                      ; - org.gradle.internal.logging.console.ThrottlingOutputEventListener::onOutput@41 (line 87)
  0x000002889975dae8: 148e 82ff | eb00 488b | d8eb 0348 | 8bd8 4c8b | 5c24 3048 | 8d84 2480 | 0000 0048 | 8138 0000 
  0x000002889975db08: 0000 0f84 | 8300 0000 | 4d8b 1349 | f7c2 0200 | 0000 746f | 4981 ba86 | 0000 0000 | 0000 0074 
  0x000002889975db28: 0949 ff8a | 8600 0000 | eb51 498b | 8296 0000 | 0049 0b82 | 8e00 0000 | 750a 49c7 | 423e 0000 
  0x000002889975db48: 0000 eb47 | 4981 ba9e | 0000 0000 | 0000 0074 | 2548 33c0 | 49c7 423e | 0000 0000 | f083 0424 
  0x000002889975db68: 0049 81ba | 9e00 0000 | 0000 0000 | 750d f04d | 0fb1 7a3e | 7505 83c8 | 01eb 10f7 | c000 0000 
  0x000002889975db88: 00eb 084c | 8b10 f04d | 0fb1 1375 | 1348 8bd3 | c5f8 7748 | 81c4 9000 

  0x000002889975dba0: ;   {runtime_call _rethrow_Java}
  0x000002889975dba0: 0000 5de9 | 5853 8dff | 488b 4c24 | 3048 8d94 | 2480 0000 | 004d 8bc7 | c5f8 7749 | ba10 456c 
  0x000002889975dbc0: faf8 7f00 | 0041 ffd2 

  0x000002889975dbc8: ;   {internal_word}
  0x000002889975dbc8: ebcb 49ba | 10ce 7599 | 8802 0000 | 4d89 9760 

  0x000002889975dbd8: ;   {runtime_call SafepointBlob}
  0x000002889975dbd8: 0300 00e9 | 209e 82ff 
[Stub Code]
  0x000002889975dbe0: ;   {no_reloc}
  0x000002889975dbe0: 48bb f01e | 60e6 8802 

  0x000002889975dbe8: ;   {runtime_call I2C/C2I adapters}
  0x000002889975dbe8: 0000 e96e 

  0x000002889975dbec: ;   {runtime_call ExceptionBlob}
  0x000002889975dbec: 8a82 ffe9 | 0ca6 83ff 
[Deopt Handler Code]
  0x000002889975dbf4: e800 0000 | 0048 832c 

  0x000002889975dbfc: ;   {runtime_call DeoptimizationBlob}
  0x000002889975dbfc: 2405 e99d | 9082 fff4 | f4f4 f4f4 
[/MachCode]


---------------  P R O C E S S  ---------------

Threads class SMR info:
_java_thread_list=0x00000288eb146a30, length=13, elements={
0x0000028889f8b0e0, 0x00000288a449e880, 0x00000288a449f440, 0x00000288a44b9060,
0x00000288a44b9930, 0x00000288a44ba2f0, 0x00000288a44bacb0, 0x00000288a44bf990,
0x00000288a44d5e40, 0x00000288a44f6760, 0x00000288a467ac20, 0x00000288a467f3c0,
0x00000288ead4c5b0
}

Java Threads: ( => current thread )
  0x0000028889f8b0e0 JavaThread "main" [_thread_blocked, id=8584, stack(0x000000a268c00000,0x000000a268d00000)]
  0x00000288a449e880 JavaThread "Reference Handler" daemon [_thread_blocked, id=19768, stack(0x000000a269300000,0x000000a269400000)]
  0x00000288a449f440 JavaThread "Finalizer" daemon [_thread_blocked, id=13308, stack(0x000000a269400000,0x000000a269500000)]
  0x00000288a44b9060 JavaThread "Signal Dispatcher" daemon [_thread_blocked, id=21820, stack(0x000000a269500000,0x000000a269600000)]
  0x00000288a44b9930 JavaThread "Attach Listener" daemon [_thread_blocked, id=15024, stack(0x000000a269600000,0x000000a269700000)]
  0x00000288a44ba2f0 JavaThread "Service Thread" daemon [_thread_blocked, id=13248, stack(0x000000a269700000,0x000000a269800000)]
  0x00000288a44bacb0 JavaThread "Monitor Deflation Thread" daemon [_thread_blocked, id=21516, stack(0x000000a269800000,0x000000a269900000)]
  0x00000288a44bf990 JavaThread "C2 CompilerThread0" daemon [_thread_blocked, id=19780, stack(0x000000a269900000,0x000000a269a00000)]
  0x00000288a44d5e40 JavaThread "C1 CompilerThread0" daemon [_thread_blocked, id=17692, stack(0x000000a269a00000,0x000000a269b00000)]
  0x00000288a44f6760 JavaThread "Sweeper thread" daemon [_thread_blocked, id=21828, stack(0x000000a269b00000,0x000000a269c00000)]
  0x00000288a467ac20 JavaThread "Notification Thread" daemon [_thread_blocked, id=13840, stack(0x000000a269d00000,0x000000a269e00000)]
  0x00000288a467f3c0 JavaThread "Common-Cleaner" daemon [_thread_blocked, id=22424, stack(0x000000a269f00000,0x000000a26a000000)]
=>0x00000288ead4c5b0 JavaThread "pool-1-thread-1" [_thread_in_Java, id=9980, stack(0x000000a26a600000,0x000000a26a700000)]

Other Threads:
  0x00000288a4499330 VMThread "VM Thread" [stack: 0x000000a269200000,0x000000a269300000] [id=10864]
  0x00000288a467d110 WatcherThread [stack: 0x000000a269e00000,0x000000a269f00000] [id=20832]
  0x0000028889faf200 GCTaskThread "GC Thread#0" [stack: 0x000000a268d00000,0x000000a268e00000] [id=16572]
  0x00000288ea0fc280 GCTaskThread "GC Thread#1" [stack: 0x000000a26a200000,0x000000a26a300000] [id=6064]
  0x00000288ea122c70 GCTaskThread "GC Thread#2" [stack: 0x000000a26a300000,0x000000a26a400000] [id=22064]
  0x00000288ea122f30 GCTaskThread "GC Thread#3" [stack: 0x000000a26a400000,0x000000a26a500000] [id=13348]
  0x00000288eaa48ff0 GCTaskThread "GC Thread#4" [stack: 0x000000a26a100000,0x000000a26a200000] [id=21244]
  0x00000288eaa6b740 GCTaskThread "GC Thread#5" [stack: 0x000000a26a700000,0x000000a26a800000] [id=13100]
  0x00000288ea6be860 GCTaskThread "GC Thread#6" [stack: 0x000000a26a800000,0x000000a26a900000] [id=22252]
  0x00000288eaf75af0 GCTaskThread "GC Thread#7" [stack: 0x000000a26a900000,0x000000a26aa00000] [id=21008]
  0x00000288eacc7960 GCTaskThread "GC Thread#8" [stack: 0x000000a268900000,0x000000a268a00000] [id=23392]
  0x00000288eacc6360 GCTaskThread "GC Thread#9" [stack: 0x000000a268a00000,0x000000a268b00000] [id=23368]
  0x00000288eacc73e0 GCTaskThread "GC Thread#10" [stack: 0x000000a268b00000,0x000000a268c00000] [id=23384]
  0x00000288eacc6ba0 GCTaskThread "GC Thread#11" [stack: 0x000000a269c00000,0x000000a269d00000] [id=9988]
  0x00000288eacc7c20 GCTaskThread "GC Thread#12" [stack: 0x000000a26a000000,0x000000a26a100000] [id=13708]
  0x0000028889fb0950 ConcurrentGCThread "G1 Main Marker" [stack: 0x000000a268e00000,0x000000a268f00000] [id=20648]
  0x0000028889fb2040 ConcurrentGCThread "G1 Conc#0" [stack: 0x000000a268f00000,0x000000a269000000] [id=10512]
  0x000002888a02d500 ConcurrentGCThread "G1 Refine#0" [stack: 0x000000a269000000,0x000000a269100000] [id=15728]
  0x000002888a02ddd0 ConcurrentGCThread "G1 Service" [stack: 0x000000a269100000,0x000000a269200000] [id=16132]

Threads with active compile tasks:

VM state: not at safepoint (normal execution)

VM Mutex/Monitor currently owned by a thread: None

Heap address: 0x00000000fc000000, size: 64 MB, Compressed Oops mode: 32-bit

CDS archive(s) mapped at: [0x00000288a5000000-0x00000288a5bb0000-0x00000288a5bb0000), size 12255232, SharedBaseAddress: 0x00000288a5000000, ArchiveRelocationMode: 1.
Compressed class space mapped at: 0x00000288a6000000-0x00000288e6000000, reserved size: 1073741824
Narrow klass base: 0x00000288a5000000, Narrow klass shift: 0, Narrow klass range: 0x100000000

GC Precious Log:
 CPUs: 16 total, 16 available
 Memory: 15773M
 Large Page Support: Disabled
 NUMA Support: Disabled
 Compressed Oops: Enabled (32-bit)
 Heap Region Size: 1M
 Heap Min Capacity: 64M
 Heap Initial Capacity: 64M
 Heap Max Capacity: 64M
 Pre-touch: Disabled
 Parallel Workers: 13
 Concurrent Workers: 3
 Concurrent Refinement Workers: 13
 Periodic GC: Disabled

Heap:
 garbage-first heap   total 65536K, used 21406K [0x00000000fc000000, 0x0000000100000000)
  region size 1024K, 12 young (12288K), 3 survivors (3072K)
 Metaspace       used 10850K, committed 11072K, reserved 1114112K
  class space    used 1366K, committed 1472K, reserved 1048576K

Heap Regions: E=young(eden), S=young(survivor), O=old, HS=humongous(starts), HC=humongous(continues), CS=collection set, F=free, OA=open archive, CA=closed archive, TAMS=top-at-mark-start (previous, next)
|   0|0x00000000fc000000, 0x00000000fc100000, 0x00000000fc100000|100%|HS|  |TAMS 0x00000000fc000000, 0x00000000fc000000| Complete 
|   1|0x00000000fc100000, 0x00000000fc200000, 0x00000000fc200000|100%|HC|  |TAMS 0x00000000fc100000, 0x00000000fc100000| Complete 
|   2|0x00000000fc200000, 0x00000000fc300000, 0x00000000fc300000|100%|HC|  |TAMS 0x00000000fc200000, 0x00000000fc200000| Complete 
|   3|0x00000000fc300000, 0x00000000fc400000, 0x00000000fc400000|100%| O|  |TAMS 0x00000000fc300000, 0x00000000fc300000| Untracked 
|   4|0x00000000fc400000, 0x00000000fc500000, 0x00000000fc500000|100%| O|  |TAMS 0x00000000fc400000, 0x00000000fc400000| Untracked 
|   5|0x00000000fc500000, 0x00000000fc600000, 0x00000000fc600000|100%| O|  |TAMS 0x00000000fc500000, 0x00000000fc500000| Untracked 
|   6|0x00000000fc600000, 0x00000000fc700000, 0x00000000fc700000|100%| O|  |TAMS 0x00000000fc600000, 0x00000000fc600000| Untracked 
|   7|0x00000000fc700000, 0x00000000fc800000, 0x00000000fc800000|100%| O|  |TAMS 0x00000000fc700000, 0x00000000fc700000| Untracked 
|   8|0x00000000fc800000, 0x00000000fc900000, 0x00000000fc900000|100%| O|  |TAMS 0x00000000fc800000, 0x00000000fc800000| Untracked 
|   9|0x00000000fc900000, 0x00000000fca00000, 0x00000000fca00000|100%| O|  |TAMS 0x00000000fc900000, 0x00000000fc900000| Untracked 
|  10|0x00000000fca00000, 0x00000000fca9c800, 0x00000000fcb00000| 61%| O|  |TAMS 0x00000000fca00000, 0x00000000fca00000| Untracked 
|  11|0x00000000fcb00000, 0x00000000fcb00000, 0x00000000fcc00000|  0%| F|  |TAMS 0x00000000fcb00000, 0x00000000fcb00000| Untracked 
|  12|0x00000000fcc00000, 0x00000000fcc00000, 0x00000000fcd00000|  0%| F|  |TAMS 0x00000000fcc00000, 0x00000000fcc00000| Untracked 
|  13|0x00000000fcd00000, 0x00000000fcd00000, 0x00000000fce00000|  0%| F|  |TAMS 0x00000000fcd00000, 0x00000000fcd00000| Untracked 
|  14|0x00000000fce00000, 0x00000000fce00000, 0x00000000fcf00000|  0%| F|  |TAMS 0x00000000fce00000, 0x00000000fce00000| Untracked 
|  15|0x00000000fcf00000, 0x00000000fcf00000, 0x00000000fd000000|  0%| F|  |TAMS 0x00000000fcf00000, 0x00000000fcf00000| Untracked 
|  16|0x00000000fd000000, 0x00000000fd000000, 0x00000000fd100000|  0%| F|  |TAMS 0x00000000fd000000, 0x00000000fd000000| Untracked 
|  17|0x00000000fd100000, 0x00000000fd100000, 0x00000000fd200000|  0%| F|  |TAMS 0x00000000fd100000, 0x00000000fd100000| Untracked 
|  18|0x00000000fd200000, 0x00000000fd200000, 0x00000000fd300000|  0%| F|  |TAMS 0x00000000fd200000, 0x00000000fd200000| Untracked 
|  19|0x00000000fd300000, 0x00000000fd300000, 0x00000000fd400000|  0%| F|  |TAMS 0x00000000fd300000, 0x00000000fd300000| Untracked 
|  20|0x00000000fd400000, 0x00000000fd400000, 0x00000000fd500000|  0%| F|  |TAMS 0x00000000fd400000, 0x00000000fd400000| Untracked 
|  21|0x00000000fd500000, 0x00000000fd500000, 0x00000000fd600000|  0%| F|  |TAMS 0x00000000fd500000, 0x00000000fd500000| Untracked 
|  22|0x00000000fd600000, 0x00000000fd600000, 0x00000000fd700000|  0%| F|  |TAMS 0x00000000fd600000, 0x00000000fd600000| Untracked 
|  23|0x00000000fd700000, 0x00000000fd700000, 0x00000000fd800000|  0%| F|  |TAMS 0x00000000fd700000, 0x00000000fd700000| Untracked 
|  24|0x00000000fd800000, 0x00000000fd800000, 0x00000000fd900000|  0%| F|  |TAMS 0x00000000fd800000, 0x00000000fd800000| Untracked 
|  25|0x00000000fd900000, 0x00000000fd900000, 0x00000000fda00000|  0%| F|  |TAMS 0x00000000fd900000, 0x00000000fd900000| Untracked 
|  26|0x00000000fda00000, 0x00000000fda00000, 0x00000000fdb00000|  0%| F|  |TAMS 0x00000000fda00000, 0x00000000fda00000| Untracked 
|  27|0x00000000fdb00000, 0x00000000fdb00000, 0x00000000fdc00000|  0%| F|  |TAMS 0x00000000fdb00000, 0x00000000fdb00000| Untracked 
|  28|0x00000000fdc00000, 0x00000000fdc00000, 0x00000000fdd00000|  0%| F|  |TAMS 0x00000000fdc00000, 0x00000000fdc00000| Untracked 
|  29|0x00000000fdd00000, 0x00000000fdd00000, 0x00000000fde00000|  0%| F|  |TAMS 0x00000000fdd00000, 0x00000000fdd00000| Untracked 
|  30|0x00000000fde00000, 0x00000000fde00000, 0x00000000fdf00000|  0%| F|  |TAMS 0x00000000fde00000, 0x00000000fde00000| Untracked 
|  31|0x00000000fdf00000, 0x00000000fdf00000, 0x00000000fe000000|  0%| F|  |TAMS 0x00000000fdf00000, 0x00000000fdf00000| Untracked 
|  32|0x00000000fe000000, 0x00000000fe000000, 0x00000000fe100000|  0%| F|  |TAMS 0x00000000fe000000, 0x00000000fe000000| Untracked 
|  33|0x00000000fe100000, 0x00000000fe100000, 0x00000000fe200000|  0%| F|  |TAMS 0x00000000fe100000, 0x00000000fe100000| Untracked 
|  34|0x00000000fe200000, 0x00000000fe24b3d8, 0x00000000fe300000| 29%| S|CS|TAMS 0x00000000fe200000, 0x00000000fe200000| Complete 
|  35|0x00000000fe300000, 0x00000000fe400000, 0x00000000fe400000|100%| S|CS|TAMS 0x00000000fe300000, 0x00000000fe300000| Complete 
|  36|0x00000000fe400000, 0x00000000fe500000, 0x00000000fe500000|100%| S|CS|TAMS 0x00000000fe400000, 0x00000000fe400000| Complete 
|  37|0x00000000fe500000, 0x00000000fe500000, 0x00000000fe600000|  0%| F|  |TAMS 0x00000000fe500000, 0x00000000fe500000| Untracked 
|  38|0x00000000fe600000, 0x00000000fe600000, 0x00000000fe700000|  0%| F|  |TAMS 0x00000000fe600000, 0x00000000fe600000| Untracked 
|  39|0x00000000fe700000, 0x00000000fe700000, 0x00000000fe800000|  0%| F|  |TAMS 0x00000000fe700000, 0x00000000fe700000| Untracked 
|  40|0x00000000fe800000, 0x00000000fe800000, 0x00000000fe900000|  0%| F|  |TAMS 0x00000000fe800000, 0x00000000fe800000| Untracked 
|  41|0x00000000fe900000, 0x00000000fe900000, 0x00000000fea00000|  0%| F|  |TAMS 0x00000000fe900000, 0x00000000fe900000| Untracked 
|  42|0x00000000fea00000, 0x00000000fea00000, 0x00000000feb00000|  0%| F|  |TAMS 0x00000000fea00000, 0x00000000fea00000| Untracked 
|  43|0x00000000feb00000, 0x00000000feb00000, 0x00000000fec00000|  0%| F|  |TAMS 0x00000000feb00000, 0x00000000feb00000| Untracked 
|  44|0x00000000fec00000, 0x00000000fec00000, 0x00000000fed00000|  0%| F|  |TAMS 0x00000000fec00000, 0x00000000fec00000| Untracked 
|  45|0x00000000fed00000, 0x00000000fed00000, 0x00000000fee00000|  0%| F|  |TAMS 0x00000000fed00000, 0x00000000fed00000| Untracked 
|  46|0x00000000fee00000, 0x00000000fee00000, 0x00000000fef00000|  0%| F|  |TAMS 0x00000000fee00000, 0x00000000fee00000| Untracked 
|  47|0x00000000fef00000, 0x00000000fef00000, 0x00000000ff000000|  0%| F|  |TAMS 0x00000000fef00000, 0x00000000fef00000| Untracked 
|  48|0x00000000ff000000, 0x00000000ff000000, 0x00000000ff100000|  0%| F|  |TAMS 0x00000000ff000000, 0x00000000ff000000| Untracked 
|  49|0x00000000ff100000, 0x00000000ff100000, 0x00000000ff200000|  0%| F|  |TAMS 0x00000000ff100000, 0x00000000ff100000| Untracked 
|  50|0x00000000ff200000, 0x00000000ff200000, 0x00000000ff300000|  0%| F|  |TAMS 0x00000000ff200000, 0x00000000ff200000| Untracked 
|  51|0x00000000ff300000, 0x00000000ff300000, 0x00000000ff400000|  0%| F|  |TAMS 0x00000000ff300000, 0x00000000ff300000| Untracked 
|  52|0x00000000ff400000, 0x00000000ff400000, 0x00000000ff500000|  0%| F|  |TAMS 0x00000000ff400000, 0x00000000ff400000| Untracked 
|  53|0x00000000ff500000, 0x00000000ff500000, 0x00000000ff600000|  0%| F|  |TAMS 0x00000000ff500000, 0x00000000ff500000| Untracked 
|  54|0x00000000ff600000, 0x00000000ff600000, 0x00000000ff700000|  0%| F|  |TAMS 0x00000000ff600000, 0x00000000ff600000| Untracked 
|  55|0x00000000ff700000, 0x00000000ff800000, 0x00000000ff800000|100%| E|  |TAMS 0x00000000ff700000, 0x00000000ff700000| Complete 
|  56|0x00000000ff800000, 0x00000000ff900000, 0x00000000ff900000|100%| E|CS|TAMS 0x00000000ff800000, 0x00000000ff800000| Complete 
|  57|0x00000000ff900000, 0x00000000ffa00000, 0x00000000ffa00000|100%| E|CS|TAMS 0x00000000ff900000, 0x00000000ff900000| Complete 
|  58|0x00000000ffa00000, 0x00000000ffb00000, 0x00000000ffb00000|100%| E|CS|TAMS 0x00000000ffa00000, 0x00000000ffa00000| Complete 
|  59|0x00000000ffb00000, 0x00000000ffc00000, 0x00000000ffc00000|100%| E|CS|TAMS 0x00000000ffb00000, 0x00000000ffb00000| Complete 
|  60|0x00000000ffc00000, 0x00000000ffd00000, 0x00000000ffd00000|100%| E|CS|TAMS 0x00000000ffc00000, 0x00000000ffc00000| Complete 
|  61|0x00000000ffd00000, 0x00000000ffe00000, 0x00000000ffe00000|100%| E|CS|TAMS 0x00000000ffd00000, 0x00000000ffd00000| Complete 
|  62|0x00000000ffe00000, 0x00000000fff00000, 0x00000000fff00000|100%| E|CS|TAMS 0x00000000ffe00000, 0x00000000ffe00000| Complete 
|  63|0x00000000fff00000, 0x0000000100000000, 0x0000000100000000|100%| E|CS|TAMS 0x00000000fff00000, 0x00000000fff00000| Complete 

Card table byte_map: [0x0000028887e10000,0x0000028887e30000] _byte_map_base: 0x0000028887630000

Marking Bits (Prev, Next): (CMBitMap*) 0x0000028889faf820, (CMBitMap*) 0x0000028889faf860
 Prev Bits: [0x00000288a1380000, 0x00000288a1480000)
 Next Bits: [0x00000288a1480000, 0x00000288a1580000)

Polling page: 0x0000028887dc0000

Metaspace:

Usage:
  Non-class:      9.26 MB used.
      Class:      1.33 MB used.
       Both:     10.60 MB used.

Virtual space:
  Non-class space:       64.00 MB reserved,       9.38 MB ( 15%) committed,  1 nodes.
      Class space:        1.00 GB reserved,       1.44 MB ( <1%) committed,  1 nodes.
             Both:        1.06 GB reserved,      10.81 MB ( <1%) committed. 

Chunk freelists:
   Non-Class:  6.22 MB
       Class:  14.45 MB
        Both:  20.68 MB

MaxMetaspaceSize: unlimited
CompressedClassSpaceSize: 1.00 GB
Initial GC threshold: 21.00 MB
Current GC threshold: 21.00 MB
CDS: on
MetaspaceReclaimPolicy: balanced
 - commit_granule_bytes: 65536.
 - commit_granule_words: 8192.
 - virtual_space_node_default_size: 8388608.
 - enlarge_chunks_in_place: 1.
 - new_chunks_are_fully_committed: 0.
 - uncommit_free_chunks: 1.
 - use_allocation_guard: 0.
 - handle_deallocations: 1.


Internal statistics:

num_allocs_failed_limit: 0.
num_arena_births: 86.
num_arena_deaths: 0.
num_vsnodes_births: 2.
num_vsnodes_deaths: 0.
num_space_committed: 173.
num_space_uncommitted: 0.
num_chunks_returned_to_freelist: 0.
num_chunks_taken_from_freelist: 364.
num_chunk_merges: 0.
num_chunk_splits: 241.
num_chunks_enlarged: 201.
num_inconsistent_stats: 0.

CodeHeap 'non-profiled nmethods': size=119168Kb used=1478Kb max_used=1478Kb free=117689Kb
 bounds [0x0000028899680000, 0x00000288998f0000, 0x00000288a0ae0000]
CodeHeap 'profiled nmethods': size=119104Kb used=4697Kb max_used=4697Kb free=114406Kb
 bounds [0x0000028891ae0000, 0x0000028891f80000, 0x0000028898f30000]
CodeHeap 'non-nmethods': size=7488Kb used=1189Kb max_used=2904Kb free=6298Kb
 bounds [0x0000028898f30000, 0x0000028899210000, 0x0000028899680000]
 total_blobs=2977 nmethods=2488 adapters=401
 compilation: enabled
              stopped_count=0, restarted_count=0
 full_count=0

Compilation events (20 events):
Event: 311.434 Thread 0x00000288a44d5e40 2480       3       org.gradle.internal.logging.text.AbstractStyledTextOutput::text (19 bytes)
Event: 311.435 Thread 0x00000288a44d5e40 nmethod 2480 0x0000028891f74d90 code [0x0000028891f74f60, 0x0000028891f75258]
Event: 311.435 Thread 0x00000288a44d5e40 2481       3       java.util.Arrays::copyOf (19 bytes)
Event: 311.435 Thread 0x00000288a44d5e40 nmethod 2481 0x0000028891f75390 code [0x0000028891f75540, 0x0000028891f75828]
Event: 311.435 Thread 0x00000288a44d5e40 2482       3       org.gradle.internal.logging.text.AbstractLineChoppingStyledTextOutput$SeenFromEol::<init> (20 bytes)
Event: 311.435 Thread 0x00000288a44d5e40 nmethod 2482 0x0000028891f75990 code [0x0000028891f75b40, 0x0000028891f75d58]
Event: 311.471 Thread 0x00000288a44d5e40 2483       1       org.gradle.internal.logging.console.DefaultAnsiExecutor::access$300 (5 bytes)
Event: 311.472 Thread 0x00000288a44d5e40 nmethod 2483 0x00000288997df090 code [0x00000288997df220, 0x00000288997df2d8]
Event: 312.366 Thread 0x00000288a44bf990 2484       4       com.google.common.collect.TransformedIterator::hasNext (10 bytes)
Event: 312.410 Thread 0x00000288a44bf990 nmethod 2484 0x00000288997df390 code [0x00000288997df560, 0x00000288997dfe78]
Event: 315.803 Thread 0x00000288a44d5e40 2485       3       org.gradle.internal.logging.console.DefaultColorMap$1::on (1 bytes)
Event: 315.803 Thread 0x00000288a44d5e40 nmethod 2485 0x0000028891f75e10 code [0x0000028891f75fa0, 0x0000028891f760b8]
Event: 315.803 Thread 0x00000288a44d5e40 2486       3       org.gradle.internal.logging.console.DefaultColorMap$1::off (1 bytes)
Event: 315.804 Thread 0x00000288a44d5e40 nmethod 2486 0x0000028891f76190 code [0x0000028891f76320, 0x0000028891f76438]
Event: 322.195 Thread 0x00000288a44bf990 2487       4       org.gradle.internal.logging.console.BuildStatusRenderer::onOutput (350 bytes)
Event: 322.991 Thread 0x00000288a44bf990 nmethod 2487 0x00000288997e0190 code [0x00000288997e0a40, 0x00000288997e8968]
Event: 322.992 Thread 0x00000288a44bf990 2488       4       org.gradle.internal.logging.console.WorkInProgressRenderer::onOutput (53 bytes)
Event: 323.135 Thread 0x00000288a44bf990 nmethod 2488 0x00000288997ed710 code [0x00000288997edae0, 0x00000288997efbe8]
Event: 332.994 Thread 0x00000288a44bf990 2489       4       java.lang.AbstractStringBuilder::isLatin1 (19 bytes)
Event: 332.994 Thread 0x00000288a44bf990 nmethod 2489 0x00000288997f1890 code [0x00000288997f1a00, 0x00000288997f1a98]

GC Heap History (6 events):
Event: 0.598 GC heap before
{Heap before GC invocations=0 (full 0):
 garbage-first heap   total 65536K, used 22528K [0x00000000fc000000, 0x0000000100000000)
  region size 1024K, 23 young (23552K), 0 survivors (0K)
 Metaspace       used 1714K, committed 1856K, reserved 1114112K
  class space    used 157K, committed 192K, reserved 1048576K
}
Event: 0.602 GC heap after
{Heap after GC invocations=1 (full 0):
 garbage-first heap   total 65536K, used 1856K [0x00000000fc000000, 0x0000000100000000)
  region size 1024K, 2 young (2048K), 2 survivors (2048K)
 Metaspace       used 1714K, committed 1856K, reserved 1114112K
  class space    used 157K, committed 192K, reserved 1048576K
}
Event: 1.881 GC heap before
{Heap before GC invocations=1 (full 0):
 garbage-first heap   total 65536K, used 35648K [0x00000000fc000000, 0x0000000100000000)
  region size 1024K, 32 young (32768K), 2 survivors (2048K)
 Metaspace       used 7508K, committed 7680K, reserved 1114112K
  class space    used 1005K, committed 1088K, reserved 1048576K
}
Event: 1.890 GC heap after
{Heap after GC invocations=2 (full 0):
 garbage-first heap   total 65536K, used 10740K [0x00000000fc000000, 0x0000000100000000)
  region size 1024K, 4 young (4096K), 4 survivors (4096K)
 Metaspace       used 7508K, committed 7680K, reserved 1114112K
  class space    used 1005K, committed 1088K, reserved 1048576K
}
Event: 174.739 GC heap before
{Heap before GC invocations=2 (full 0):
 garbage-first heap   total 65536K, used 38388K [0x00000000fc000000, 0x0000000100000000)
  region size 1024K, 31 young (31744K), 4 survivors (4096K)
 Metaspace       used 10615K, committed 10816K, reserved 1114112K
  class space    used 1339K, committed 1408K, reserved 1048576K
}
Event: 174.752 GC heap after
{Heap after GC invocations=3 (full 0):
 garbage-first heap   total 65536K, used 13214K [0x00000000fc000000, 0x0000000100000000)
  region size 1024K, 3 young (3072K), 3 survivors (3072K)
 Metaspace       used 10615K, committed 10816K, reserved 1114112K
  class space    used 1339K, committed 1408K, reserved 1048576K
}

Dll operation events (13 events):
Event: 0.012 Loaded shared library C:\Program Files\Microsoft\jdk-17.0.16.8-hotspot\bin\java.dll
Event: 0.034 Loaded shared library C:\Program Files\Microsoft\jdk-17.0.16.8-hotspot\bin\jsvml.dll
Event: 0.082 Loaded shared library C:\Program Files\Microsoft\jdk-17.0.16.8-hotspot\bin\net.dll
Event: 0.084 Loaded shared library C:\Program Files\Microsoft\jdk-17.0.16.8-hotspot\bin\nio.dll
Event: 0.089 Loaded shared library C:\Program Files\Microsoft\jdk-17.0.16.8-hotspot\bin\zip.dll
Event: 0.604 Loaded shared library C:\Program Files\Microsoft\jdk-17.0.16.8-hotspot\bin\jimage.dll
Event: 1.185 Loaded shared library C:\Program Files\Microsoft\jdk-17.0.16.8-hotspot\bin\management.dll
Event: 1.189 Loaded shared library C:\Program Files\Microsoft\jdk-17.0.16.8-hotspot\bin\management_ext.dll
Event: 1.267 Loaded shared library C:\Program Files\Microsoft\jdk-17.0.16.8-hotspot\bin\verify.dll
Event: 1.282 Loaded shared library C:\Users\davin\.gradle\native\1def1411415f61bf3af743bc5b6707747c0891f09f0c88961ee8f79bc544acac\windows-amd64\native-platform.dll
Event: 1.353 Loaded shared library C:\Users\davin\.gradle\native\jansi\1.18\windows64\jansi.dll
Event: 1.768 Loaded shared library C:\Program Files\Microsoft\jdk-17.0.16.8-hotspot\bin\extnet.dll
Event: 5.450 Loaded shared library C:\Program Files\Microsoft\jdk-17.0.16.8-hotspot\bin\sunmscapi.dll

Deoptimization events (20 events):
Event: 272.926 Thread 0x0000028889f8b0e0 DEOPT UNPACKING pc=0x0000028898f869a3 sp=0x000000a268cfd838 mode 2
Event: 272.926 Thread 0x0000028889f8b0e0 Uncommon trap: trap_request=0xffffffde fr.pc=0x000002889978fcf0 relative=0x00000000000034f0
Event: 272.926 Thread 0x0000028889f8b0e0 Uncommon trap: reason=class_check action=maybe_recompile pc=0x000002889978fcf0 method=org.gradle.internal.logging.sink.OutputEventTransformer.onOutput(Lorg/gradle/internal/logging/events/OutputEvent;)V @ 272 c2
Event: 272.926 Thread 0x0000028889f8b0e0 DEOPT PACKING pc=0x000002889978fcf0 sp=0x000000a268cfd830
Event: 272.926 Thread 0x0000028889f8b0e0 DEOPT UNPACKING pc=0x0000028898f869a3 sp=0x000000a268cfd838 mode 2
Event: 272.999 Thread 0x00000288ead4c5b0 Uncommon trap: trap_request=0xffffff45 fr.pc=0x000002889977a33c relative=0x000000000000331c
Event: 272.999 Thread 0x00000288ead4c5b0 Uncommon trap: reason=unstable_if action=reinterpret pc=0x000002889977a33c method=org.gradle.internal.logging.sink.GroupingProgressLogEventGenerator.onOutput(Lorg/gradle/internal/logging/events/OutputEvent;)V @ 22 c2
Event: 272.999 Thread 0x00000288ead4c5b0 DEOPT PACKING pc=0x000002889977a33c sp=0x000000a26a6ff030
Event: 272.999 Thread 0x00000288ead4c5b0 DEOPT UNPACKING pc=0x0000028898f869a3 sp=0x000000a26a6fefe0 mode 2
Event: 272.999 Thread 0x00000288ead4c5b0 Uncommon trap: trap_request=0xffffff45 fr.pc=0x00000288997744c8 relative=0x00000000000033c8
Event: 273.000 Thread 0x00000288ead4c5b0 Uncommon trap: reason=unstable_if action=reinterpret pc=0x00000288997744c8 method=org.gradle.internal.logging.sink.GroupingProgressLogEventGenerator.onOutput(Lorg/gradle/internal/logging/events/OutputEvent;)V @ 22 c2
Event: 273.000 Thread 0x00000288ead4c5b0 DEOPT PACKING pc=0x00000288997744c8 sp=0x000000a26a6fefb0
Event: 273.000 Thread 0x00000288ead4c5b0 DEOPT UNPACKING pc=0x0000028898f869a3 sp=0x000000a26a6fefd0 mode 2
Event: 273.000 Thread 0x00000288ead4c5b0 Uncommon trap: trap_request=0xffffff45 fr.pc=0x00000288997c8710 relative=0x0000000000000310
Event: 273.000 Thread 0x00000288ead4c5b0 Uncommon trap: reason=unstable_if action=reinterpret pc=0x00000288997c8710 method=org.gradle.internal.logging.sink.GroupingProgressLogEventGenerator$OperationGroup.maybeFlushOutput(J)V @ 26 c2
Event: 273.000 Thread 0x00000288ead4c5b0 DEOPT PACKING pc=0x00000288997c8710 sp=0x000000a26a6fefa0
Event: 273.000 Thread 0x00000288ead4c5b0 DEOPT UNPACKING pc=0x0000028898f869a3 sp=0x000000a26a6feee0 mode 2
Event: 362.204 Thread 0x00000288ead4c5b0 Uncommon trap: trap_request=0xffffff45 fr.pc=0x00000288997e4530 relative=0x0000000000003af0
Event: 362.204 Thread 0x00000288ead4c5b0 Uncommon trap: reason=unstable_if action=reinterpret pc=0x00000288997e4530 method=org.gradle.internal.logging.sink.GroupingProgressLogEventGenerator$OperationGroup.canClaimForeground()Z @ 16 c2
Event: 362.204 Thread 0x00000288ead4c5b0 DEOPT PACKING pc=0x00000288997e4530 sp=0x000000a26a6ff0f0

Classes loaded (20 events):
Event: 243.792 Loading class jdk/internal/logger/LazyLoggers$LazyLoggerFactories
Event: 243.792 Loading class jdk/internal/logger/LazyLoggers$LazyLoggerFactories done
Event: 243.793 Loading class jdk/internal/logger/LoggerFinderLoader
Event: 243.793 Loading class jdk/internal/logger/LoggerFinderLoader done
Event: 243.793 Loading class jdk/internal/logger/LoggerFinderLoader$TemporaryLoggerFinder
Event: 243.793 Loading class jdk/internal/logger/LoggerFinderLoader$TemporaryLoggerFinder done
Event: 243.794 Loading class sun/util/logging/internal/LoggingProviderImpl$JULWrapper
Event: 243.794 Loading class sun/util/logging/PlatformLogger$ConfigurableBridge$LoggerConfiguration
Event: 243.794 Loading class sun/util/logging/PlatformLogger$ConfigurableBridge$LoggerConfiguration done
Event: 243.794 Loading class sun/util/logging/internal/LoggingProviderImpl$JULWrapper done
Event: 243.795 Loading class java/io/ObjectInputFilter
Event: 243.795 Loading class java/io/ObjectInputFilter done
Event: 243.795 Loading class java/io/ObjectInputFilter$Config$BuiltinFilterFactory
Event: 243.796 Loading class java/io/ObjectInputFilter$Config$BuiltinFilterFactory done
Event: 243.796 Loading class jdk/internal/access/JavaObjectInputFilterAccess
Event: 243.796 Loading class jdk/internal/access/JavaObjectInputFilterAccess done
Event: 243.796 Loading class java/lang/System$Logger$Level
Event: 243.796 Loading class java/lang/System$Logger$Level done
Event: 243.796 Loading class java/io/Bits
Event: 243.796 Loading class java/io/Bits done

Classes unloaded (0 events):
No events

Classes redefined (0 events):
No events

Internal exceptions (20 events):
Event: 1.222 Thread 0x0000028889f8b0e0 Implicit null exception at 0x00000288996e728a to 0x00000288996e77c8
Event: 1.297 Thread 0x0000028889f8b0e0 Exception <a 'java/lang/NoSuchMethodError'{0x00000000fed5d040}: 'java.lang.Object java.lang.invoke.Invokers$Holder.invoker(java.lang.Object, java.lang.Object, java.lang.Object)'> (0x00000000fed5d040) 
thrown [s\src\hotspot\share\interpreter\linkResolver.cpp, line 759]
Event: 1.299 Thread 0x0000028889f8b0e0 Exception <a 'java/lang/NoSuchMethodError'{0x00000000fed66198}: 'java.lang.Object java.lang.invoke.DirectMethodHandle$Holder.invokeStatic(java.lang.Object, java.lang.Object, int)'> (0x00000000fed66198) 
thrown [s\src\hotspot\share\interpreter\linkResolver.cpp, line 759]
Event: 1.301 Thread 0x0000028889f8b0e0 Exception <a 'java/lang/NoSuchMethodError'{0x00000000fed71e88}: 'void java.lang.invoke.DelegatingMethodHandle$Holder.delegate(java.lang.Object, java.lang.Object, int, java.lang.Object)'> (0x00000000fed71e88) 
thrown [s\src\hotspot\share\interpreter\linkResolver.cpp, line 759]
Event: 1.306 Thread 0x0000028889f8b0e0 Exception <a 'java/lang/NoSuchMethodError'{0x00000000fed85748}: 'java.lang.Object java.lang.invoke.Invokers$Holder.invokeExact_MT(java.lang.Object, java.lang.Object, java.lang.Object, java.lang.Object)'> (0x00000000fed85748) 
thrown [s\src\hotspot\share\interpreter\linkResolver.cpp, line 759]
Event: 1.312 Thread 0x0000028889f8b0e0 Exception <a 'java/lang/NoSuchMethodError'{0x00000000fedacbd0}: 'java.lang.Object java.lang.invoke.DirectMethodHandle$Holder.invokeVirtual(java.lang.Object, java.lang.Object, java.lang.Object)'> (0x00000000fedacbd0) 
thrown [s\src\hotspot\share\interpreter\linkResolver.cpp, line 759]
Event: 1.461 Thread 0x0000028889f8b0e0 Exception <a 'java/lang/NoSuchMethodError'{0x00000000fe984af8}: 'java.lang.Object java.lang.invoke.DirectMethodHandle$Holder.newInvokeSpecial(java.lang.Object, java.lang.Object, java.lang.Object, java.lang.Object, java.lang.Object)'> (0x00000000fe984af8) 
thrown [s\src\hotspot\share\interpreter\linkResolver.cpp, line 759]
Event: 1.502 Thread 0x0000028889f8b0e0 Exception <a 'java/lang/NoSuchMethodError'{0x00000000fe6ba4a0}: 'void java.lang.invoke.DirectMethodHandle$Holder.invokeSpecial(java.lang.Object, java.lang.Object, java.lang.Object)'> (0x00000000fe6ba4a0) 
thrown [s\src\hotspot\share\interpreter\linkResolver.cpp, line 759]
Event: 1.505 Thread 0x0000028889f8b0e0 Implicit null exception at 0x00000288996cf48f to 0x00000288996cf9d8
Event: 1.771 Thread 0x0000028889f8b0e0 Exception <a 'java/lang/NoSuchMethodError'{0x00000000fe353fb8}: 'void java.lang.invoke.DirectMethodHandle$Holder.invokeStatic(java.lang.Object, java.lang.Object, java.lang.Object)'> (0x00000000fe353fb8) 
thrown [s\src\hotspot\share\interpreter\linkResolver.cpp, line 759]
Event: 1.926 Thread 0x0000028889f8b0e0 Exception <a 'java/lang/NoSuchMethodError'{0x00000000ffe53660}: 'java.lang.Object java.lang.invoke.DirectMethodHandle$Holder.invokeStaticInit(java.lang.Object, int, int, int, int)'> (0x00000000ffe53660) 
thrown [s\src\hotspot\share\interpreter\linkResolver.cpp, line 759]
Event: 1.991 Thread 0x0000028889f8b0e0 Exception <a 'java/lang/NoSuchMethodError'{0x00000000ffebac08}: 'java.lang.Object java.lang.invoke.DirectMethodHandle$Holder.invokeStaticInit(java.lang.Object, java.lang.Object, int, int, int, int)'> (0x00000000ffebac08) 
thrown [s\src\hotspot\share\interpreter\linkResolver.cpp, line 759]
Event: 2.025 Thread 0x0000028889f8b0e0 Implicit null exception at 0x00000288996c67f2 to 0x00000288996c6dc0
Event: 2.029 Thread 0x0000028889f8b0e0 Implicit null exception at 0x00000288996d29f2 to 0x00000288996d2fd0
Event: 2.042 Thread 0x0000028889f8b0e0 Exception <a 'java/net/ConnectException'{0x00000000ffc174e8}: Connection refused: getsockopt> (0x00000000ffc174e8) 
thrown [s\src\hotspot\share\prims\jni.cpp, line 535]
Event: 2.307 Thread 0x00000288eacc8550 Exception <a 'java/lang/NoSuchMethodError'{0x00000000ff411440}: 'void java.lang.invoke.DirectMethodHandle$Holder.invokeStatic(java.lang.Object, long)'> (0x00000000ff411440) 
thrown [s\src\hotspot\share\interpreter\linkResolver.cpp, line 759]
Event: 2.308 Thread 0x00000288eacc8550 Exception <a 'java/lang/NoSuchMethodError'{0x00000000ff417080}: 'java.lang.Object java.lang.invoke.DirectMethodHandle$Holder.newInvokeSpecial(java.lang.Object, long)'> (0x00000000ff417080) 
thrown [s\src\hotspot\share\interpreter\linkResolver.cpp, line 759]
Event: 2.311 Thread 0x00000288eacc8550 Exception <a 'java/lang/NoSuchMethodError'{0x00000000ff421f68}: 'java.lang.Object java.lang.invoke.DirectMethodHandle$Holder.invokeStaticInit(java.lang.Object, java.lang.Object, long, java.lang.Object)'> (0x00000000ff421f68) 
thrown [s\src\hotspot\share\interpreter\linkResolver.cpp, line 759]
Event: 2.312 Thread 0x00000288eacc8550 Exception <a 'java/lang/NoSuchMethodError'{0x00000000ff428840}: 'java.lang.Object java.lang.invoke.DirectMethodHandle$Holder.newInvokeSpecial(java.lang.Object, java.lang.Object, long)'> (0x00000000ff428840) 
thrown [s\src\hotspot\share\interpreter\linkResolver.cpp, line 759]
Event: 2.312 Thread 0x00000288eacc8550 Exception <a 'java/lang/NoSuchMethodError'{0x00000000ff42cb30}: 'java.lang.Object java.lang.invoke.Invokers$Holder.linkToTargetMethod(java.lang.Object, long, java.lang.Object)'> (0x00000000ff42cb30) 
thrown [s\src\hotspot\share\interpreter\linkResolver.cpp, line 759]

VM Operations (20 events):
Event: 275.159 Executing VM operation: Cleanup
Event: 275.159 Executing VM operation: Cleanup done
Event: 276.171 Executing VM operation: Cleanup
Event: 276.171 Executing VM operation: Cleanup done
Event: 278.190 Executing VM operation: Cleanup
Event: 278.190 Executing VM operation: Cleanup done
Event: 280.214 Executing VM operation: Cleanup
Event: 280.214 Executing VM operation: Cleanup done
Event: 288.294 Executing VM operation: Cleanup
Event: 288.294 Executing VM operation: Cleanup done
Event: 300.395 Executing VM operation: HandshakeAllThreads
Event: 300.395 Executing VM operation: HandshakeAllThreads done
Event: 311.469 Executing VM operation: Cleanup
Event: 311.469 Executing VM operation: Cleanup done
Event: 313.479 Executing VM operation: Cleanup
Event: 313.479 Executing VM operation: Cleanup done
Event: 324.579 Executing VM operation: Cleanup
Event: 324.579 Executing VM operation: Cleanup done
Event: 360.520 Executing VM operation: HandshakeAllThreads
Event: 360.520 Executing VM operation: HandshakeAllThreads done

Memory protections (0 events):
No events

Nmethod flushes (0 events):
No events

Events (20 events):
Event: 39.798 Thread 0x00000288a44d5e40 Thread added: 0x00000288ea076520
Event: 39.798 Thread 0x00000288a44d5e40 Thread added: 0x00000288ea076a70
Event: 41.104 Thread 0x00000288ea076a70 Thread exited: 0x00000288ea076a70
Event: 41.104 Thread 0x00000288ea076520 Thread exited: 0x00000288ea076520
Event: 49.888 Thread 0x00000288a44d5e40 Thread added: 0x00000288ea076fc0
Event: 51.697 Thread 0x00000288a44d5e40 Thread added: 0x00000288ea073ff0
Event: 51.697 Thread 0x00000288a44d5e40 Thread added: 0x00000288ea075fd0
Event: 53.305 Thread 0x00000288ea075fd0 Thread exited: 0x00000288ea075fd0
Event: 54.126 Thread 0x00000288ea073ff0 Thread exited: 0x00000288ea073ff0
Event: 55.141 Thread 0x00000288ea076fc0 Thread exited: 0x00000288ea076fc0
Event: 91.892 Thread 0x00000288a44bf990 Thread added: 0x00000288ea076a70
Event: 91.892 Thread 0x00000288a44bf990 Thread added: 0x00000288ea073aa0
Event: 92.492 Thread 0x00000288ea073aa0 Thread exited: 0x00000288ea073aa0
Event: 92.492 Thread 0x00000288ea076a70 Thread exited: 0x00000288ea076a70
Event: 93.155 Thread 0x00000288a44bf990 Thread added: 0x00000288ea075530
Event: 93.596 Thread 0x00000288ea075530 Thread exited: 0x00000288ea075530
Event: 99.713 Thread 0x00000288a44bf990 Thread added: 0x00000288ea075fd0
Event: 103.800 Thread 0x00000288ea075fd0 Thread exited: 0x00000288ea075fd0
Event: 243.893 Thread 0x00000288a44d5e40 Thread added: 0x00000288ea076520
Event: 245.294 Thread 0x00000288ea076520 Thread exited: 0x00000288ea076520


Dynamic libraries:
0x00007ff67f130000 - 0x00007ff67f13e000 	C:\Program Files\Microsoft\jdk-17.0.16.8-hotspot\bin\java.exe
0x00007ff9df400000 - 0x00007ff9df668000 	C:\WINDOWS\SYSTEM32\ntdll.dll
0x00007ff9ddee0000 - 0x00007ff9ddfa9000 	C:\WINDOWS\System32\KERNEL32.DLL
0x00007ff9dc8b0000 - 0x00007ff9dcca1000 	C:\WINDOWS\System32\KERNELBASE.dll
0x00007ff9dccb0000 - 0x00007ff9dcdfb000 	C:\WINDOWS\System32\ucrtbase.dll
0x00007ff9b8ae0000 - 0x00007ff9b8af8000 	C:\Program Files\Microsoft\jdk-17.0.16.8-hotspot\bin\jli.dll
0x00007ff9b8ac0000 - 0x00007ff9b8ade000 	C:\Program Files\Microsoft\jdk-17.0.16.8-hotspot\bin\VCRUNTIME140.dll
0x00007ff9def30000 - 0x00007ff9df0f6000 	C:\WINDOWS\System32\USER32.dll
0x00007ff9c6f90000 - 0x00007ff9c7223000 	C:\WINDOWS\WinSxS\amd64_microsoft.windows.common-controls_6595b64144ccf1df_6.0.26100.7705_none_3e06597ae3363b04\COMCTL32.dll
0x00007ff9dc7d0000 - 0x00007ff9dc7f7000 	C:\WINDOWS\System32\win32u.dll
0x00007ff9df310000 - 0x00007ff9df3b9000 	C:\WINDOWS\System32\msvcrt.dll
0x00007ff9ddd70000 - 0x00007ff9ddd9b000 	C:\WINDOWS\System32\GDI32.dll
0x00007ff9dbd70000 - 0x00007ff9dbe9b000 	C:\WINDOWS\System32\gdi32full.dll
0x00007ff9dc800000 - 0x00007ff9dc8a3000 	C:\WINDOWS\System32\msvcp_win.dll
0x00007ff9ddcd0000 - 0x00007ff9ddd01000 	C:\WINDOWS\System32\IMM32.DLL
0x00007ff9d0e80000 - 0x00007ff9d0e8c000 	C:\Program Files\Microsoft\jdk-17.0.16.8-hotspot\bin\vcruntime140_1.dll
0x00007ff9b7430000 - 0x00007ff9b74b9000 	C:\Program Files\Microsoft\jdk-17.0.16.8-hotspot\bin\msvcp140.dll
0x00007ff8f9fd0000 - 0x00007ff8fac4a000 	C:\Program Files\Microsoft\jdk-17.0.16.8-hotspot\bin\server\jvm.dll
0x00007ff9dde20000 - 0x00007ff9dded4000 	C:\WINDOWS\System32\ADVAPI32.dll
0x00007ff9dd540000 - 0x00007ff9dd5e6000 	C:\WINDOWS\System32\sechost.dll
0x00007ff9dd410000 - 0x00007ff9dd528000 	C:\WINDOWS\System32\RPCRT4.dll
0x00007ff9de710000 - 0x00007ff9de784000 	C:\WINDOWS\System32\WS2_32.dll
0x00007ff9dbb40000 - 0x00007ff9dbb9e000 	C:\WINDOWS\SYSTEM32\POWRPROF.dll
0x00007ff9d3e70000 - 0x00007ff9d3ea5000 	C:\WINDOWS\SYSTEM32\WINMM.dll
0x00007ff9d47a0000 - 0x00007ff9d47ab000 	C:\WINDOWS\SYSTEM32\VERSION.dll
0x00007ff9dbb20000 - 0x00007ff9dbb34000 	C:\WINDOWS\SYSTEM32\UMPDC.dll
0x00007ff9daa90000 - 0x00007ff9daaab000 	C:\WINDOWS\SYSTEM32\kernel.appcore.dll
0x00007ff9bfc80000 - 0x00007ff9bfc8a000 	C:\Program Files\Microsoft\jdk-17.0.16.8-hotspot\bin\jimage.dll
0x00007ff9d91c0000 - 0x00007ff9d9402000 	C:\WINDOWS\SYSTEM32\DBGHELP.DLL
0x00007ff9de790000 - 0x00007ff9deb16000 	C:\WINDOWS\System32\combase.dll
0x00007ff9deb20000 - 0x00007ff9debf7000 	C:\WINDOWS\System32\OLEAUT32.dll
0x00007ff9c1af0000 - 0x00007ff9c1b2b000 	C:\WINDOWS\SYSTEM32\dbgcore.DLL
0x00007ff9dd0f0000 - 0x00007ff9dd195000 	C:\WINDOWS\System32\bcryptPrimitives.dll
0x00007ff9b8a80000 - 0x00007ff9b8aa6000 	C:\Program Files\Microsoft\jdk-17.0.16.8-hotspot\bin\java.dll
0x00007ff9b7350000 - 0x00007ff9b7426000 	C:\Program Files\Microsoft\jdk-17.0.16.8-hotspot\bin\jsvml.dll
0x00007ff9ddfb0000 - 0x00007ff9de701000 	C:\WINDOWS\System32\SHELL32.dll
0x00007ff9dce00000 - 0x00007ff9dcf6a000 	C:\WINDOWS\System32\wintypes.dll
0x00007ff9dbea0000 - 0x00007ff9dc702000 	C:\WINDOWS\System32\windows.storage.dll
0x00007ff9dec30000 - 0x00007ff9ded26000 	C:\WINDOWS\System32\SHCORE.dll
0x00007ff9ddc60000 - 0x00007ff9ddcc7000 	C:\WINDOWS\System32\shlwapi.dll
0x00007ff9dbc00000 - 0x00007ff9dbc29000 	C:\WINDOWS\SYSTEM32\profapi.dll
0x00007ff9b7100000 - 0x00007ff9b711b000 	C:\Program Files\Microsoft\jdk-17.0.16.8-hotspot\bin\net.dll
0x00007ff9d4110000 - 0x00007ff9d4237000 	C:\WINDOWS\SYSTEM32\WINHTTP.dll
0x00007ff9db000000 - 0x00007ff9db06b000 	C:\WINDOWS\system32\mswsock.dll
0x00007ff9b70e0000 - 0x00007ff9b70f6000 	C:\Program Files\Microsoft\jdk-17.0.16.8-hotspot\bin\nio.dll
0x00007ff9b7330000 - 0x00007ff9b7348000 	C:\Program Files\Microsoft\jdk-17.0.16.8-hotspot\bin\zip.dll
0x00007ff9b8480000 - 0x00007ff9b848a000 	C:\Program Files\Microsoft\jdk-17.0.16.8-hotspot\bin\management.dll
0x00007ff9b77a0000 - 0x00007ff9b77ac000 	C:\Program Files\Microsoft\jdk-17.0.16.8-hotspot\bin\management_ext.dll
0x00007ff9dd530000 - 0x00007ff9dd538000 	C:\WINDOWS\System32\PSAPI.DLL
0x00007ff9b8970000 - 0x00007ff9b8980000 	C:\Program Files\Microsoft\jdk-17.0.16.8-hotspot\bin\verify.dll
0x00007ff9c1160000 - 0x00007ff9c1187000 	C:\Users\davin\.gradle\native\1def1411415f61bf3af743bc5b6707747c0891f09f0c88961ee8f79bc544acac\windows-amd64\native-platform.dll
0x00007ff9d05d0000 - 0x00007ff9d05da000 	C:\Users\davin\.gradle\native\jansi\1.18\windows64\jansi.dll
0x00007ff9da520000 - 0x00007ff9da554000 	C:\WINDOWS\SYSTEM32\IPHLPAPI.DLL
0x00007ff9df300000 - 0x00007ff9df30a000 	C:\WINDOWS\System32\NSI.dll
0x00007ff9d5c70000 - 0x00007ff9d5c8e000 	C:\WINDOWS\SYSTEM32\dhcpcsvc6.DLL
0x00007ff9d5c40000 - 0x00007ff9d5c63000 	C:\WINDOWS\SYSTEM32\dhcpcsvc.DLL
0x00007ff9da560000 - 0x00007ff9da68c000 	C:\WINDOWS\SYSTEM32\DNSAPI.dll
0x00007ff9b7320000 - 0x00007ff9b7329000 	C:\Program Files\Microsoft\jdk-17.0.16.8-hotspot\bin\extnet.dll
0x00007ff9db2d0000 - 0x00007ff9db2eb000 	C:\WINDOWS\SYSTEM32\CRYPTSP.dll
0x00007ff9da9f0000 - 0x00007ff9daa29000 	C:\WINDOWS\system32\rsaenh.dll
0x00007ff9db0b0000 - 0x00007ff9db0db000 	C:\WINDOWS\SYSTEM32\USERENV.dll
0x00007ff9dbbd0000 - 0x00007ff9dbbfa000 	C:\WINDOWS\SYSTEM32\bcrypt.dll
0x00007ff9db2c0000 - 0x00007ff9db2cc000 	C:\WINDOWS\SYSTEM32\CRYPTBASE.dll
0x00007ff9b70d0000 - 0x00007ff9b70de000 	C:\Program Files\Microsoft\jdk-17.0.16.8-hotspot\bin\sunmscapi.dll
0x00007ff9dcf70000 - 0x00007ff9dd0e7000 	C:\WINDOWS\System32\CRYPT32.dll
0x00007ff9db4e0000 - 0x00007ff9db510000 	C:\WINDOWS\SYSTEM32\ncrypt.dll
0x00007ff9db490000 - 0x00007ff9db4cf000 	C:\WINDOWS\SYSTEM32\NTASN1.dll
0x00007ff9d8f70000 - 0x00007ff9d8f78000 	C:\WINDOWS\system32\wshunix.dll

dbghelp: loaded successfully - version: 4.0.5 - missing functions: none
symbol engine: initialized successfully - sym options: 0x614 - pdb path: .;C:\Program Files\Microsoft\jdk-17.0.16.8-hotspot\bin;C:\WINDOWS\SYSTEM32;C:\WINDOWS\WinSxS\amd64_microsoft.windows.common-controls_6595b64144ccf1df_6.0.26100.7705_none_3e06597ae3363b04;C:\Program Files\Microsoft\jdk-17.0.16.8-hotspot\bin\server;C:\Users\davin\.gradle\native\1def1411415f61bf3af743bc5b6707747c0891f09f0c88961ee8f79bc544acac\windows-amd64;C:\Users\davin\.gradle\native\jansi\1.18\windows64

VM Arguments:
jvm_args: -Xmx64m -Xms64m -Dorg.gradle.appname=gradlew 
java_command: D:\FoodBook\android\\gradle\wrapper\gradle-wrapper.jar app:installDebug -PreactNativeDevServerPort=8081
java_class_path (initial): D:\FoodBook\android\\gradle\wrapper\gradle-wrapper.jar
Launcher Type: SUN_STANDARD

[Global flags]
     intx CICompilerCount                          = 12                                        {product} {ergonomic}
     uint ConcGCThreads                            = 3                                         {product} {ergonomic}
     uint G1ConcRefinementThreads                  = 13                                        {product} {ergonomic}
   size_t G1HeapRegionSize                         = 1048576                                   {product} {ergonomic}
    uintx GCDrainStackTargetSize                   = 64                                        {product} {ergonomic}
   size_t InitialHeapSize                          = 67108864                                  {product} {command line}
   size_t MarkStackSize                            = 4194304                                   {product} {ergonomic}
   size_t MaxHeapSize                              = 67108864                                  {product} {command line}
   size_t MaxNewSize                               = 39845888                                  {product} {ergonomic}
   size_t MinHeapDeltaBytes                        = 1048576                                   {product} {ergonomic}
   size_t MinHeapSize                              = 67108864                                  {product} {command line}
    uintx NonNMethodCodeHeapSize                   = 7602480                                {pd product} {ergonomic}
    uintx NonProfiledCodeHeapSize                  = 122027880                              {pd product} {ergonomic}
    uintx ProfiledCodeHeapSize                     = 122027880                              {pd product} {ergonomic}
    uintx ReservedCodeCacheSize                    = 251658240                              {pd product} {ergonomic}
     bool SegmentedCodeCache                       = true                                      {product} {ergonomic}
   size_t SoftMaxHeapSize                          = 67108864                               {manageable} {ergonomic}
     bool UseCompressedClassPointers               = true                           {product lp64_product} {ergonomic}
     bool UseCompressedOops                        = true                           {product lp64_product} {ergonomic}
     bool UseG1GC                                  = true                                      {product} {ergonomic}
     bool UseLargePagesIndividualAllocation        = false                                  {pd product} {ergonomic}

Logging:
Log output configuration:
 #0: stdout all=warning uptime,level,tags
 #1: stderr all=off uptime,level,tags

Environment Variables:
JAVA_HOME=C:\Program Files\Microsoft\jdk-17.0.16.8-hotspot
PATH=D:\FoodBook\node_modules\.bin;D:\FoodBook\node_modules\.bin;D:\node_modules\.bin;C:\Users\davin\AppData\Roaming\npm\node_modules\npm\node_modules\@npmcli\run-script\lib\node-gyp-bin;c:\Users\davin\AppData\Roaming\Code\User\globalStorage\github.copilot-chat\debugCommand;c:\Users\davin\AppData\Roaming\Code\User\globalStorage\github.copilot-chat\copilotCli;C:\Program Files\Microsoft\jdk-17.0.16.8-hotspot\bin;c:\Users\davin\AppData\Local\Programs\cursor\resources\app\bin;C:\Program Files\Python312\Scripts\;C:\WINDOWS\system32;C:\WINDOWS;C:\WINDOWS\System32\Wbem;C:\WINDOWS\System32\WindowsPowerShell\v1.0\;C:\WINDOWS\System32\OpenSSH\;C:\MinGW\bin;C:\Windows;C:\ProgramData\chocolatey\bin;C:\Program Files\MySQL\MySQL Shell 8.0\bin\;C:\Users\davin\AppData\Local\Microsoft\WindowsApps;C:\Program Files\JetBrains\IntelliJ IDEA Community Edition 2024.1.4\bin;C:\Users\davin\AppData\Roaming\npm;C:\Program Files\JetBrains\WebStorm 2024.2.0.1\bin;C:\WINDOWS\system32;C:\WINDOWS;C:\WINDOWS\System32\Wbem;C:\WINDOWS\System32\WindowsPowerShell\v1.0\;C:\WINDOWS\System32\OpenSSH\;C:\Program Files\php-8.4.3;C:\Program Files\Git\cmd;C:\Program Files\Git\mingw64\bin;C:\Program Files\Git\usr\bin;C:\Program Files\MongoDB\Server\8.0\bin;C:\Users\davin\AppData\Local\Android\Sdk\platforms;C:\Users\davin\AppData\Local\Android\Sdk\platform-tools;C:\Users\davin\AppData\Local\Android\Sdk\emulator;C:\Users\davin\AppData\Local\Android\Sdk\build-tools;C:\Users\davin\AppData\Local\Android\Sdk;C:\Program Files\Python312\;C:\Program Files\nodejs\;C:\Users\davin\AppData\Local\Android\Sdk\tools;C:\Program Files\MySQL\MySQL Shell 8.0\bin\;C:\Users\davin\AppData\Local\Microsoft\WindowsApps;C:\Users\davin\AppData\Local\Programs\Microsoft VS Code\bin;C:\Program Files\JetBrains\IntelliJ IDEA Community Edition 2024.1.4\bin;;C:\Program Files\JetBrains\WebStorm 2024.2.0.1\bin;;C:\Program Files\mongosh\;C:\Users\davin\AppData\Local\Android\Sdk;C:\Users\davin\AppData\Local\Android\Sdk\emulator;C:\Users\davin\AppData\Local\Android\Sdk\build-tools;C:\Users\davin\AppData\Local\Android\Sdk\platforms;C:\Program Files\Microsoft\jdk-17.0.16.8-hotspot\bin;C:\Users\davin\AppData\Local\Android\Sdk\platform-tools;C:\Users\davin\AppData\Roaming\npm;C:\Users\davin\AppData\Local\Programs\Windsurf\bin;C:\Users\davin\AppData\Local\Programs\cursor\resources\app\bin;c:\Users\davin\.vscode\extensions\vscjava.vscode-java-debug-0.58.5\bundled\scripts\noConfigScripts
USERNAME=davin
LANG=en_US.UTF-8
OS=Windows_NT
PROCESSOR_IDENTIFIER=AMD64 Family 25 Model 80 Stepping 0, AuthenticAMD
TMP=C:\Users\davin\AppData\Local\Temp
TEMP=C:\Users\davin\AppData\Local\Temp



Periodic native trim disabled


---------------  S Y S T E M  ---------------

OS:
 Windows 11 , 64 bit Build 26100 (10.0.26100.7705)
OS uptime: 0 days 1:12 hours
Hyper-V role detected

CPU: total 16 (initial active 16) (16 cores per cpu, 2 threads per core) family 25 model 80 stepping 0 microcode 0xa50000d, cx8, cmov, fxsr, ht, mmx, 3dnowpref, sse, sse2, sse3, ssse3, sse4a, sse4.1, sse4.2, popcnt, lzcnt, tsc, tscinvbit, avx, avx2, aes, erms, clmul, bmi1, bmi2, adx, sha, fma, vzeroupper, clflush, clflushopt, hv
Processor Information for processor 0
  Max Mhz: 3201, Current Mhz: 1802, Mhz Limit: 3201
Processor Information for processor 1
  Max Mhz: 3201, Current Mhz: 1802, Mhz Limit: 3201
Processor Information for processor 2
  Max Mhz: 3201, Current Mhz: 1802, Mhz Limit: 3201
Processor Information for processor 3
  Max Mhz: 3201, Current Mhz: 1882, Mhz Limit: 3201
Processor Information for processor 4
  Max Mhz: 3201, Current Mhz: 1802, Mhz Limit: 3201
Processor Information for processor 5
  Max Mhz: 3201, Current Mhz: 1802, Mhz Limit: 3201
Processor Information for processor 6
  Max Mhz: 3201, Current Mhz: 1802, Mhz Limit: 3201
Processor Information for processor 7
  Max Mhz: 3201, Current Mhz: 1882, Mhz Limit: 3201
Processor Information for processor 8
  Max Mhz: 3201, Current Mhz: 1802, Mhz Limit: 3201
Processor Information for processor 9
  Max Mhz: 3201, Current Mhz: 1802, Mhz Limit: 3201
Processor Information for processor 10
  Max Mhz: 3201, Current Mhz: 1802, Mhz Limit: 3201
Processor Information for processor 11
  Max Mhz: 3201, Current Mhz: 1882, Mhz Limit: 3201
Processor Information for processor 12
  Max Mhz: 3201, Current Mhz: 1882, Mhz Limit: 3201
Processor Information for processor 13
  Max Mhz: 3201, Current Mhz: 1882, Mhz Limit: 3201
Processor Information for processor 14
  Max Mhz: 3201, Current Mhz: 1882, Mhz Limit: 3201
Processor Information for processor 15
  Max Mhz: 3201, Current Mhz: 1882, Mhz Limit: 3201

Memory: 4k page, system-wide physical 15773M (4807M free)
TotalPageFile size 26411M (AvailPageFile size 4234M)
current process WorkingSet (physical memory assigned to process): 111M, peak: 139M
current process commit charge ("private bytes"): 179M, peak: 211M

vm_info: OpenJDK 64-Bit Server VM (17.0.16+8-LTS) for windows-amd64 JRE (17.0.16+8-LTS), built on Jul 10 2025 00:24:24 by "MicrosoftCorporation" with unknown MS VC++:1944

END.
